title,year,status,priority,owned,platforms,vr,rating,finished_year,hype,review,blog,tags,notes
.detuned,,not_interested,skip,,PS+ Premium,,,,,,,,
10 Classic SEGA Genesis Games,,not_interested,skip,yes,,no,,,,not_needed,,,
10 Second Ninja X,,not_interested,skip,no,PS4;PSV,no,,,,not_needed,,,
1000x resist,,not_interested,skip,no,,no,,,,,,,
1080° Snowboarding,,not_interested,skip,no,,no,,,,not_needed,,,
11-11 Memories Retold,2018,backlog,someday,no,,no,,,,,,emerytura,
18 Floors,,not_interested,skip,no,PSVR,,,,1,,,vr,
18 Wheels of Steel: Convoy,,not_interested,skip,no,Play,no,,,,not_needed,,,
1943,,not_interested,skip,no,,no,,,,not_needed,,,
198X,2019,not_interested,skip,no,,no,,,,not_needed,,,
2064: Read Only Memories,,not_interested,skip,no,PS4;PSV,no,,,,not_needed,,,
2084,,not_interested,skip,no,,no,,,,,,,
20XX,,not_interested,skip,no,Epic,no,,,,not_needed,,,
2Dark,,not_interested,skip,,PS+ Premium,,,,,,,,
2Xtreme,1996,not_interested,skip,,,,,,,,,można-olać,
3 Out of 10,2020,not_interested,skip,yes,Epic,no,,,,,,,
3 out of 10: Season Two,2021,not_interested,skip,yes,Epic,no,,,,,,,
300: March to Glory,,not_interested,skip,no,,no,,,,not_needed,,,
33 Immortals,,upcoming,,no,,no,,,,,,,
50 Cent: Blood on the Sand,,not_interested,skip,no,,no,,,,not_needed,,,
6 Degrees of Sabotage,,not_interested,skip,no,,no,,,,,,,
720°,,not_interested,skip,no,,no,,,,not_needed,,,
8-Bit Armies,,not_interested,skip,,PS+ Premium,,,,,,,,
868-HACK,,not_interested,skip,no,,no,,,,not_needed,,,
8Doors: Arum's Afterlife Adventure,,not_interested,skip,no,Prime Gaming,no,,,,,,,
9 Monkeys of Shaolin,,not_interested,skip,,PS+ Premium,,,,,,,,
99Vidas,,not_interested,skip,no,,no,,,,not_needed,,,
A Boy and His Blob,,not_interested,skip,no,,no,,,,not_needed,,,
A Farewell to Dragons,,not_interested,skip,no,Muve,no,,,,not_needed,,,
A Fisherman's Tale,2019,completed,,yes,PSVR,required,,2023,7,,,,
A Hat in Time,,not_interested,skip,no,,no,,,,not_needed,,,
A Mind Forever Voyaging,,not_interested,skip,no,,no,,,,not_needed,,,
A New Beginning,2010,not_interested,skip,no,,no,,,,,,,
A new beginning Odrodzenie,,not_interested,skip,no,CDA,no,,,,not_needed,,,
A Plague Tale Requiem,2022,completed,,no,Xbox Game Pass,no,,,,,yes,,
A Plague Tale: Innocence,2019,completed,,yes,PS5;Steam,no,,,,,yes,,
A Q*bert Rebooted Game,,not_interested,skip,no,,no,,,,not_needed,,,
A Quiet Place: The Road Ahead,,want_to_try,,no,,,,,,,,,
A Short Hike,,not_interested,skip,yes,Epic,no,,,,not_needed,,,
A Space for the Unbound,2023,not_interested,skip,,,,,,,,,można-olać,
A Story About My Uncle,2014,completed,,yes,Steam,no,,,,,yes,,
A Twisted Path to Renown,2024,backlog,someday,no,,,,,,,,emerytura,
A Vampyre Story,,not_interested,skip,no,CDA,no,,,,not_needed,,,
A Virus Named Tom,,not_interested,skip,no,PSV,no,,,,not_needed,,,
A Way Out,2018,completed,,yes,PS4,no,,,,,yes,,
A-Tech Cybernetic VR,,not_interested,skip,no,PSVR,,,,1,,,vr,
A.P.B.,,not_interested,skip,no,,no,,,,not_needed,,,
Aaero,2017,not_interested,skip,no,,no,,,,not_needed,,,
Aaru's Awakening,,not_interested,skip,no,PS4,no,,,,not_needed,,,
Abandon Ship,,not_interested,skip,yes,Amazon Prime,no,,,,not_needed,,,
Abiotic Factor,,want_to_try,,no,,,,,,,,,
Absolute Drift: Zen Edition,,not_interested,skip,yes,Epic,no,,,,not_needed,,,
Absolver,2017,backlog,someday,yes,PS4,no,,,,,,emerytura,
Abyss Odyssey,,not_interested,skip,no,,no,,,,not_needed,,,
Abzu,2016,played,,yes,Epic;PS4,no,,,,not_needed,,,
AC: Pirates!,,played,,yes,Android,no,,,,,,,
Accounting Plus,2017,backlog,,no,PSVR,yes,,,6,,,vr;fabuła,
Ace Combat 6: Fires of Liberation,,not_interested,skip,no,,no,,,,not_needed,,,
Ace Combat 7: Skies Unknown - (+ VR Mode),,completed,,yes,PSVR;PS+,optional,,,,,,,
Ace Combat Assault Horizon,,not_interested,skip,yes,Steam,no,,,,not_needed,,,
Ace of Seafood,,not_interested,skip,,PS+ Premium,,,,,,,,
Achilles: Legend Untold,,backlog,someday,no,,no,,,,,,emerytura,
Across the Grooves,,not_interested,skip,no,Amazon Prime,no,,,,,,,
ActRaiser,,not_interested,skip,no,,no,,,,not_needed,,,
Actual Sunlight,2014,completed,,yes,PSV,no,,,,,yes,,
Adios,2021,backlog,someday,no,Epic,no,,,,,,emerytura,
Adr1ft,2016,backlog,someday,yes,Steam,no,,,,not_needed,,emerytura,
Advance Wars,,not_interested,skip,no,,no,,,,not_needed,,,
Advance Wars 1+2: Re-Boot Camp,,not_interested,skip,no,,no,,,2,,,,
Advance Wars: Dual Strike,,not_interested,skip,no,,no,,,,not_needed,,,
Adventure,,not_interested,skip,no,,no,,,,not_needed,,,
Adventure Time: Pirates of the Enchiridion,,not_interested,skip,no,,no,,,,not_needed,,,
AEGIS DEFENDERS,,not_interested,skip,yes,Steam,no,,,,not_needed,,,
AER Memories of Old,2017,not_interested,skip,yes,Epic,no,,,,not_needed,,,
Afrika,,not_interested,skip,no,,no,,,,not_needed,,,
After the Fall,2021,limbo,,no,PSVR;PSVR2,yes,,,5,,,vr;brak-sprzętu,
After Us,,want_to_try,,no,,,,,,,,,
After Us,2023,not_interested,skip,,,,,,,,,można-olać,
Afterfall Insanity Extended Edition,2011,completed,,yes,PC;CDA,no,,,,done,yes,,
Aftermath,,upcoming,,no,,no,,,,,,,
Afterparty,2019,backlog,someday,no,,no,,,,,,emerytura,
Agains All Odds,,not_interested,skip,no,,no,,,,,,,
Agains the Storm,,want_to_try,,no,,,,,,,,,
Agatha Christie - The ABC Murders*,,not_interested,skip,,PS+ Premium,,,,,,,,
Age of Conan,2008,completed,,yes,PC,no,,,,done,yes,,
Age of Empires,,not_interested,skip,no,,no,,,,not_needed,,,
Age of Empires 4,,not_interested,skip,no,,no,,,,not_needed,,,
Age of Empires II,,played,,no,PC,no,,,,,,,
Age of Empires: Mythologies,,not_interested,skip,no,,no,,,,not_needed,,,
Age of Mythology,2002,not_interested,skip,no,,no,,,3,,,,
AGE OF WONDERS,,played,,yes,PC,no,,,,,,,
Age of Wonders 3,,not_interested,skip,no,Steam,no,,,,not_needed,,,
Age of Wonders 4,2023,backlog,someday,no,,no,,,5,,,emerytura,
Age of Wonders: Planetfall,,not_interested,skip,,PS+ Premium,,,,,,,,
Agents of Mayhem,,not_interested,skip,,PS+ Premium,,,,,,,,
Agony,,not_interested,skip,no,,no,,,,not_needed,,,
Aion,,played,,no,,no,,,,,,,
Air Conflicts: Pacific Carriers (PS4),,not_interested,skip,,PS+ Premium,,,,,,,,
Air Conflicts: Secret Wars*,,not_interested,skip,,PS+ Premium,,,,,,,,
Air Conflicts: Vietnam*,,not_interested,skip,,PS+ Premium,,,,,,,,
Airfix: Dogfighter,2000,played,,no,,,,,,,,,
Airline Tycoon,1999,played,,no,,,,,,,,,
Akalabeth: World of Doom,,not_interested,skip,yes,GOG,no,,,,not_needed,,,
Akiba's Beat*,,not_interested,skip,,PS+ Premium,,,,,,,,
AKIBA'S TRIP: Undead & Undressed *,,not_interested,skip,,PS+ Premium,,,,,,,,
Alan Wake (Remastered),2010,completed,,yes,Steam;Epic;PS5;PS4,no,,,,,yes,,
Alan Wake 2,2023,completed,high,no,,no,,2025,,,,,
Alan Wake's American Nightmare,2012,completed,,no,Steam;Epic,no,,,,,yes,,
Alba - A Wildlife Adventure,,not_interested,skip,no,Epic,no,,,,,,,
Albion Online,,played,skip,yes,,no,,,,not_needed,,można-olać,
Alder's Blood,,not_interested,skip,no,,no,,,,not_needed,,,
Alder's Blood Prologue,2020,not_interested,skip,yes,GOG,no,,,,not_needed,,,
Alekhine's Gun,,not_interested,skip,no,,no,,,,not_needed,,,
Alex Kidd in Miracle World,,not_interested,skip,no,,no,,,,not_needed,,,
Alex Kidd in Miracle World DX,2021,not_interested,skip,,,,,,,,,można-olać,
Alice: Madness Returns,2011,not_interested,skip,yes,PS3;Steam;Origin,no,,,,not_needed,,,
Alien Rage,,not_interested,skip,no,PS3,no,,,,not_needed,,,
Alien Resurrection,,not_interested,skip,no,PSX,no,,,,,,,
Alien Shooter: Gold Edition,,not_interested,skip,no,CDA,no,,,,not_needed,,,
Alien Soldier,,not_interested,skip,no,,no,,,,not_needed,,,
Alien Spidy*,,not_interested,skip,,PS+ Premium,,,,,,,,
Alien Zombie Death,,not_interested,skip,no,,no,,,,not_needed,,,
Alien: Isolation,2014,backlog,someday,yes,PS4;Epic,no,,,,,,emerytura,
ALIENATION,,not_interested,skip,yes,PS4,no,,,,not_needed,,,
Aliens vs Predator,,not_interested,skip,no,,no,,,,not_needed,,,
Aliens vs Predator 2,,not_interested,skip,no,,no,,,,not_needed,,,
Aliens vs Predator 2010,2010,not_interested,skip,no,,no,,,,not_needed,,,
Aliens: Colonial Marines,,not_interested,skip,no,,no,,,,not_needed,,,
Aliens: Dark Descent,,not_interested,skip,no,,no,,,2,,,,
All Zombies Must Die!*,,not_interested,skip,,PS+ Premium,,,,,,,,
Allods Online,2009,played,,no,,,,,,,,,
Alone in the Dark,2008,not_interested,skip,no,,no,,,,not_needed,,,
Alone in the Dark,2024,limbo,,no,,no,,,,,,,
Alone in the Dark (original),,not_interested,skip,no,,no,,,,not_needed,,,
Alone in the Dark 2,,not_interested,skip,no,,no,,,,not_needed,,,
Alone in the Dark 3,,not_interested,skip,no,,no,,,,not_needed,,,
Alone in the Dark : The New Nightmare (2001),2001,backlog,someday,,,,,,,,,emerytura,
Alone in the Dark: Inferno*,,not_interested,skip,,PS+ Premium,,,,,,,,
Alone in the Dark: The New Nightmare,,not_interested,skip,no,,no,,,,not_needed,,,
Along Together,,not_interested,skip,no,PSVR,,,,1,,,vr,
Alpacalypse,,not_interested,skip,no,,no,,,,not_needed,,,
Alpha Protocol,2010,completed,,yes,Steam,no,,,,,yes,,
Alter Ego,,not_interested,skip,no,,no,,,,not_needed,,,
Alter Ego (2010),,not_interested,skip,no,,no,,,,not_needed,,,
Alundra,,not_interested,skip,no,PSX,no,,,,,,,
Alvo VR,2021,limbo,,no,PSVR;PSVR2,yes,,,6,,,vr;brak-sprzętu,
American Fugitive,2019,not_interested,skip,no,,no,,,,not_needed,,,
American Mcgee's Alice,2000,not_interested,skip,yes,PS3,no,,,,not_needed,,,
Amnesia: A Machine for Pigs,,not_interested,skip,no,PS4;Steam;Epic,no,,,,not_needed,,,
Amnesia: Justine,,not_interested,skip,yes,PS4,no,,,,not_needed,,,
Amnesia: Memories,,not_interested,skip,no,PSV,no,,,,not_needed,,,
Amnesia: Rebirth,2020,not_interested,skip,yes,Epic,no,,,,,,,
Amnesia: The Bunker,2023,backlog,someday,no,,no,,,5,,,emerytura,
Amnesia: The Dark Descent,2010,backlog,someday,yes,Steam;PS4;Epic,no,,,3,,,emerytura,
Among the Sleep - Enhanced Edition,2017,not_interested,skip,yes,Steam;Epic,no,,,,not_needed,,,
Among Us,,played,,yes,Epic,no,,,,not_needed,,,
Amplitude,,not_interested,skip,no,,no,,,,not_needed,,,
Amplitude (2015),2015,played,,yes,PS3;PS4,no,,,,,,,
An Elder Scrolls Legend: Battlespire,1997,backlog,someday,no,,no,,,1,,,emerytura,
Anachronox,2001,not_interested,skip,no,,no,,,,not_needed,,,
Anacrusis,,not_interested,skip,no,,no,,,,not_needed,,,
Anarchy: Rush Hour*,,not_interested,skip,,PS+ Premium,,,,,,,,
Ancestors Legacy,2018,not_interested,skip,yes,Steam,no,,,,not_needed,,,
ANCESTORS THE HUMANKIND ODYSSEY,2019,not_interested,skip,no,,no,,,,not_needed,,,
Ancient Amuletor,,not_interested,skip,no,PSVR,,,,1,,,vr,
Ancient enemy,,not_interested,skip,no,Epic,no,,,,,,,
And Yet It Moves,,not_interested,skip,no,Steam,no,,,,not_needed,,,
Aneurism IV,,limbo,,no,,no,,,,,,,
Anger Foot,,want_to_try,,no,,,,,,,,,
Anger foot,,not_interested,skip,no,,no,,,,,,,
Angry Birds,2009,completed,,no,Android,no,,,,,yes,,
Angry Birds 2,2015,completed,,no,Android,no,,,,,yes,,
Angry Birds Rio,2011,played,,no,,,,,,,,,
Angry Birds Seasons,2010,played,,no,,,,,,,,,
Angry Birds Space,2012,played,,no,,,,,,,,,
Angry Birds Star Wars,,not_interested,skip,no,,no,,,,not_needed,,,
Angry Birds Star Wars 2,,not_interested,skip,no,,no,,,,not_needed,,,
Animal Crossing,,not_interested,skip,no,,no,,,,not_needed,,,
ANIMAL CROSSING: NEW LEAF,,not_interested,skip,no,,no,,,,not_needed,,,
Animal Crossing: Wild World,,not_interested,skip,no,,no,,,,not_needed,,,
Animal Well,2024,not_interested,skip,,,,,,,,,można-olać,
Anna: Extended Edition,,not_interested,skip,no,,no,,,,not_needed,,,
Anno 1404,2009,not_interested,skip,yes,Uplay,no,,,,,,,
Anno 1701: Dawn of Discovery,,not_interested,skip,no,,no,,,,not_needed,,,
Anno 1800,2019,not_interested,skip,no,,no,,,,not_needed,,,
Anno 1800 - Console Edition,2023,not_interested,skip,,,,,,,,,,
ANNO : Mutationem,2022,not_interested,skip,,,,,,,,,,
Anodyne 2: Return to Dust,,not_interested,skip,yes,Epic,no,,,,not_needed,,,
Anomaly 2,,not_interested,skip,no,,no,,,,not_needed,,,
Anomaly Korea,,not_interested,skip,no,,no,,,,not_needed,,,
Anomaly Warzone Earth,2011,completed,,yes,Android;Steam,no,,,,,yes,,
Another World - 20th Anniversary Edition,1991,not_interested,skip,no,PS3;PS4;PSV,no,,,,,,,
Anthem,,not_interested,skip,no,,no,,,,not_needed,,,
Antichamber,2013,not_interested,skip,no,,no,,,,,,,
Antstream Arcade,,not_interested,skip,yes,Epic,no,,,,not_needed,,,
AO Tennis 2,,not_interested,skip,,PS+ Premium,,,,,,,,
Ape Escape (PS1/PS4/PS5),,not_interested,skip,,PS+ Premium,,,,,,,,
Ape Escape 2,,not_interested,skip,,PS+ Premium,,,,,,,,
Ape Out,2019,not_interested,skip,yes,Epic,no,,,,not_needed,,,
Apex Construct,,completed,,yes,PSVR,required,,2023,,,,,
Apocalypse,,not_interested,skip,no,PSX,no,,,,,,,
Apotheon,,not_interested,skip,yes,PS4,no,,,,,,,
Aqua Panic!*,,not_interested,skip,,PS+ Premium,,,,,,,,
Ar nosurge: Ode to an Unborn Star*,,not_interested,skip,,PS+ Premium,,,,,,,,
Aragami 2,2021,backlog,someday,no,,no,,,,,,emerytura,
Aragami: Shadow Edition,2016,backlog,someday,yes,PS4;Steam,no,,,,,,emerytura,
Arashi: Castles of Sin - Final Cut,2021,limbo,high,no,PSVR;PSVR2,yes,,,7,,,vr;brak-sprzętu,
ARC RAIDERS,,playing,,no,,,,,,,,regularne;multiplayer,
Arc the Lad: Twilight of the Spirits,,not_interested,skip,,PS+ Premium,,,,,,,,
Arca's Path,,not_interested,skip,no,PSVR,,,,1,,,vr,
Arcadegeddon,,not_interested,skip,no,PS5;PS4,no,,,,,,,
Arcana Heart 3 LOVE MAX!!!!!*,,not_interested,skip,,PS+ Premium,,,,,,,,
Arcana Heart 3*,,not_interested,skip,,PS+ Premium,,,,,,,,
Arcania: Gothic 4,2010,playing,,yes,CDA;PS4,no,,,,,,,
Arcanum: Of Steamworks and Magick Obscura,2001,backlog,someday,no,,no,,,3,,,emerytura,
Archangel,2017,backlog,high,yes,PSVR,yes,,,6,,,vr,
ArcheAge,,played,,no,,no,,,,,,,
Archer: The Witch’s Wrath,,upcoming,,no,,no,,,,,,,
Archlord,,played,,no,,no,,,,,,,
Archon,,not_interested,skip,no,,no,,,,not_needed,,,
Arco,,not_interested,skip,no,,no,,,,,,,
Arco,2024,backlog,someday,,,,,,,,,emerytura;chcę-zagrać,
Arctic Awakening,,upcoming,,no,,no,,,,,,,
Arise: A Simple Story,2019,backlog,someday,no,,no,,,4,,,emerytura,
Arizona Sunshine,2016,backlog,someday,yes,PSVR,required,,,6,,,emerytura,
Ark: Survival Evolved,2016,not_interested,skip,yes,Epic;PS4,no,,,,not_needed,,,
Arkanoid,1986,not_interested,skip,no,,no,,,,not_needed,,,
ARKEDO SERIES,,not_interested,skip,no,PS3,no,,,,not_needed,,,
Arktika 1,,limbo,,no,,,,,,,,vr;brak-sprzętu,
Arma II,,not_interested,skip,no,CDA,no,,,,,,,
ArmA: Armed Assault,,not_interested,skip,no,,no,,,,not_needed,,,
Armadillo Run,,not_interested,skip,no,,no,,,,not_needed,,,
Armageddon Riders,,not_interested,skip,,PS+ Premium,,,,,,,,
Armies of Exigo,,not_interested,skip,no,CDA,no,,,,not_needed,,,
Armikrog,2015,backlog,someday,yes,Steam,no,,,,,,emerytura,
Armored Core VI: Fires of Rubicon,2023,backlog,someday,no,,no,,,7,,,emerytura;nie-pali-się,
Arms,,not_interested,skip,no,Xbox Game Pass,no,,,,not_needed,,,
Army of Two,,played,,no,,no,,,,not_needed,,,
Army of Two: Devil's Cartel,,not_interested,skip,no,,no,,,,not_needed,,,
Army of Two: The 40th Day,,not_interested,skip,no,,no,,,,not_needed,,,
Art Style: Intersect,,not_interested,skip,no,,no,,,,not_needed,,,
Art Style: Orbient,,not_interested,skip,no,,no,,,,not_needed,,,
Arx Fatalis,2002,not_interested,skip,yes,Steam,no,,,,not_needed,,,
As Dusk Falls,2022,completed,someday,no,Xbox Game Pass,no,,2025,,,,,
As Far as the Eye,,not_interested,skip,no,Amazon,no,,,,not_needed,,,
Asgard's Wrath 2,,limbo,,no,,no,,,,,,vr;brak-sprzętu,
Ash of Gods Redemption,,not_interested,skip,,PS+ Premium,,,,,,,,
Ashen,2018,backlog,someday,no,,no,,,,,,emerytura,
Ashes of the Singularity: Escalation,,not_interested,skip,yes,Steam,no,,,,not_needed,,,
Ashwalkers: A Survival Journey,,not_interested,skip,no,Amazon,no,,,,not_needed,,,
Assassin's Creed,2007,completed,,yes,PS3;Steam,no,,,,,yes,,
Assassin's Creed 2 GOTY (Ezio Collection),2009,completed,,yes,PS3;Uplay,no,,,,,yes,,
Assassin's Creed 2: Discovery,,not_interested,skip,no,,no,,,,,,,
Assassin's Creed Bloodlines,2009,backlog,someday,no,PSP,no,,,,,,emerytura,
Assassin's Creed Chronicles: China,2015,backlog,someday,yes,Uplay,no,,,,,,emerytura,
Assassin's Creed Chronicles: India,2015,backlog,someday,yes,Uplay,no,,,,,,emerytura,
Assassin's Creed Chronicles: Russia,2016,backlog,someday,yes,Uplay,no,,,,,,emerytura,
Assassin's Creed Identity,,not_interested,skip,no,Android,no,,,,not_needed,,,
Assassin's Creed III Edycja Washingtona,2012,completed,,yes,PS4;PS3,no,,,5,done,yes,wrócić,
Assassin's Creed III: Freedom Cry,2013,completed,,yes,PS3;PS4,no,,,,,yes,,
Assassin's Creed III: Liberation (HD Remastered),2012,completed,,yes,PSV;PS4,no,3,,,,yes,,
Assassin's Creed IV Black Flag,2013,completed,,yes,PC;PS3;PS4,no,,,7,done,yes,wrócić,
Assassin's Creed Mirage,2023,completed,,no,,no,,2024,,,,,
Assassin's Creed Odyssey (+ DLC),2018,completed,,yes,PS4,no,,,7,done,yes,dodatki-do-ogrania,
Assassin's Creed Origins (+ DLC),2017,completed,,yes,PS4,no,,,7,,yes,dodatki-do-ogrania,
Assassin's Creed Rogue,2014,completed,,yes,PS3,no,,,6,,yes,wrócić,
Assassin's Creed Unity,2014,completed,,yes,PS4,no,,,6,done,yes,wrócić,
Assassin's Creed Valhalla (+ DLC),2020,completed,,yes,PS4;PS5,no,5,,7,,yes,dodatki-do-ogrania,
Assassin's Creed: Altair's Chronicles,,not_interested,skip,no,,no,,,,,,,
Assassin's Creed: Brotherhood (Ezio Collection),2010,completed,,yes,PS3;PS4,no,,,,,yes,,
Assassin's Creed: Revelations (Ezio Collection),2011,completed,,yes,PS3;PS4,no,,,5,,yes,wrócić,
Assassin's Creed: Shadows,2025,completed,,no,,no,5,2025,,,,wrócić,
Assassin's Creed: Syndicate (+ DLC Kuba Rozpruwacz),2015,completed,,yes,PS4;Epic,no,,,6,,yes,wrócić,
Assetto Corsa Competizione,2018,not_interested,skip,,,,,,,,,można-olać,
Astebreed,,not_interested,skip,,PS+ Premium,,,,,,,,
Asterix,,not_interested,skip,no,PSX,no,,,,,,,
Asteroids,,not_interested,skip,no,,no,,,,not_needed,,,
Astral Chain,2019,backlog,someday,no,Nintendo Switch,no,,,,,,emerytura,
Astro Bot,2024,limbo,,no,PS5,no,,,,,,,
Astro Bot Rescue Mission,2018,backlog,high,yes,PSVR,required,,,7,,,vr,
Astro Boy: Omega Factor,,not_interested,skip,no,,no,,,,not_needed,,,
Astro's Playroom,2020,limbo,,yes,PS5,no,,,,,,,
Astrologaster,,not_interested,skip,no,Amazon Prime,no,,,,,,,
Astroneer,,played,,no,,no,,,,,,,
Asura's Wrath,2012,completed,someday,no,PS3;PS+ Premium,no,,,,,,,
Atari Flashback Classics Vol. 1*,,not_interested,skip,,PS+ Premium,,,,,,,,
Atari Flashback Classics Vol. 2*,,not_interested,skip,,PS+ Premium,,,,,,,,
Atelier Ayesha: The Alchemist of Dusk*,,not_interested,skip,,PS+ Premium,,,,,,,,
Atelier Escha & Logy ~Alchemists of the Dusk Sky~*,,not_interested,skip,,PS+ Premium,,,,,,,,
Atelier Meruru - The Alchemist of Arland 3 -*,,not_interested,skip,,PS+ Premium,,,,,,,,
Atelier Rorona Plus: The Alchemist of Arland*,,not_interested,skip,,PS+ Premium,,,,,,,,
Atelier Shallie ~Alchemists of the Dusk Sea~*,,not_interested,skip,,PS+ Premium,,,,,,,,
Atlantica Online,,played,,no,,no,,,,,,,
Atlas,,backlog,someday,no,,no,,,4,,,emerytura,
Atlas Fallen,2023,backlog,someday,no,Xbox Game Pass,no,,,,,,emerytura;nie-pali-się,
Atomfall,2025,completed,high,no,,no,4,2025,,,,,
Atomic Heart,,completed,,no,Xbox Game Pass,no,4,2023,,,,,
Atomic Ninjas,,not_interested,skip,no,PSV,no,,,,not_needed,,,
Audica,2019,backlog,someday,no,PSVR,required,,,5,,,emerytura,
Audiosurf,,not_interested,skip,no,,no,,,,not_needed,,,
Auditorium,,not_interested,skip,no,,no,,,,not_needed,,,
Automachef,,not_interested,skip,yes,Epic,no,,,,not_needed,,,
Avadon: The Black Fortress,,not_interested,skip,no,Steam,no,,,,not_needed,,,
Avatar: Frontiers of Pandora,2023,limbo,someday,no,,no,,,,,,nie-pali-się,
Avatar: Gra komputerowa,2009,backlog,someday,no,,,,,,,,emerytura,
Aven Colony,,not_interested,skip,yes,Epic,no,,,,not_needed,,,
AVICII Invector,,not_interested,skip,,PS+ Premium,,,,,,,,
Avowed,2025,completed,,no,,no,4,2025,,,,,
Awesomenauts,,played,,yes,PS+,no,,,,,,,
Axelay,,not_interested,skip,no,,no,,,,not_needed,,,
Axiom Verge,,not_interested,skip,no,PSV,no,,,,not_needed,,,
Axiom Verge 2,,not_interested,skip,no,Epic,no,,,,not_needed,,,
Azkend 2,,not_interested,skip,yes,PS4;PSV,no,,,,not_needed,,,
Aztez,,not_interested,skip,yes,Epic,no,,,,not_needed,,,
B.A.S.E. Jumping,,not_interested,skip,no,Click,no,,,,not_needed,,,
Babel Rising,,played,,no,,no,,,,,,,
Babylon's Fall,2022,not_interested,skip,no,,no,,,,,,,
Back 4 Blood,2021,played,,no,PS+ Premium,no,,,,,,,
Back to Bed*,,not_interested,skip,,PS+ Premium,,,,,,,,
Back to the Future,,not_interested,skip,no,,no,,,,not_needed,,,
Bad Day LA,2006,played,,no,CDA,no,,,,,yes,,
Bad Mojo Redux,1996,not_interested,skip,no,,no,,,,not_needed,,,
Bad North: Jotunn Edition,2018,not_interested,skip,yes,Epic;Android,no,,,,not_needed,,,
Badland: GOTY,,not_interested,skip,no,PS4;PS3;PSV,no,,,,,,,
BAFL - Brakes Are For Losers,,not_interested,skip,yes,Amazon,no,,,,not_needed,,,
Baja: Edge of Control HD,,not_interested,skip,,PS+ Premium,,,,,,,,
Balan Wonderworld,,not_interested,skip,,PS+ Premium,,,,,,,,
Balatro,,played,,no,,no,,,,,,,
BALDUR'S GATE 2 COMPLETE,2000,not_interested,skip,yes,GOG,no,,,,not_needed,,,
Baldur's Gate II: Enhanced Edition,2000,completed,,yes,PS4,no,,,,,yes,,
Baldur's Gate III,2023,completed,,yes,PS5,no,,2026,,,,wrócić,
Baldur's Gate: Dark Alliance,2001,backlog,someday,no,,no,,,3,,,emerytura,
Baldur's Gate: Dark Alliance 2,2004,backlog,someday,no,,no,,,,,,emerytura,
Baldur's Gate: Enhanced Edition,1998,completed,,yes,PS4,no,,,,,yes,,
BALDUR'S GATE: THE ORIGINAL SAGA,1998,not_interested,skip,yes,GOG,no,,,,not_needed,,,
Baldur’s Gate: Dark Alliance II,2004,not_interested,skip,no,,no,,,,,,,
Ballblazer,,not_interested,skip,no,,no,,,,not_needed,,,
Bandit Six: Combined Arms,,not_interested,skip,no,PSVR,,,,1,,,vr,
Bang Bang Racing,,not_interested,skip,no,Prime Gaming,no,,,,,,,
Bang Bang Racing*,,not_interested,skip,,PS+ Premium,,,,,,,,
Bangai-O,,not_interested,skip,no,,no,,,,not_needed,,,
Bangai-O Spirits,,not_interested,skip,no,,no,,,,not_needed,,,
Banishers: Ghosts of New Eden,2024,completed,normal,no,,no,,2025,,,,nie-pali-się,
Banjo-Kazooie,,not_interested,skip,no,,no,,,,not_needed,,,
Banjo-Kazooie: Nuts & Bolts,,not_interested,skip,no,,no,,,,not_needed,,,
Banjo-Tooie,,not_interested,skip,no,,no,,,,not_needed,,,
Bank Panic,,not_interested,skip,no,,no,,,,not_needed,,,
Barony,,not_interested,skip,yes,Epic,no,,,,not_needed,,,
Bastion,2011,completed,,yes,Steam,no,,,,,yes,,
Batman Arkham VR,,completed,,yes,PSVR,required,,2023,,,,,
Batman: Arkham Asylum GOTY,2009,completed,,yes,Steam;Epic,no,,,,,yes,,
Batman: Arkham City (GOTY na PC),2011,completed,,yes,Steam;PS3;Epic,no,,,,,yes,,
Batman: Arkham Knight (+ Season Pass),2015,completed,,yes,PS4;PS+;Epic,no,,2015,7,done,yes,dodatki-do-ogrania,
Batman: Arkham Origins,2013,completed,,yes,Steam,no,,,,,yes,,
Batman: Arkham Origins Blackgate,2013,not_interested,skip,no,PSV,no,,,,not_needed,,,
Batman: Arkham Shadow,,want_to_try,,no,,,,,,,,,
Batman: Arkham Shadow,2024,limbo,high,,,,,,,,,vr;brak-sprzętu;chcę-zagrać,
Batman: The Enemy Within,2017,backlog,someday,no,,no,,,,,,emerytura,
Batman: The Telltale Series,2016,backlog,someday,yes,PS4,no,,,,,,emerytura,
Battalion Wars,,not_interested,skip,no,,no,,,,not_needed,,,
Battle Arena Toshinden,1995,not_interested,skip,no,PS Classic,no,,,,not_needed,,,
Battle Breakers,,not_interested,skip,no,Epic,no,,,,not_needed,,,
Battle Brothers,,not_interested,skip,no,,no,,,,not_needed,,,
Battle Chasers: Nightwar,,not_interested,skip,,PS+ Premium,,,,,,,,
Battle Chess,1988,not_interested,skip,no,,,,,,,,,
Battle Fantasia*,,not_interested,skip,,PS+ Premium,,,,,,,,
BATTLE OF TILES EX*,,not_interested,skip,,PS+ Premium,,,,,,,,
Battle Princess of Arcadias*,,not_interested,skip,,PS+ Premium,,,,,,,,
Battle Zone,,not_interested,skip,no,,no,,,,not_needed,,,
Battleborn,,played,,no,,no,,,,,,,
Battlefield 1,2016,playing,,yes,PS4,no,,,7,not_needed,yes,regularne;multiplayer,
Battlefield 1942,2002,completed,,no,,no,,,,,yes,,
Battlefield 1943,,played,,no,,no,,,,,,,
Battlefield 2,,played,,no,,no,,,,,,,
Battlefield 2042,2021,completed,high,yes,PS5,no,,,7,,yes,,
Battlefield 3,2011,completed,,yes,Origin;PS+,no,,,,,yes,,
Battlefield 4,2013,completed,,yes,PS4,no,,,,,yes,,
Battlefield 6,2025,playing,,yes,,no,,2025,,,,regularne;multiplayer,
Battlefield Heroes,,played,,no,,no,,,,,,,
Battlefield Play4Free,2011,played,,no,,,,,,,,,
Battlefield V,2018,completed,normal,yes,PS4,no,4,,7,,yes,,
Battlefield: Bad Company,2010,completed,,no,PS3,no,,,,done,yes,,
Battlefield: Bad Company 2,2010,completed,,no,PS3,no,,,,,yes,,
Battlefield: Hardline,2015,completed,,no,PC,no,,,,,yes,,
Battletech,2018,not_interested,skip,no,,no,,,,not_needed,,,
Battletoads,,not_interested,skip,no,,no,,,,not_needed,,,
Battlewake,,not_interested,skip,no,PSVR,yes,,,1,,,vr,
Battlezone,,not_interested,skip,no,PSVR,required,,,1,,,vr,
Bayonetta,2010,completed,,yes,PS3,no,,,,,yes,,
Bayonetta 2,2014,limbo,,no,Wii U,no,,,8,,,,
Bayonetta 3,2022,backlog,someday,no,,no,,,7,,,emerytura,
Bayonetta Origins: Cereza and the Lost Demon,2023,backlog,someday,no,,no,,,6,,,emerytura,
Beach Volleyball,,not_interested,skip,no,PC,no,,,,not_needed,,,
Beasts of Maravilla Island,,not_interested,skip,no,,no,,,,,,,
Beat Blaster,,not_interested,skip,no,PSVR,,,,1,,,vr,
Beat Cop,2017,not_interested,skip,no,Android,no,,,,not_needed,,,
Beat Hazard,,not_interested,skip,no,Steam,no,,,,not_needed,,,
Beat Me!,,not_interested,skip,no,,no,,,,not_needed,,,
BEAT SABER,2019,playing,,yes,PSVR;PSVR2,required,,,9,,,regularne;multiplayer,
Beatmania,,not_interested,skip,no,,no,,,,not_needed,,,
Bee Simulator,,not_interested,skip,,PS+ Premium,,,,,,,,
Beholder,,not_interested,skip,no,Steam,no,,,,not_needed,,,
Bejeweled 2,,not_interested,skip,no,,no,,,,not_needed,,,
Bejeweled Twist,,not_interested,skip,no,,no,,,,not_needed,,,
Bellator MMA Onslaught,,not_interested,skip,,PS+ Premium,,,,,,,,
Ben 10 : Power Trip,2020,not_interested,skip,,,,,,,,,można-olać,
Beneath a Steel Sky,1994,backlog,someday,no,GOG,no,,,,,,emerytura,
Besiege,,not_interested,skip,no,,no,,,,not_needed,,,
Betrayer,,not_interested,skip,no,,no,,,,not_needed,,,
Beyond a Steel Sky,2020,backlog,someday,no,,no,,,,,,emerytura,
Beyond Divinity,2004,backlog,someday,no,,no,,,,,,emerytura,
Beyond Good & Evil,2003,completed,,yes,PS3,no,,,,,yes,,
Beyond Good and Evil 2,,upcoming,,no,,no,,,,,,,
Beyond: Two Souls,2013,completed,,yes,PS4,no,,,,todo,yes,,
Big Sky Infinity,,not_interested,skip,no,PSV;PS3,no,,,,not_needed,,,
Binary Domain,2012,completed,,yes,Steam,no,,,,,yes,,
Bio Menace (Facet z wąsami),1993,played,,yes,GOG,no,,,,,,,
BioForge,,not_interested,skip,no,,no,,,,not_needed,,,
BIOHAZARD: The Darkside Chronicles*,,not_interested,skip,,PS+ Premium,,,,,,,,
Biomutant,2021,backlog,someday,yes,PS5;PS4,no,,,7,,,emerytura;nie-pali-się,
Bionic Commando,2009,completed,,no,PS3,no,,,,,yes,,
Bionic Commando (classic),,not_interested,skip,no,,no,,,,not_needed,,,
Bionic Commando Rearmed,,not_interested,skip,no,,no,,,,not_needed,,,
Bionic Commando Rearmed 2,,not_interested,skip,no,,no,,,,not_needed,,,
Bioshock,2007,completed,,yes,Steam;PS4;Epic,no,,,,,yes,,
Bioshock 2,2010,completed,,yes,Steam;PS3;PS4;Epic,no,,,,,yes,,
Bioshock: Infinite,2013,completed,,yes,Steam;PS3;PS4;Epic,no,,,,,yes,,
Biped,2020,not_interested,skip,,,,,,,,,można-olać,
Bit. Trip Core,,not_interested,skip,no,,no,,,,not_needed,,,
BIT.TRIP Presents... Runner2: Future Legend of Rhythm Alien*,,not_interested,skip,,PS+ Premium,,,,,,,,
BIT.TRIP RUNNER,,not_interested,skip,no,Steam,no,,,,not_needed,,,
Black,,backlog,someday,no,,no,,,,not_needed,,emerytura,
Black & White,,played,,no,,no,,,,,,,
Black & White 2,,played,,no,,no,,,,,,,
Black Desert,2015,played,someday,yes,PS4;Steam,no,,,,,,nie-pali-się;można-olać,
Black Knight Sword,,not_interested,skip,,PS+ Premium,,,,,,,,
Black Mesa (HL Remake),2015,limbo,,yes,Steam,no,,,7,,,,
Black Mirror (2017),2017,backlog,someday,no,,no,,,,,,emerytura,
Black Myth: Wukong,2024,limbo,,no,,no,,,,,,,
Black Ops Declassified,,not_interested,skip,no,,no,,,,not_needed,,,
Black the Fall,2017,not_interested,skip,no,,no,,,,not_needed,,,
Black Widow: Recharged,,not_interested,skip,no,Epic,no,,,,not_needed,,,
Blackout Club,2018,not_interested,skip,no,,no,,,,not_needed,,,
BLACKSAD: UNDER THE SKIN,2019,backlog,someday,no,,no,,,,,,emerytura,
Blacktail,2022,backlog,someday,no,,no,,,,,,emerytura,
Blade & Soul,,played,,no,,no,,,,,,,
Blade Runner,1997,backlog,someday,no,GOG,no,,,,not_needed,,emerytura,
Blade runner 2033: Labirynth,,upcoming,,no,,no,,,,,,,
Blades of Fire,,want_to_try,,no,,,,,,,,,
Blades of Time,,not_interested,skip,no,Steam,no,,,,not_needed,,,
BLADESTORM: Nightmare,,not_interested,skip,,PS+ Premium,,,,,,,,
Bladestorm: The Hundred Years' War*,,not_interested,skip,,PS+ Premium,,,,,,,,
Blair Witch,,not_interested,skip,yes,Epic,no,,,,not_needed,,,
Blair Witch VR,,not_interested,skip,no,PSVR,,,,1,,,vr,
Blanc,2023,backlog,someday,no,,no,,,5,,,emerytura,
Blaseball,2020,backlog,someday,no,,no,,,,,,emerytura,
Blasphemous,2019,backlog,someday,no,PS+ Premium,,,,,,,emerytura,
Blasphemous 2,,backlog,someday,no,,no,,,,,,emerytura,
Blast Corps,,not_interested,skip,no,,no,,,,not_needed,,,
Blasteroids,,not_interested,skip,no,,no,,,,not_needed,,,
Blasters of The Universe,,not_interested,skip,no,PSVR,,,,1,,,vr,
BlazBlue: Calamity Trigger,,not_interested,skip,no,,no,,,,not_needed,,,
BlazBlue: Continuum Shift EXTEND,,not_interested,skip,,PS+ Premium,,,,,,,,
Blazerush,,not_interested,skip,yes,PS3,no,,,,not_needed,,,
Blazing Angels 2: Secret Missions of WWII,,not_interested,skip,no,,no,,,,not_needed,,,
Bleed 2,,not_interested,skip,no,,no,,,,not_needed,,,
Bleeding Edge,2020,not_interested,skip,no,,no,,,,not_needed,,,
Blight: Survival,,upcoming,,no,,no,,,,,,,
Blood & Truth,,completed,,yes,PSVR,required,,2023,,,,,
Blood Bowl 3,2023,not_interested,skip,,,,,,,,,można-olać,
Blood Bowl: Legendary Edition,,not_interested,skip,no,Steam,no,,,,not_needed,,,
Blood Knights,,not_interested,skip,no,PS3,no,,,,not_needed,,,
Blood Omen: Legacy of Kain,1996,completed,,no,,no,,2024,1,,,,
Bloodborne,2015,completed,,yes,PS4,no,,,,not_needed,,wrócić,
Bloodrayne,2002,not_interested,skip,no,,no,,,,not_needed,,,
Bloodrayne 2,2004,not_interested,skip,no,CDA,no,,,,not_needed,,,
BloodRayne: Betrayal,,not_interested,skip,,PS+ Premium,,,,,,,,
Bloodstained: Ritual of the Night,,not_interested,skip,,PS+ Premium,,,,,,,,
Bloody Zombies,,not_interested,skip,no,PSVR,,,,1,,,vr,
Blue Fire,2021,not_interested,skip,yes,Amazon,no,,,,,,,
Blue Prince,,limbo,,no,,no,,,,,,,
Body Harvest,,not_interested,skip,no,,no,,,,,,,
Body Harvest,,not_interested,skip,no,,no,,,,not_needed,,,
Bodycount,,not_interested,skip,no,,no,,,,not_needed,,,
Bolt*,,not_interested,skip,,PS+ Premium,,,,,,,,
Bomb Jack,,not_interested,skip,no,,no,,,,not_needed,,,
Bomber Crew,,not_interested,skip,,PS+ Premium,,,,,,,,
Bomberman,,not_interested,skip,no,,no,,,,not_needed,,,
Bombing Busters,,not_interested,skip,no,,no,,,,not_needed,,,
Bonfire,,not_interested,skip,no,PSVR,,,,1,,,vr,
Bonsai Barber,,not_interested,skip,no,,no,,,,not_needed,,,
Bookworm,,not_interested,skip,no,,no,,,,not_needed,,,
Boom Blox Bash Party,,not_interested,skip,no,,no,,,,not_needed,,,
Boomerang X,2021,backlog,someday,no,,no,,,,,,emerytura,
Boot Hill,,not_interested,skip,no,,no,,,,not_needed,,,
Borderlands 2 (The Handsome Collection),2012,limbo,,yes,PS4;PS3;Epic,no,,,,,,,
Borderlands 2 VR,,not_interested,skip,no,PSVR,,,,1,,,vr,
Borderlands 3,2019,backlog,someday,yes,Stadia;Epic,no,,,,,,emerytura,
Borderlands 4,,want_to_try,,no,,,,,,,,,
Borderlands [GOTY],2009,completed,,yes,PS3;PS4,no,,2025,,,,,
Borderlands: The Pre-Sequel (The Handsome Collection),2014,backlog,someday,yes,PS4;Epic,no,,,,not_needed,,emerytura,
Botanicula,2012,played,,yes,Humble,no,,,,,yes,,
Botany Manor,2024,not_interested,skip,,,,,,,,,,
Boulder Dash,,not_interested,skip,no,,no,,,,not_needed,,,
Bound (+ VR),2017,completed,normal,yes,PS4;PSVR,optional,,,5,,,można-olać,
Bound by Flame,2014,backlog,someday,no,PS3;PS4,no,,,4,not_needed,,emerytura,
Bounty Bob Strikes Back,,not_interested,skip,no,,no,,,,not_needed,,,
Bounty star,,upcoming,,no,,no,,,,,,,
Bow to Blood,,not_interested,skip,no,PSVR,,,,1,,,vr,
BoxVR,2017,not_interested,skip,no,PSVR,required,,,4,,,vr,
Braid,2008,completed,,yes,Steam,no,,,,,yes,,
Brave Fencer Musashi,,not_interested,skip,no,PSX,no,,,,,,,
Bravo Team,,not_interested,skip,no,PSVR,,,,1,,,vr,
Brawlout,,not_interested,skip,,PS+ Premium,,,,,,,,
Breakout,,not_interested,skip,no,,no,,,,not_needed,,,
Breath of Fire II,,not_interested,skip,no,,no,,,,not_needed,,,
Breath of Fire III,,not_interested,skip,no,PSX,no,,,,,,,
Breathedge,,not_interested,skip,no,,no,,,,,,,
Bridge Constructor: The Walking Dead,,not_interested,skip,no,Epic,no,,,,not_needed,,,
Bridge Project,,played,,no,PC,no,,,,,,,
Brigador,,not_interested,skip,yes,GOG,no,,,,not_needed,,,
Brigandine,,not_interested,skip,no,PSX,no,,,,,,,
Bright Memory Infinite,2019,backlog,someday,no,,no,,,,,,emerytura,
Brink,,played,,no,,no,,,,,,,
Broforce,,not_interested,skip,no,PS4,no,,,,,,,
Broken Age,2014,not_interested,skip,yes,PS4;PSV,no,,,,not_needed,,,
Broken roads,,not_interested,skip,no,,no,,,,,,,
Broken Sword 3: The Sleeping Dragon,,not_interested,skip,no,CDA,no,,,,not_needed,,,
Broken Sword 4: Anioł Śmierci,,not_interested,skip,no,CDA,no,,,,not_needed,,,
Broken Sword 5: The Serpent's Curse,,not_interested,skip,no,PSV,no,,,,not_needed,,,
Broken Sword: Shadow of the Templars,,not_interested,skip,no,GOG,no,,,,not_needed,,,
Brother's in Arms: Hell's Highway,,not_interested,skip,no,CDA,no,,,,not_needed,,,
Brothers in Arms 2: Global Front,,not_interested,skip,no,,no,,,,not_needed,,,
Brothers in Arms 3: Sons of War,,not_interested,skip,no,,no,,,,not_needed,,,
Brothers in Arms: D-Day,,not_interested,skip,no,,no,,,,not_needed,,,
Brothers in Arms: Double Time,,not_interested,skip,no,,no,,,,not_needed,,,
Brothers in Arms: Earned in Blood,,not_interested,skip,no,,no,,,,not_needed,,,
Brothers in Arms: Hell's Highway,,not_interested,skip,no,,no,,,,not_needed,,,
Brothers in Arms: Hour of Heroes,,not_interested,skip,no,,no,,,,not_needed,,,
Brothers in Arms: Road to Hll 30,,not_interested,skip,no,,no,,,,not_needed,,,
Brothers: A Tale of Two Sons,2013,completed,,yes,,no,,,,,yes,,
Brygada E5: New Jagged Union,,not_interested,skip,no,CDA,no,,,,not_needed,,,
Brütal Legend,2009,completed,,no,Steam;PS3,no,,,,,yes,,
Bubble Bobble,,not_interested,skip,no,,no,,,,not_needed,,,
Bubsy: The Woolies Strike Back,,not_interested,skip,,PS+ Premium,,,,,,,,
Budget Cuts,2018,backlog,high,yes,PSVR;PSVR2,yes,,,7,,,vr,
Buggy Boy,,not_interested,skip,no,,no,,,,not_needed,,,
Bugs Bunny: Lost in Time,,not_interested,skip,no,PSX,no,,,,,,,
Bugsnax,2020,not_interested,skip,yes,PS5,no,,,,not_needed,,,
Builders of Egypt: Prologue,,not_interested,skip,yes,GOG,no,,,,not_needed,,,
Bulletstorm: Full Clip Edition,2011,completed,,yes,PS4;PS3,no,,,,,yes,,
Bully,2006,limbo,,yes,Steam,no,,,,,,,
Burly Men At Sea,,not_interested,skip,no,PS4;PSV,no,,,,not_needed,,,
Burn Zombie Burn!*,,not_interested,skip,,PS+ Premium,,,,,,,,
Burning Rangers,,not_interested,skip,no,,no,,,,not_needed,,,
Burnout 2: Point of Impact,,not_interested,skip,no,,no,,,,not_needed,,,
Burnout Paradise: TUB,2008,completed,,yes,Steam;Origin;PSS,no,,,,,yes,,
Bus Simulator 21 Next Stop,2023,not_interested,skip,,,,,,,,,można-olać,
Bushido Blade,,not_interested,skip,no,,no,,,,not_needed,,,
Buzz Lightyear of Star Command,2000,not_interested,skip,,,,,,,,,,
Buzz Quiz TV,,not_interested,skip,no,,no,,,,not_needed,,,
Bystry jak...,,not_interested,skip,no,PSV,no,,,,not_needed,,,
C-Smash VRS,,limbo,,no,PSVR2,no,,,,,,vr;brak-sprzętu,
C9,,played,,no,,no,,,,,,,
Cabal Online,,played,,no,,no,,,,,,,
Caladrius Blaze,,not_interested,skip,,PS+ Premium,,,,,,,,
Calico,,not_interested,skip,no,Amazon Prime,no,,,,,,,
California Games,,not_interested,skip,no,,no,,,,not_needed,,,
Calisto Protocol,2022,completed,,no,PS5,no,,2023,,,,,
Call of Cthulhu,2018,completed,,yes,PS4,no,,,,,yes,,
Call of Cthulhu: Mroczne zakątki świata,2005,backlog,someday,no,Play,no,,,4,,,emerytura,
Call of Duty,2003,completed,,no,PC,no,,,,,yes,,
Call of Duty 2,2005,completed,,no,PC,no,,,,,yes,,
Call of Duty 2: Big Red One,,not_interested,skip,no,,no,,,,not_needed,,,
Call of Duty 3,2006,completed,,no,PS3,no,,,,,yes,,
Call of Duty 4: Modern Warfare (Remastered),2007,completed,,yes,PS4;PC;PS3,no,,,6,,yes,wrócić,
Call of Duty Mobile,2019,played,,yes,Android,no,,,,,,,
Call of Duty Modern Warfare (remake),2019,completed,,no,,no,,,,,yes,,
Call of Duty: Advanced Warfare,2014,completed,,yes,PS3;PS4,no,,,,done,yes,,
Call of Duty: Black Ops,2010,completed,,no,PS3,no,,,,done,yes,,
Call of Duty: Black Ops 2,2012,completed,,yes,PS3,no,,,,,yes,,
Call of Duty: Black Ops 3,2015,completed,,yes,PS4,no,,,,not_needed,yes,,
Call of Duty: Black Ops 4,2018,completed,,no,PS4,no,,,,,yes,,
Call of Duty: Black Ops 6,2024,completed,high,no,,no,,2024,,,,,
Call of Duty: Black Ops 7,2025,completed,,no,Xbox Game Pass,no,,2025,,,,,
Call of Duty: Black Ops Cold War,2020,completed,,yes,PS4;PS5,no,,2023,9,,,,
Call of Duty: Ghosts,2013,completed,,no,PS3,no,,,,,yes,,
Call of Duty: Infinite Warfare,2016,completed,,yes,PS4,no,,,,,yes,,
Call of Duty: Infinite Warfare Jackal Assault VR Experience,,completed,,yes,PSVR,required,,2023,,,,,
Call of Duty: Modern Warfare 2 (Remastered),2009,completed,,yes,PS4;PS3,no,,,6,,yes,wrócić,
Call of Duty: Modern Warfare 3,2011,completed,,no,PS3,no,,,,,yes,,
Call of Duty: Modern Warfare II (remake 2022),2022,completed,,no,PS5,no,,2024,10,,,,
Call of Duty: Modern Warfare III (remake 2023),2023,completed,high,no,Xbox Game Pass,no,,2024,,,,,
Call of Duty: Roads to Victory,2007,not_interested,skip,no,PSV,no,,,,not_needed,,,
Call of Duty: United Offensive,2004,completed,,no,,no,,,,,yes,,
Call of Duty: Vanguard,2021,completed,,no,,no,,2024,8,,,,
Call of Duty: Warzone,,played,,yes,,no,,,,,,,
Call of Duty: WWII,2017,completed,,yes,PS4,no,,,,,yes,,
Call of Juarez: Gunslinger,2013,completed,,yes,Steam;PS3,no,,,,done,yes,,
Call of Juarez: Revolver Edition,2007,completed,,yes,PC,no,,,,,yes,,
Call of Juarez: The Cartel,2011,completed,,yes,Steam,no,,,,,yes,,
Call of Juarez: Więzy Krwi,2009,completed,,yes,PS3;Steam,no,,,,done,yes,,
Call of the Sea,2020,backlog,someday,yes,Epic;PS+ Premium,no,,,,,,emerytura,
Canabalt,,played,,yes,Android;PSV;PS3,no,,,,,,,
Candle,,not_interested,skip,no,,no,,,,not_needed,,,
Cannon Fodder,,not_interested,skip,no,,no,,,,not_needed,,,
CAPCOM ARCADE CABINET : ALL-IN-ONE PACK*,,not_interested,skip,,PS+ Premium,,,,,,,,
Capcom vs. SNK: Millennium Fight 2000,,not_interested,skip,no,,no,,,,not_needed,,,
Captain Forever,,not_interested,skip,no,,no,,,,not_needed,,,
Car Mechanic Simulator,,not_interested,skip,,PS+ Premium,,,,,,,,
Carcassonne,,not_interested,skip,no,,no,,,,not_needed,,,
Carcassonne,2017,not_interested,skip,yes,Epic,no,,,,not_needed,,,
Card Shark,2022,backlog,someday,no,,no,,,,,,emerytura,
Carmageddon,,not_interested,skip,no,,no,,,,not_needed,,,
Carmageddon II: Carpocalypse Now,,not_interested,skip,no,,no,,,,not_needed,,,
Carmageddon: Max Damage,,not_interested,skip,,PS+ Premium,,,,,,,,
Carnival Games VR,,not_interested,skip,no,PSVR,,,,1,,,vr,
Carrier Command,,not_interested,skip,no,,no,,,,not_needed,,,
Cars Mater-National Championship*,,not_interested,skip,,PS+ Premium,,,,,,,,
Cars Race-O-Rama*,,not_interested,skip,,PS+ Premium,,,,,,,,
Cartoon Network: Battle Crashers,,not_interested,skip,,PS+ Premium,,,,,,,,
Cassette Beasts,,not_interested,skip,no,,no,,,2,,,,
Castle Crashers,,not_interested,skip,no,,no,,,,not_needed,,,
Castle of Illusion,,not_interested,skip,no,,no,,,,,,,
CastleStorm Complete Edition,,not_interested,skip,no,,no,,,,not_needed,,,
Castlevania: Aria of Sorrow,,not_interested,skip,no,,no,,,,not_needed,,,
Castlevania: Dawn of Sorrow,,not_interested,skip,no,,no,,,,not_needed,,,
Castlevania: Harmony of Despair*,,not_interested,skip,,PS+ Premium,,,,,,,,
Castlevania: Lords of Shadow (+DLC),2010,completed,,yes,PS3,no,,,,,yes,,
Castlevania: Lords of Shadow - Mirrors of Fate,,not_interested,skip,no,,no,,,,,,,
Castlevania: Lords of Shadow 2 (+ DLC),2014,completed,,yes,PS3,no,,,,,yes,,
Castlevania: Symphony of the Night,1997,not_interested,normal,no,,no,,,,,,,
Cat Quest,,not_interested,skip,no,Prime Gaming,no,,,,,,,
Catch & Release,2018,backlog,someday,no,PSVR,yes,,,5,,,emerytura,
Catherine,2012,completed,,no,PS+,no,,,,,yes,,
Cave Digger,,not_interested,skip,no,PSVR,,,,1,,,vr,
Cave Story+,,not_interested,skip,yes,Steam;Epic,no,,,,not_needed,,,
CAYNE,2017,not_interested,skip,yes,GOG,no,,,,not_needed,,,
Cel Damage HD*,,not_interested,skip,,PS+ Premium,,,,,,,,
Celeste,,not_interested,skip,yes,Epic,no,,,,not_needed,,,
Centipede,,not_interested,skip,no,,no,,,,not_needed,,,
Centipede: Recharged,,not_interested,skip,no,Epic,no,,,,not_needed,,,
Champion Jockey: G1 Jockey & Gallop Racer*,,not_interested,skip,,PS+ Premium,,,,,,,,
Championship Manager 2008,,played,,no,,no,,,,,,,
Chants of Sennaar,2023,not_interested,skip,,,,,,,,,,
Chariot,,not_interested,skip,no,PS3,no,,,,not_needed,,,
Chernobylite,2021,backlog,someday,no,,no,,,,,,emerytura,
Chess Ultra,,not_interested,skip,,PS+ Premium,,,,,,,,
Chess Ultra,2017,played,,yes,PSVR;Epic,optional,,,,,,,
Chibi-Robo!,,not_interested,skip,no,,no,,,,not_needed,,,
Chicken Police,,not_interested,skip,,PS+ Premium,,,,,,,,
Chicory: A Colorful Taste,2021,not_interested,skip,no,,no,,,,,,,
Child of Eden,2011,not_interested,skip,no,,no,,,,not_needed,,,
Child of Light,2014,played,,yes,PS4;PS3;Uplay,no,,,,not_needed,,,
Children of Morta,2019,not_interested,skip,no,,no,,,,not_needed,,,
Children of the sun,,backlog,someday,no,,no,,,,,,emerytura,
Children of Zodiarcs,,not_interested,skip,no,,no,,,,not_needed,,,
Chime Super Deluxe,,not_interested,skip,,PS+ Premium,,,,,,,,
Chime Super Deluxe,2010,played,,no,PS+,no,,,,,yes,,
Chivalry 2,2021,played,normal,yes,PS5,no,,,7,,,,
Chivalry: Medieval Warfare,,played,,no,,no,,,,,,,
Chocobo's Mystery Dungeon EVERY BUDDY!,,not_interested,skip,,PS+ Premium,,,,,,,,
Choplifter,,not_interested,skip,no,,no,,,,not_needed,,,
Chorus,2021,completed,,no,PS5;PS+ Premium,no,,,,,yes,,
ChromaGun VR,,not_interested,skip,no,PSVR,,,,1,,,vr,
Chrome,,not_interested,skip,no,,no,,,,not_needed,,,
Chronicles of Riddick: Assault on Dark Athena,2019,completed,,yes,PC;PS3,no,,,,todo,yes,,
Chronicles of Riddick: Escape from Butcher Bay,2004,completed,,yes,PC;PS3,no,,,,todo,yes,,
Chrono Cross,1999,not_interested,skip,no,,no,,,4,,,,
Chrono Odyssey,,upcoming,,no,,no,,,,,,,
Chrono Trigger,1995,backlog,someday,no,,no,,,3,,,emerytura,
Chronos: Before the Ashes,2020,backlog,someday,no,PS+ Premium,no,,,,,,emerytura,
Chronovolt,,not_interested,skip,yes,PS+,no,,,,not_needed,,,
ChuChu Rocket,,not_interested,skip,no,,no,,,,not_needed,,,
Chuckie Egg,,not_interested,skip,no,,no,,,,not_needed,,,
Chłopaki nie płaczą,2005,completed,,yes,PC,no,,,,,yes,,
Citadel: Forged With Fire,,not_interested,skip,no,,no,,,,not_needed,,,
Cities XL 2011,,not_interested,skip,no,CDA,no,,,,not_needed,,,
Cities XL Platinum,,not_interested,skip,no,Steam,no,,,,not_needed,,,
Cities: Skylines,2015,not_interested,skip,yes,PS4;Epic,no,,,,not_needed,,,
Cities: Skylines,2015,not_interested,skip,no,,no,,,,not_needed,,,
Citizen Sleeper,,not_interested,skip,no,,no,,,,,,,
Citizen Sleeper,2022,backlog,someday,no,,no,,,,,,emerytura,
City of Brass,2017,not_interested,skip,yes,Epic,no,,,,not_needed,,,
City of Heroes,,not_interested,skip,no,,no,,,,not_needed,,,
Civilization,,not_interested,skip,no,,no,,,,not_needed,,,
Civilization II,1996,not_interested,skip,no,,,,,,,,,
Civilization III,,played,,no,,no,,,,not_needed,,,
Civilization V,2010,played,,no,,no,,,,,,,
Civilization VI,2016,played,,yes,Epic,no,,,,not_needed,,,
Clair Obscur: Expedition 33,2025,completed,,no,,no,5,2025,,,,,
Claire: Extended Cut,,not_interested,skip,no,,no,,,,not_needed,,,
Clandestine,2015,not_interested,skip,no,,no,,,,not_needed,,,
Clash : Artifacts of Chaos,2023,backlog,someday,,,,,,,,,emerytura,
Class of Heroes 2G,,not_interested,skip,,PS+ Premium,,,,,,,,
Cliff Diving,,not_interested,skip,yes,PSS,no,,,,not_needed,,,
Clive Barker's Undying,2001,not_interested,skip,no,,no,,,,,,,
Clockwork Revolution,,upcoming,,no,,no,,,,,,,
Close to the Sun,2019,backlog,someday,yes,Epic,no,,,,,,emerytura,
Closure,2012,not_interested,skip,no,Steam,no,,,,not_needed,,,
Cloud & Sheep 2,,not_interested,skip,no,Prime Gaming,no,,,,,,,
Cloudberry Kingdom,,not_interested,skip,no,PS3,no,,,,not_needed,,,
Cloudpunk,2020,not_interested,skip,no,,no,,,,not_needed,,,
Clouds & Sheep 2,,not_interested,skip,,PS+ Premium,,,,,,,,
Clubhouse Games,,not_interested,skip,no,,no,,,,not_needed,,,
Cocoon,,not_interested,skip,no,,no,,,,,,można-olać,
Code Vein,2019,backlog,someday,yes,PS4,no,,,,,,emerytura,
Code: Realize ~Guardian of Rebirth~,,not_interested,skip,no,PSV,no,,,,not_needed,,,
Code:Realize - Guardian of Rebirth,,not_interested,skip,no,,no,,,,not_needed,,,
Codename: Panzers - Cold War,,not_interested,skip,no,CDA,no,,,,not_needed,,,
Coffee Talk,2020,not_interested,skip,,,,,,,,,można-olać,
Coffee Talk Episode 2 : Hibiscus & Butterfly,2023,not_interested,skip,,,,,,,,,można-olać,
Cogs,,not_interested,skip,no,Steam,no,,,,not_needed,,,
Colin McRae: Dirt,,not_interested,skip,no,,no,,,,not_needed,,,
Colin McRae: Dirt 2,,not_interested,skip,no,,no,,,,not_needed,,,
Colony Wars,,not_interested,skip,no,PSX,no,,,,,,,
Color Guardians,,not_interested,skip,no,,no,,,,not_needed,,,
Columns,,not_interested,skip,no,,no,,,,not_needed,,,
Comar Barbarian,,not_interested,skip,no,,no,,,,,,,
Combat,,not_interested,skip,no,,no,,,,not_needed,,,
Comet Crash: Bionic Bundle*,,not_interested,skip,,PS+ Premium,,,,,,,,
Command & Conquer,,not_interested,skip,no,,no,,,,not_needed,,,
Command & Conquer 3: Tiberium Wars,,not_interested,skip,no,,no,,,,not_needed,,,
Command & Conquer 4: Tiberian Twilight,,not_interested,skip,no,,no,,,,not_needed,,,
Command & Conquer: Generals,,not_interested,skip,no,,no,,,,not_needed,,,
Command & Conquer: Red Alert,,not_interested,skip,no,,no,,,,not_needed,,,
Command & Conquer: Red Alert 2,,not_interested,skip,no,,no,,,,not_needed,,,
Command & Conquer: Red Alert 3,,not_interested,skip,no,,no,,,,not_needed,,,
Command & Conquer: Renegade,,not_interested,skip,no,,no,,,,not_needed,,,
Command & Conquer: Sole Survivor,,not_interested,skip,no,,no,,,,not_needed,,,
Command & Conquer: Tiberian Sun,,not_interested,skip,no,,no,,,,not_needed,,,
Commander - Conquest Of The Americas,,not_interested,skip,no,,no,,,,not_needed,,,
Commando,,not_interested,skip,no,,no,,,,not_needed,,,
Commandos 2: Men of Courage,2001,not_interested,skip,no,,no,,,,not_needed,,,
Commandos: Za linią wroga,1998,played,,no,,,,,,,,,
Company of Heroes,,backlog,someday,no,Steam,no,,,3,not_needed,,emerytura,
Company of Heroes 2,,backlog,someday,no,Steam,no,,,3,not_needed,,emerytura,
Company of Heroes 3,,backlog,someday,no,,no,,,3,not_needed,,emerytura,
Company of Heroes 3,,not_interested,skip,no,,no,,,2,,,,
Company of Heroes: Opposing Fronts,,not_interested,skip,no,Steam,no,,,,not_needed,,,
Company of Heroes: Tales of Valor,,not_interested,skip,no,Steam,no,,,,not_needed,,,
Conan Exiles,2018,completed,,no,PS4,no,,,,,yes,,
Conarium,2017,not_interested,skip,no,Epic,no,,,,not_needed,,,
Concrete Genie,2019,backlog,someday,yes,PS4,no,,,,,,emerytura,
Concrete Genie - VR Mode,2019,completed,,yes,PSVR,required,,2023,,todo,,,
Condemned 2: Bloodshot,,not_interested,skip,no,,no,,,,not_needed,,,
Condemned: Criminal Origins,,not_interested,skip,no,,no,,,,not_needed,,,
Confrontation,,not_interested,skip,no,Steam,no,,,,not_needed,,,
ConnecTank,,not_interested,skip,,PS+ Premium,,,,,,,,
Conqueror's Blade,,played,,yes,Steam,no,,,,,,,
Construction Simulator,2022,not_interested,skip,,,,,,,,,,
Contact J.A.C.K.,,not_interested,skip,no,,no,,,,not_needed,,,
Contra,1987,played,,no,,no,,,,,yes,,
Contra 4,,not_interested,skip,no,,no,,,,not_needed,,,
Contra III: The Alien Wars,,not_interested,skip,no,,no,,,,not_needed,,,
Contraband,,upcoming,,no,,no,,,,,,,
Contrast,2013,completed,,yes,PS4,no,,,,,yes,,
Control: Ultimate Edition,2019,completed,,yes,PS4;PS5;GOG;Epic,no,,2023,7,,,wrócić,
Conway: Disappearance of Dahlia View,2021,backlog,someday,no,,no,,,,,,emerytura,
Cool Boarders,2001,not_interested,skip,,,,,,,,,można-olać,
Cool Boarders 2,1997,not_interested,skip,no,PS Classic,no,,,,not_needed,,,
CoolPaintr VR,,not_interested,skip,no,PSVR,,,,1,,,vr,
Corruption 2029,,not_interested,skip,no,,no,,,,not_needed,,,
Costum Quest,,not_interested,skip,yes,Epic,no,,,,not_needed,,,
Costume Quest 2,,not_interested,skip,yes,Epic,no,,,,not_needed,,,
Costume Quest 2,,not_interested,skip,no,,no,,,,not_needed,,,
Counter Spy,,not_interested,skip,yes,PSV,no,,,,not_needed,,,
Counter Strike 2,,played,,no,,no,,,,,,,
Counter-Strike 1.6,1999,completed,,yes,Steam,no,,,,,yes,,
Counter-Strike Source,,played,,no,,no,,,,,,,
Counter-Strike: Global Offensive,2012,played,,yes,Steam,no,,,,,,,
CounterSpy,2014,backlog,someday,no,,,,,,,,emerytura,
Covert,,not_interested,skip,no,PSVR,,,,1,,,vr,
Crackdown,2007,not_interested,skip,no,,no,,,4,not_needed,,,
Crackdown 2,2010,not_interested,skip,no,,no,,,,,,,
Crackdown 3,2019,backlog,someday,no,,no,,,,,,emerytura,
Crash Bandicoot,,not_interested,skip,no,,no,,,,,,,
Crash Bandicoot 2,,not_interested,skip,no,,no,,,,,,,
Crash Bandicoot 3,,not_interested,skip,no,,no,,,,,,,
Crash Bandicoot 4: Najwyższy czas,2020,not_interested,skip,no,PS4;PS5,no,,,,,,,
Crash Bandicoot: N. Sane Trilogy,2017,not_interested,skip,yes,PS4,no,,,,not_needed,,,
CRASH COMMANDO*,,not_interested,skip,,PS+ Premium,,,,,,,,
Crash Team Racing,2019,not_interested,skip,no,,no,,,,not_needed,,,
CrashLands,,not_interested,skip,yes,Epic,no,,,,not_needed,,,
Crayon Physics Deluxe,,not_interested,skip,no,,no,,,,not_needed,,,
Crayon Physix Deluxe,,not_interested,skip,no,Steam,no,,,,not_needed,,,
Crazy Factory,2001,completed,,no,PC,no,,,,,yes,,
Crazy Taxi 3: High Roller,,not_interested,skip,no,,no,,,,not_needed,,,
Creaks,2020,not_interested,skip,no,,no,,,,not_needed,,,
Creaks,2020,not_interested,skip,no,,no,,,,,,,
Creature in the Well,2019,not_interested,skip,yes,Epic,no,,,,not_needed,,,
Creed: Rise to Glory,2018,backlog,high,yes,PSVR;PSVR2,yes,,,7,,,vr,
Cricket 24,2023,not_interested,skip,,,,,,,,,można-olać,
Crime Boss : Rockay City,2023,not_interested,skip,,,,,,,,,można-olać,
Crimson Desert,,upcoming,,no,,,,,,,,,
Crimson Skies,,not_interested,skip,no,,no,,,,not_needed,,,
Cris Tales,2021,not_interested,skip,,,,,,,,,,
Crisis Core: Final Fantasy VII,2007,not_interested,skip,no,,no,,,,not_needed,,,
Crisis Core: Final Fantasy VII - Reunion,2022,backlog,someday,no,,no,,,,not_needed,,emerytura,
Crisis VRigade,2018,backlog,high,yes,PSVR,yes,,,7,,,vr,
Crisis VRigade 2,2020,limbo,normal,no,PSVR;PSVR2,yes,,,7,,,vr;brak-sprzętu,
Critter Crunch,,not_interested,skip,no,,no,,,,not_needed,,,
Croc 2,,not_interested,skip,no,PSX,no,,,,,,,
Croixleur Sigma,,not_interested,skip,,PS+ Premium,,,,,,,,
Cronos: The New Dawn,,limbo,,,,,,,,,,,
Crossfire X,2020,not_interested,skip,no,,no,,,,,,,
Crossfire: Sierra Squad,,limbo,,no,,no,,,,,,vr;brak-sprzętu,
CROSSING THESIS OF GODS AND DESTINY AWAKENING*,,not_interested,skip,,PS+ Premium,,,,,,,,
Crossroads Inn,2019,not_interested,skip,no,,no,,,,not_needed,,,
Crow Country,2024,not_interested,skip,,,,,,,,,,
Crow: Legend,,played,,yes,PSVR,,,,,,,,
Crowfall,2021,played,,no,,no,,,,,,,
Cruise for a Corpse,,not_interested,skip,no,,no,,,,not_needed,,,
Crusader Kings,,not_interested,skip,no,,no,,,4,,,,
Crusader Kings II,2012,backlog,someday,no,,no,,,,,,emerytura,
Crusader Kings III,2020,backlog,someday,no,Xbox Game Pass,no,,,5,,,emerytura,
Crush,,not_interested,skip,no,,no,,,,not_needed,,,
Crying Suns,2019,not_interested,skip,no,Epic,no,,,,not_needed,,,
Crypto: Against All Odds,,not_interested,skip,yes,Amazon Prime,no,,,,not_needed,,,
Crysis (Remastered),2007,completed,,yes,PS4,no,,,,done,yes,wrócić,
Crysis 2,2011,completed,,yes,Origin;Steam;PS+,no,,,,,yes,,
Crysis 3,2013,completed,,yes,PS3,no,,,,,yes,,
Crysis Warhead,2008,completed,,no,,no,,,,,yes,,
Crystal Castles,,not_interested,skip,no,,no,,,,not_needed,,,
Cubixx HD,,not_interested,skip,no,PS+,no,,,,not_needed,,,
Cuboid Ultimate Bundle*,,not_interested,skip,,PS+ Premium,,,,,,,,
Cuboid*,,not_interested,skip,,PS+ Premium,,,,,,,,
Cult of the Lamb,2022,backlog,someday,no,,no,,,,,,emerytura,
Cultures 2,,not_interested,skip,no,KŚG,no,,,,not_needed,,,
Cuphead,2017,backlog,someday,no,,no,,,,not_needed,,emerytura,
Curse of the Dead Gods,,not_interested,skip,no,,no,,,,,,,
Cursed to Golf,2022,not_interested,skip,,,,,,,,,można-olać,
Curses 'N Chaos,,not_interested,skip,no,PS4;PSV,no,,,,not_needed,,,
Cursor*10,,not_interested,skip,no,,no,,,,not_needed,,,
Cyber Troopers Virtual-On: Oratorio Tangram,,not_interested,skip,no,,no,,,,not_needed,,,
Cybernator,,not_interested,skip,no,,no,,,,not_needed,,,
Cyberpunk 2077 (+ Phantom Liberty),2020,completed,,yes,PS4;PS5,no,,2020,,todo,yes,,
Czarna Owca Sven,,not_interested,skip,no,CDA,no,,,,not_needed,,,
Dabium,2021,backlog,someday,no,,no,,,,,,emerytura,
DAEMON X MACHINA,,not_interested,skip,no,Epic,no,,,,not_needed,,,
Dagon: by H. P. Lovecraft,2021,completed,,yes,GOG,no,,,,,,,
Daigasso! Band Brothers,,not_interested,skip,no,,no,,,,not_needed,,,
Daikatana,,not_interested,skip,no,,no,,,,not_needed,,,
Damascus Gear: Operation Tokyo HD Edition,,not_interested,skip,,PS+ Premium,,,,,,,,
Damnation,,not_interested,skip,no,,no,,,,not_needed,,,
DANCE COLLIDER,,not_interested,skip,no,PSVR,,,,1,,,vr,
Dance Dance Revolution,,not_interested,skip,no,,no,,,,not_needed,,,
Dandara: Trials of Fear Edition,,not_interested,skip,yes,Epic,no,,,,not_needed,,,
Danganronpa Trilogy,2019,not_interested,skip,no,PS4,no,,,,not_needed,,,
Danger Zone,,not_interested,skip,,PS+ Premium,,,,,,,,
Dangerous Golf,,played,,no,Steam,no,,,,,,,
Dangerous Golf,,not_interested,skip,,PS+ Premium,,,,,,,,
Dante's Inferno,2010,completed,,no,PS3,no,,,,,yes,,
Darius,,not_interested,skip,no,,no,,,,not_needed,,,
Dark Age of Camelot,,played,,no,,no,,,,,,,
Dark and Darker,,want_to_try,,no,,,,,,,,,
Dark and Light,,not_interested,skip,no,,no,,,,not_needed,,,
Dark Cloud,2000,not_interested,skip,no,PS+ Premium,no,,,,,,,
Dark Cloud 2 (SIEE: Dark Chronicle),2002,not_interested,skip,no,PS+ Premium,no,,,,,,,
Dark Deity,,not_interested,skip,no,Epic,no,,,,,,,
Dark Eclipse,,not_interested,skip,no,PSVR,,,,1,,,vr,
Dark Legion VR,,not_interested,skip,no,PSVR,,,,1,,,vr,
Dark Messiah of Might and Magic,2006,completed,,yes,Steam,no,,,,,yes,,
Dark Mist*,,not_interested,skip,,PS+ Premium,,,,,,,,
Dark Rose Valkyrie,,not_interested,skip,,PS+ Premium,,,,,,,,
Dark Sector,,not_interested,skip,no,PS3,no,,,,,,,
Dark Souls II,2014,completed,,no,,no,,2023,,,,,
Dark Souls III,2016,completed,,no,,no,,,,,,,
Dark Souls: Prepare to Die Edition,2011,completed,,yes,Steam,no,,,,,,,
Dark Void,,not_interested,skip,no,,no,,,,not_needed,,,
Darkest Dungeon,2016,not_interested,skip,yes,PS4;PSV;PS3;Epic,no,,,,,,,
Darkest Dungeon 2,2021,not_interested,skip,no,,no,,,,,,,
Darkest Hour: Europe '44-'45,,not_interested,skip,no,Steam,no,,,,not_needed,,,
Darkness Rollercoaster - Ultimate Shooter Edition,,not_interested,skip,no,PSVR,,,,1,,,vr,
Darknet,,not_interested,skip,no,PSVR,,,,1,,,vr,
Darksiders Genesis,,not_interested,skip,,PS+ Premium,,,,,,,,
DarkSiders II Deathinitive Edition,2012,backlog,someday,yes,Epic;PS4;Steam,no,,,,,,emerytura,
Darksiders III,2018,backlog,someday,no,,no,,,,,,emerytura,
Darksiders: Warmastered Edition,2010,backlog,someday,yes,Epic;PSN;Steam,no,,,,,,emerytura,
Darkstalkers Resurrection,,not_interested,skip,no,PS3,no,,,,not_needed,,,
Darkstar One,,not_interested,skip,no,CDA,no,,,,not_needed,,,
Darkwood,,not_interested,skip,no,,no,,,,not_needed,,,
Darkwood,,not_interested,skip,no,Epic,no,,,,,,,
DARQ: Complete Edition,,not_interested,skip,yes,,no,,,,not_needed,,,
Darwinia,,not_interested,skip,no,,no,,,,not_needed,,,
DATA WING,,not_interested,skip,no,Android,no,,,,not_needed,,,
Datura,2012,completed,,yes,PS+,no,,,,,yes,,
Dauntless,,played,,no,PS4;Epic,no,,,,,,,
DAVE THE DIVER,,played,,no,,no,,,,,,,
Dawn of Magic,,not_interested,skip,no,PC;Muve,no,,,,not_needed,,,
Daxter,2006,backlog,someday,no,PSV,no,,,3,,,emerytura,
Day of Defeat,,not_interested,skip,no,Steam,no,,,,not_needed,,,
Day of the Tentacle Remastered,1993,completed,,yes,PS4;PSV,no,,,,,yes,,
Days Gone,2019,completed,,yes,PS4,no,,,6,done,yes,wrócić,
Daytona USA,,not_interested,skip,no,,no,,,,not_needed,,,
DayZ,2016,not_interested,skip,no,,no,,,,not_needed,,,
DC Universe Online,,played,,no,,no,,,,,,,
DCL - The Game,,not_interested,skip,,PS+ Premium,,,,,,,,
De Blob,,not_interested,skip,no,,no,,,,not_needed,,,
Dead by Daylight,2017,played,,,,,,,,,,,
Dead by Deadlight,,not_interested,skip,no,PS4,no,,,,not_needed,,,
Dead Cells,2017,not_interested,skip,no,,no,,,,not_needed,,,
Dead Island,2011,completed,,no,PS3,no,,,,,yes,,
Dead Island 2,2023,completed,,no,PS5,no,,2024,9,,,,
Dead Island Riptide,2013,completed,,no,,no,,2024,,,,,
Dead Nations: Apocalypse Edition,,not_interested,skip,no,PS4;PS+,no,,,,not_needed,,,
Dead or Alive 4,,not_interested,skip,no,,no,,,,not_needed,,,
Dead or Alive 5,,played,,no,,no,,,,,,,
Dead Rising,2006,not_interested,skip,no,,no,,,,not_needed,,,
Dead Rising 2,2010,not_interested,skip,no,PS3,no,,,,not_needed,,,
Dead Rising 3,2013,not_interested,skip,no,,no,,,,not_needed,,,
Dead Rising 4,2016,not_interested,skip,no,,no,,,,,,,
Dead Rising Deluxe Remaster,,backlog,someday,no,,,,,,,,emerytura,
Dead Secret,,not_interested,skip,no,PSVR,,,,1,,,vr,
Dead Space,2008,completed,,no,PS3;Steam;Origin,no,,,,,yes,,
Dead Space (Android),,not_interested,skip,yes,Android,no,,,,not_needed,,,
Dead Space (remake),2023,backlog,someday,no,,no,,,6,,,emerytura,
Dead Space 2,2011,completed,,yes,PS+,no,,,,,yes,,
Dead Space 3,2013,completed,,yes,PS3;Origin,no,,,,,yes,,
Dead Space: Extraction,2009,completed,,no,PS3,no,,,,,yes,,
Dead Star,,not_interested,skip,no,PS4,no,,,,not_needed,,,
Dead Synchronicity: Tomorrow Comes Today,2015,not_interested,skip,no,,no,,,,not_needed,,,
DeadCore,,not_interested,skip,no,Steam,no,,,,not_needed,,,
Deadcraft,2022,not_interested,skip,,,,,,,,,można-olać,
Deadfall Adventures,2013,completed,,yes,,no,,,,,yes,,
Deadliest Warrior: Legends*,,not_interested,skip,,PS+ Premium,,,,,,,,
Deadliest Warrior: The Game*,,not_interested,skip,,PS+ Premium,,,,,,,,
Deadlight,,not_interested,skip,yes,,no,,,,,,,
Deadlink,,backlog,someday,no,,,,,,,,emerytura,
Deadly Premonition Director's Cut,2010,backlog,someday,yes,PS3;PC,no,,,,,,emerytura,
Deadpool,2013,backlog,someday,no,,no,,,,,,emerytura,
Dear Esther,2012,completed,,no,,no,,,,,yes,,
Deat Squared,,not_interested,skip,no,Prime Gaming,no,,,,,,,
Death Coming,2017,not_interested,skip,yes,Epic,no,,,,not_needed,,,
Death end re;Quest,,not_interested,skip,,PS+ Premium,,,,,,,,
Death end re;Quest2,,not_interested,skip,,PS+ Premium,,,,,,,,
Death Squared,,not_interested,skip,,PS+ Premium,,,,,,,,
Death Stranding,2019,completed,,yes,PS4,no,5,,6,,yes,wrócić,
Death Stranding 2: On the Beach,,limbo,,,,,,,,,,,
Death Tank,,not_interested,skip,no,,no,,,,not_needed,,,
Death Track: Resurrection*,,not_interested,skip,,PS+ Premium,,,,,,,,
Death's Door,2021,not_interested,skip,no,,no,,,,,,,
Death's Gambit,,not_interested,skip,no,Xbox Game Pass PC,no,,,,not_needed,,,
Deathloop,2021,completed,,yes,PS5,no,5,,6,,yes,wrócić,
Deathmatch Classic,,played,,no,Steam,no,,,,,,,
Death’s Door,,not_interested,skip,no,PS4;PS5,no,,,2,,,,
Decay of Logos,2019,not_interested,skip,no,,no,,,,not_needed,,,
Deceive Inc.,2023,backlog,someday,,,,,,,,,emerytura,
Deception IV: Blood Ties*,,not_interested,skip,,PS+ Premium,,,,,,,,
Deception IV: The Nightmare Princess*,,not_interested,skip,,PS+ Premium,,,,,,,,
Deemo,,played,,no,Android,no,,,,,,,
DEEMO – Reborn,,not_interested,skip,no,PSVR,,,,1,,,vr,
Deep Black,2011,completed,,no,,,,,,,,,
Deep Rock Galactic,,played,,yes,PS4;PS5,no,,,,,,,
Def Jam: Fight for NY,,not_interested,skip,no,,no,,,,not_needed,,,
DEFCON,,not_interested,skip,no,,no,,,,not_needed,,,
Defender,,not_interested,skip,no,,no,,,,not_needed,,,
Defender of the Crown,,not_interested,skip,no,,no,,,,not_needed,,,
Defense Grid 2,,not_interested,skip,,PS+ Premium,,,,,,,,
Defense Grid: The Awakening,,not_interested,skip,yes,Epic,no,,,,not_needed,,,
Defense Grid: The Awakening,,not_interested,skip,no,,no,,,,not_needed,,,
Defiance,,played,,no,,no,,,,,,,
Defiance 2050,,not_interested,skip,no,,no,,,,not_needed,,,
Deliver At All Costs,,want_to_try,,no,,,,,,,,,
Deliver Us Mars,,want_to_try,,no,,,,,,,,,
Deliver Us Mars,,backlog,someday,no,,no,,,,,,emerytura,
Deliver Us The Moon,2019,backlog,someday,yes,PS+ Premium,no,,,,,,emerytura,
Delta Force,2025,played,skip,yes,PS5,no,,,,,,można-olać,
Delta Force - Black Hawk Down,2025,backlog,someday,yes,Steam,no,,,,,,emerytura,
Deluxe Ski Jump 2,2001,played,,no,,,,,,,,,
DeMagnete VR,2021,backlog,,no,PSVR,yes,,,5,,,vr;fabuła,
Demeo,2021,limbo,,no,PSVR;PSVR2,yes,,,5,,,vr;brak-sprzętu,
Demigod,,not_interested,skip,no,,no,,,,not_needed,,,
Demolition Derby,,not_interested,skip,no,,no,,,,not_needed,,,
Demon Hunter 2: New Chapter,,not_interested,skip,yes,Amazon,no,,,,not_needed,,,
Demon's Souls (2009),2009,played,,yes,PS3,no,,,,,,,
Demon's Souls (remake),2020,completed,,no,PS+ Premium,no,,,7,,,wrócić,
DEMON'S TILT,,not_interested,skip,no,Epic,no,,,,,,,
Deponia,,not_interested,skip,no,,no,,,,not_needed,,,
Deponia: The Complete Journey,2012,not_interested,skip,yes,Steam;Epic,no,,,,not_needed,,,
Derrick the Deathfin,,not_interested,skip,,PS+ Premium,,,,,,,,
Descenders,,not_interested,skip,no,PS4,no,,,,,,,
Descenders (PS4),,not_interested,skip,,PS+ Premium,,,,,,,,
Descent,,not_interested,skip,no,,no,,,,not_needed,,,
Desert Strike: Return to the Gulf,,not_interested,skip,no,,no,,,,not_needed,,,
Desktop Tower Defense,,not_interested,skip,no,,no,,,,not_needed,,,
Desperados 2: Cooper's Revenge,,not_interested,skip,no,,no,,,,not_needed,,,
Desperados III,2020,backlog,someday,no,PS+ Premium,no,,,,,,emerytura,
Desperados: Wanted Dead or Alive,,not_interested,skip,no,,no,,,,not_needed,,,
Destiny,2014,completed,,yes,PS3;PS4,no,,,,done,yes,,
Destiny 2 (+ DLC),2017,want_to_try,,yes,PS4;Steam;Xbox,no,,,,,,,
Destroy All Humans!,2020,backlog,someday,no,,no,,,,,,emerytura,
Destruction AllStars,,not_interested,skip,yes,PS5,no,,,,not_needed,,,
Destruction Derby,1996,not_interested,skip,no,PS Classic,no,,,,not_needed,,,
DETACHED,2018,backlog,,no,PSVR,yes,,,5,,,vr;fabuła,
Detention,,not_interested,skip,no,,no,,,,not_needed,,,
Detroit: Become Human,2018,completed,,yes,PS4,no,,,,,yes,,
Deus Ex 2: Invisible War,2003,backlog,someday,no,PC,no,,,4,,,emerytura,
Deus Ex GO,2016,played,,yes,Android,no,,,,,,,
Deus Ex Machine,,not_interested,skip,no,,no,,,,not_needed,,,
Deus Ex: GOTY,2000,completed,,yes,PS3;Steam,no,,2025,6,,,,
Deus Ex: Human Revolution - Director's Cut,2011,completed,,yes,Steam,no,,,,,yes,,
Deus Ex: Mankind Divided + DLC,2016,completed,,yes,PS4;PS+,no,,,,todo,yes,wrócić,
Deus Ex: The Fall,2013,completed,,yes,Steam;Android,no,,,,,yes,,
DEVICE 6,,not_interested,skip,no,,no,,,,not_needed,,,
Devil Daggers,,not_interested,skip,no,,no,,,,not_needed,,,
Devil Dice,,not_interested,skip,no,,no,,,,not_needed,,,
Devil May Cry,2001,backlog,someday,no,,no,,,3,,,emerytura,
Devil May Cry 2,2003,backlog,someday,no,,no,,,3,,,emerytura,
Devil May Cry 3 SE,2005,backlog,someday,no,CDA,no,,,3,,,emerytura,
Devil May Cry 4: Special Edition,2008,backlog,someday,no,,no,,,4,,,emerytura,
Devil May Cry 5,2019,backlog,someday,no,PS+ Premium,no,,,,,,emerytura,
Devil's Hunt,2019,not_interested,skip,no,,no,,,,not_needed,,,
Devotion,2019,not_interested,skip,no,,no,,,,not_needed,,,
Dexed,,not_interested,skip,no,PSVR,,,,1,,,vr,
Diablo 1,1997,completed,,no,,no,,,,,,,
Diablo 2: Resurrected,2000,completed,,yes,,no,,2023,7,,,,
Diablo III + Reaper of Souls,2012,completed,,yes,,no,,,7,,,,
Diablo Immortal,2022,played,,no,Android,no,,,,,,,
Diablo IV,2023,completed,,no,,no,,2024,,,,,
Dick Wilde 2,,not_interested,skip,no,PSVR,,,,1,,,vr,
Die Hard Trilogy,,not_interested,skip,no,PSX,no,,,,,,,
Dig Dug,,not_interested,skip,no,,no,,,,not_needed,,,
DIGIMON STORY: CYBER SLEUTH - HACKER'S MEMORY,,backlog,someday,yes,PS+,no,,,,,,emerytura,
Dino Crisis,2000,backlog,someday,,,,,,,,,emerytura,
Dino Crisis 2,,not_interested,skip,no,PSX,no,,,,,,,
Dino Frontier,,not_interested,skip,no,PSVR,,,,1,,,vr,
Dirge of Cerberus: Final Fantasy VII,2006,not_interested,skip,no,,no,,,,not_needed,,,
DiRT 5,,not_interested,skip,yes,PS4;PS5,no,,,,not_needed,,,
DIRT Rally,,not_interested,skip,no,Steam,no,,,,not_needed,,,
DIRT Rally 2.0,,not_interested,skip,yes,PS4,no,,,,not_needed,,,
DiRT3,,played,,no,Steam;PS3,no,,,,,,,
Disaster Report,,not_interested,skip,no,,no,,,,not_needed,,,
Disaster Report 4 Plus: Summer Memories,,not_interested,skip,,PS+ Premium,,,,,,,,
Disaster Report 4: Summer Memories,,not_interested,skip,no,PSVR,,,,1,,,vr,
Disc Jam,,played,,no,PS4,no,,,,,,,
Disciples II: Mroczne proroctwo,2002,played,,no,,,,,,,,,
Disciples III: Renaissance,,not_interested,skip,yes,,no,,,,not_needed,,,
Disco Elysium,2019,completed,high,yes,Epic;PS+ Premium,no,,2024,8,,,,
Discworld,,not_interested,skip,no,,no,,,,,,,
Discworld II: Mortality Bytes!,,not_interested,skip,no,,no,,,,,,,
Disgaea 2: Cursed Memories,,not_interested,skip,no,,no,,,,not_needed,,,
Disgaea 3: Absence of Detention,,not_interested,skip,no,PSV,no,,,,not_needed,,,
DISGAEA 3: Absence of Justice*,,not_interested,skip,,PS+ Premium,,,,,,,,
DISGAEA 4: A Promise Unforgotten*,,not_interested,skip,,PS+ Premium,,,,,,,,
DISGAEA 5: ALLIANCE OF VENGEANCE,,not_interested,skip,,PS+ Premium,,,,,,,,
Disgaea D2: A Brighter Darkness*,,not_interested,skip,,PS+ Premium,,,,,,,,
Disgaea: Hour of Darkness,,not_interested,skip,no,,no,,,,not_needed,,,
Dishonored 2,2016,completed,,yes,PS4,no,,,7,todo,yes,wrócić,
Dishonored GOTY,2012,completed,,yes,Steam;PS3,no,,,7,,yes,wrócić,
Dishonored: Death of the Outsider,2017,completed,,yes,PS4,no,,,,,yes,,
Disintegration,2020,backlog,someday,no,,no,,,,,,emerytura,
Disney Dreamlight Valley,,not_interested,skip,no,,no,,,2,,,,
Disney Epic Mickey 2: The Power of Two*,,not_interested,skip,,PS+ Premium,,,,,,,,
Disney Infinity,,not_interested,skip,no,,no,,,,not_needed,,,
Disney Universe*,,not_interested,skip,,PS+ Premium,,,,,,,,
Disney's Hercules Action Game,1997,played,,no,,,,,,,,,
Disney·PIXAR Brave*,,not_interested,skip,,PS+ Premium,,,,,,,,
Disney·PIXAR Cars 2: The Video Game (PS3)*,,not_interested,skip,,PS+ Premium,,,,,,,,
Disney·PIXAR Toy Story Mania!*,,played,,no,PS+ Premium,,,,,,,,
Dissidia Final Fantasy,,not_interested,skip,no,,no,,,,not_needed,,,
Divekick,,not_interested,skip,no,PS3;PSV,no,,,,not_needed,,,
Divine Divinity,2002,backlog,someday,no,,no,,,,,,emerytura,
Divine Knockout,,not_interested,skip,no,,no,,,,,,,
Divinity II: Developer's Cut,2009,backlog,someday,yes,Steam,no,,,,,,emerytura,
Divinity: Dragon Commander,2013,not_interested,skip,no,,no,,,,not_needed,,,
Divinity: Original Sin,2014,playing,,no,PS4;Steam,no,,,7,,,,
Divinity: Original Sin 2,2017,backlog,someday,no,PS4,no,,,,,,emerytura,
DJ Hero,,not_interested,skip,no,,no,,,,not_needed,,,
DmC: Devil May Cry,2013,completed,,yes,PS3,no,,,,,yes,,
DNF Duel,,not_interested,skip,no,,no,,,,,,,
Doc Clock: The Toasted Sandwich of Time*,,not_interested,skip,,PS+ Premium,,,,,,,,
Doctor Who: The Edge of Time,,not_interested,skip,no,PSVR,,,,1,,,vr,
DoDonPachi,,not_interested,skip,no,,no,,,,not_needed,,,
Dogfight 1942*,,not_interested,skip,,PS+ Premium,,,,,,,,
DokeV,,upcoming,,no,,no,,,,,,,
DOKI DOKI LITERATURE CLUB,2017,completed,,yes,Steam,no,,,,todo,yes,,
Doki-Doki Universe,,not_interested,skip,yes,PSV;PS3;PS4,no,,,,not_needed,,,
Dolmen,2022,not_interested,skip,no,,no,,,,,,,
"Don't Die, Mr. Robot!",,not_interested,skip,no,PS4;PSV,no,,,,not_needed,,,
Don't Starve,,not_interested,skip,no,PS4;PS+,no,,,,not_needed,,,
Donkey Kong,,not_interested,skip,no,,no,,,,,,,
Donkey Kong Bananza,,want_to_try,,no,,,,,,,,,
Donkey Kong Country 3,,not_interested,skip,no,,no,,,,not_needed,,,
Donkey Kong: Jungle Beat,,not_interested,skip,no,,no,,,,not_needed,,,
Donkey Konga,,not_interested,skip,no,,no,,,,not_needed,,,
DONUT COUNTY,2018,not_interested,skip,no,,no,,,,not_needed,,,
Doom,,played,,no,,no,,,,,,,
Doom (2016),2016,limbo,,no,PS+ Premium,no,,,,,,,
Doom 3 BFG Edition,,not_interested,skip,no,,no,,,,not_needed,,,
Doom 3 VR Edition,2021,backlog,high,yes,PSVR,required,,,6,,,vr,
Doom Eternal,2020,backlog,someday,no,Xbox Game Pass,no,,,,,,emerytura,
Doom II: Hell on Earth,,played,,no,,no,,,,,,,
DOOM VFR,2017,backlog,high,yes,PSVR,required,,,5,,,vr,
Doomdark's Revenge,,not_interested,skip,yes,GOG,no,,,,not_needed,,,
Dota 2,,played,,no,Steam,no,,,,,,,
DOTA 2 AUTO CHESS,,not_interested,skip,no,,no,,,,not_needed,,,
Double Dragon,,not_interested,skip,no,,no,,,,not_needed,,,
Double Dragon Neon,,not_interested,skip,no,PS+,no,,,,not_needed,,,
Double Kick Heroes,,not_interested,skip,no,Amazon,no,,,,not_needed,,,
Down the Rabbit Hole,,not_interested,skip,no,PSVR,,,,1,,,vr,
Downward,,want_to_try,,no,,,,,,,,,
Downward Spiral: The Horus Station,,not_interested,skip,no,PSVR,,,,1,,,vr,
Downwell,,not_interested,skip,no,PS4;PSV,no,,,,not_needed,,,
Dr Kawashima’s Brain Training,,not_interested,skip,no,,no,,,,not_needed,,,
Dr. Mario,,not_interested,skip,no,,no,,,,not_needed,,,
Dragon Age 2,2011,completed,,yes,Origin,no,,,,,yes,,
Dragon Age: Inkwizycja,2014,completed,,yes,PS4;Origin,no,,,,todo,yes,,
Dragon Age: Początek,2009,completed,,yes,Origin,no,,,,,yes,,
Dragon Age: The Veilguard,2024,completed,,yes,,no,3,2025,,,,,
Dragon Ball Sparking! Zero,2024,not_interested,skip,,,,,,,,,,
Dragon Ball Xenoverse 2,,not_interested,skip,yes,PS4,no,,,,not_needed,,,
Dragon Ball Z : Kakarot,2020,not_interested,skip,,,,,,,,,można-olać,
Dragon Fin Soup,,not_interested,skip,no,,no,,,,not_needed,,,
Dragon Quest,,not_interested,skip,no,,no,,,,not_needed,,,
Dragon Quest V,,not_interested,skip,no,,no,,,,not_needed,,,
Dragon Quest VII,,not_interested,skip,no,PSX,no,,,,,,,
Dragon Quest VIII: Journey of the Cursed King,,not_interested,skip,no,,no,,,,not_needed,,,
DRAGON QUEST® XI S: Echoes of an Elusive Age™,2017,not_interested,skip,no,,no,,,,not_needed,,,
Dragon Star Varnir,,not_interested,skip,,PS+ Premium,,,,,,,,
Dragon's Crown,2013,played,,yes,PSV,no,,,,,,,
Dragon's Dogma 2,2024,completed,,no,,no,,2025,,,,wrócić,
Dragon's Dogma: Dark Arisen,2012,completed,,yes,PS3;PS4,no,,,,,yes,wrócić,
Dragon's Lair II: Time Warp,1991,completed,,no,,no,,,,,yes,,
Dragonsphere,,not_interested,skip,no,,no,,,,not_needed,,,
Dragon’s Lair,1983,completed,,no,,no,,,,,yes,,
Drakensang: Dragon Edition,,not_interested,skip,no,CDA,no,,,,not_needed,,,
Draugen,2019,backlog,someday,no,,no,,,,,,emerytura,
Draw Slasher,,not_interested,skip,no,PSV,no,,,,not_needed,,,
Drawful 2,,not_interested,skip,yes,Epic,no,,,,not_needed,,,
Drawn to Death,,not_interested,skip,no,PS4,no,,,,not_needed,,,
Dream Daddy: A Dad Dating Simulator,2017,completed,,yes,Steam,no,,,,,yes,,
Dreamfall Chapters,2014,backlog,someday,no,,no,,,,,,emerytura,
Dreamfall: The Longest Journey,2006,backlog,someday,no,,no,,,,not_needed,,emerytura,
Dreams (VR),2020,backlog,high,yes,PS4;PSVR,optional,,,5,,,vr,
Dredge,2023,not_interested,skip,,,,,,,,,,
Drill Dozer,,not_interested,skip,no,,no,,,,not_needed,,,
Driv3r,,not_interested,skip,no,,no,,,,not_needed,,,
Driveclub VR,,not_interested,skip,no,PSVR,,,,1,,,vr,
Driveclub: PS Plus Edition,2014,played,,yes,PS4,no,,,,,,,
Driver,,not_interested,skip,no,,no,,,,not_needed,,,
Driver 2,,not_interested,skip,no,,no,,,,not_needed,,,
Driver: Parallel Lines,,not_interested,skip,no,CDA,no,,,,not_needed,,,
Driver: San Francisco,2011,completed,,yes,Steam,no,,,,,yes,,
Drop7,,not_interested,skip,no,,no,,,,not_needed,,,
Dropship : United Peace Force,2002,not_interested,skip,,,,,,,,,,
Drug Dealer Simulator 2,,backlog,someday,no,,,,,,,,emerytura,
Drunkn Bar Fight,2016,backlog,someday,no,PSVR,yes,,,6,,,emerytura,
DuckTales: Remastered,,not_interested,skip,no,,no,,,,,,,
Duelyst,,not_interested,skip,no,,no,,,,not_needed,,,
Duke Nukem 3D: Megaton Edition,,not_interested,skip,no,PSV,no,,,,not_needed,,,
Duke Nukem Forever,2011,completed,,yes,Steam;PS3,no,,,,,yes,,
Duke Nukem: Time to Kill,,not_interested,skip,no,PSX,no,,,,,,,
Dune II,,not_interested,skip,no,,no,,,,not_needed,,,
Dune: Awakening,,want_to_try,,no,,,,,,,,,
DUNE: Spice Wars,2022,backlog,someday,no,,no,,,4,not_needed,,emerytura,
Dungeon Defenders,,not_interested,skip,no,Steam,no,,,,not_needed,,,
Dungeon Encounters,,not_interested,skip,no,,no,,,,,,,
Dungeon Keeper,,not_interested,skip,no,,no,,,,not_needed,,,
Dungeon Keeper Gold,,not_interested,skip,no,,no,,,,not_needed,,,
Dungeon Master,,not_interested,skip,no,,no,,,,not_needed,,,
Dungeon Punk,,not_interested,skip,no,PS4;PSV,no,,,,not_needed,,,
Dungeon Siege,,not_interested,skip,no,,no,,,,not_needed,,,
Dungeon Siege 2,,not_interested,skip,no,,no,,,,not_needed,,,
Dungeon Siege 3,,not_interested,skip,no,,no,,,,not_needed,,,
Dungeonborne,,backlog,someday,no,,,,,,,,emerytura;nie-pali-się,
Dungeons & Dragons Online,,played,,no,,,,,,,,,
Dungeons & Dragons: Dark Alliance,2021,not_interested,skip,no,,no,,,,,,,
DUNGEONS & DRAGONS: DRAGONSHARD,,not_interested,skip,no,,no,,,,not_needed,,,
Dungeons 2,,not_interested,skip,,PS+ Premium,,,,,,,,
Dungeons 3,,not_interested,skip,yes,Epic,no,,,,not_needed,,,
Dungeons of Hinterberg,2024,not_interested,skip,,,,,,,,,,
DUSK,,not_interested,skip,no,,no,,,,,,,
Duskers,,not_interested,skip,no,Epic,no,,,,,,,
Duskers,,not_interested,skip,no,,no,,,,not_needed,,,
DUST 514,,played,,no,,no,,,,,,,
Dustborn,,want_to_try,,no,,,,,,,,,
Dustborn,,backlog,someday,no,,no,,,,,,emerytura,
Dwarf Fortress,,want_to_try,,no,,,,,,,,,
Dying Light + The Following,2015,completed,,yes,PS4;Epic,no,,,,todo,yes,,
Dying Light 2,2021,completed,high,no,,no,,2025,9,,,,
Dying Light: The Beast,,want_to_try,,no,,,,,,,,,
Dynamite Jack,,not_interested,skip,no,Steam,no,,,,not_needed,,,
DYNASTY WARRIORS 6,,not_interested,skip,,PS+ Premium,,,,,,,,
Dynasty Warriors 6 Empires,,not_interested,skip,,PS+ Premium,,,,,,,,
DYNASTY WARRIORS 7 Empires*,,not_interested,skip,,PS+ Premium,,,,,,,,
Dynasty Warriors 7*,,not_interested,skip,,PS+ Premium,,,,,,,,
DYNASTY WARRIORS 7: Xtreme Legends*,,not_interested,skip,,PS+ Premium,,,,,,,,
Dynasty Warriors 8 Empires,,not_interested,skip,,PS+ Premium,,,,,,,,
Dynasty Warriors 8*,,not_interested,skip,,PS+ Premium,,,,,,,,
Dynasty Warriors 8: Xtreme Legends*,,not_interested,skip,,PS+ Premium,,,,,,,,
Dynasty Warriors Next,,not_interested,skip,yes,PSV,no,,,,not_needed,,,
Dynasty Warriors Origins,,want_to_try,,no,,,,,,,,,
Dynasty Warriors Strikeforce*,,not_interested,skip,,PS+ Premium,,,,,,,,
Déjà Vu,,not_interested,skip,no,,no,,,,not_needed,,,
Déraciné,,not_interested,skip,no,PSVR,yes,,,1,,,vr,
E4,,not_interested,skip,no,,no,,,,not_needed,,,
Eagle Flight,2016,backlog,high,yes,PSVR;PS+ Premium,required,,,7,,,vr,
Eamon,,not_interested,skip,no,,no,,,,not_needed,,,
Earth Defence Force 2025,,not_interested,skip,no,PS3,no,,,,not_needed,,,
Earth Defense Force 2017,,not_interested,skip,no,,no,,,,not_needed,,,
Earth Defense Force 4.1: The Shadow of New Despair,,not_interested,skip,,PS+ Premium,,,,,,,,
Earth Defense Force: Insect Armageddon*,,not_interested,skip,,PS+ Premium,,,,,,,,
EarthBound,,not_interested,skip,no,,no,,,,not_needed,,,
Earthworm Jim,,played,,no,PC,no,,,4,not_needed,,,
Eastshade,2019,backlog,someday,no,,no,,,,,,emerytura,
Eastward,2021,backlog,someday,no,,no,,,,,,emerytura,
Eat Lead: The Return of Matt Hazard*,,not_interested,skip,,PS+ Premium,,,,,,,,
Eat Them!,,not_interested,skip,no,PS3,no,,,,not_needed,,,
Ecco the Dolphin,,not_interested,skip,no,,no,,,,not_needed,,,
ECHO,2017,backlog,someday,no,,no,,,,,,emerytura,
Echo Night,,not_interested,skip,no,PSX,no,,,,,,,
EchoBlade,2023,backlog,someday,no,,no,,,6,,,emerytura,
Echochrome,,not_interested,skip,no,PS3,no,,,,not_needed,,,
Echochrome: Prelude*,,not_interested,skip,,PS+ Premium,,,,,,,,
Echoshift (PSP),,not_interested,skip,no,PS+ Premium,no,,,,,,,
Eclipse: Edge of Light,,not_interested,skip,no,PSVR,,,,1,,,vr,
Ecolibrium,,not_interested,skip,yes,PSV,no,,,,not_needed,,,
Eden Tomorrow,,not_interested,skip,no,PSVR,,,,1,,,vr,
EDGE,,played,,no,Steam,no,,,,,,,
Edge of Eternity,2018,backlog,someday,no,Xbox Game Pass,no,,,,,,emerytura,
Eets Munchies Beta,,not_interested,skip,no,,no,,,,not_needed,,,
Eets: Hunger. It’s Emotional,,not_interested,skip,no,,no,,,,not_needed,,,
EINHÄNDER,,not_interested,skip,no,,no,,,,not_needed,,,
Einhänder,,not_interested,skip,no,,no,,,,not_needed,,,
Eiyuden Chronicle Rising,,not_interested,skip,no,,no,,,,not_needed,,,
Eiyuden Chronicle: Rising,,not_interested,skip,no,,no,,,,,,,
El Hijo - A Wild West Tale,,not_interested,skip,,PS+ Premium,,,,,,,,
El Matador,,not_interested,skip,no,,no,,,,not_needed,,,
"El paso, elsewhere",,backlog,someday,no,,no,,,,,,emerytura,
Elasto Mania,,not_interested,skip,no,,no,,,,not_needed,,,
Elden Ring (+ Shadow of the erdtree),2022,completed,,no,,no,,2024,10,,,dodatki-do-ogrania,
Elder Scroll Legends,,played,,yes,,no,,,,,,,
Elderborn,,not_interested,skip,yes,Steam,no,,,,not_needed,,,
Eldest Souls,2021,not_interested,skip,,,,,,,,,,
Elebits,,not_interested,skip,no,,no,,,,not_needed,,,
Electronauts,,not_interested,skip,no,PSVR,,,,1,,,vr,
Electronic Super Joy,,not_interested,skip,,PS+ Premium,,,,,,,,
Elefunk*,,not_interested,skip,,PS+ Premium,,,,,,,,
Element4l,,played,,no,PSV,no,,,,,,,
Eleven Eleven,,not_interested,skip,no,PSVR,,,,1,,,vr,
ELEX,2017,backlog,someday,no,,no,,,,not_needed,,emerytura,
ELEX 2,2022,backlog,someday,no,,no,,,,,,emerytura,
Eliss,,not_interested,skip,no,,no,,,,not_needed,,,
Elite,,not_interested,skip,no,,no,,,,not_needed,,,
Elite Beat Agents,,not_interested,skip,no,,no,,,,not_needed,,,
Elite Dangerous,,not_interested,skip,yes,Epic,no,,,,not_needed,,,
Eliza,,not_interested,skip,no,,no,,,,not_needed,,,
Else Heart.Break(),2015,not_interested,skip,no,,no,,,,not_needed,,,
Embr (PS4),,not_interested,skip,,PS+ Premium,,,,,,,,
Empire Earth: Gold Edition,,not_interested,skip,no,GOG,no,,,,not_needed,,,
EMPIRE OF SIN,2020,not_interested,skip,no,,no,,,,not_needed,,,
Empire: Total War,,played,,yes,Steam,no,,,,,,,
Enclave,,not_interested,skip,no,Steam,no,,,,not_needed,,,
End Space,,not_interested,skip,no,PSVR,,,,1,,,vr,
Ender Lilies: Quietus of the Knights,,backlog,someday,no,,no,,,,,,emerytura,
ENDER LILIES: Quietus of the Knights,,not_interested,skip,no,,no,,,,,,,
Enderal: Forgotten stories [TES V],2016,backlog,someday,yes,Steam,no,,,,not_needed,,emerytura,
Endless Legend,2014,not_interested,skip,no,,no,,,,not_needed,,,
Endling: Extinction is Forever,,not_interested,skip,yes,,no,,,2,,,,
Enemy Front*,,not_interested,skip,,PS+ Premium,,,,,,,,
Enemy Territory: Quake Wars,,played,,no,,no,,,,,,,
Enigmatis: The Ghosts of Maple Creek,,not_interested,skip,,PS+ Premium,,,,,,,,
Enotria: The Last Song,,want_to_try,,no,,,,,,,,,
Enotria: The Last Song,,backlog,someday,no,,no,,,,,,emerytura,
Enshrouded,2024,backlog,someday,no,,no,,,,,,emerytura,
Enslaved: Odyssey to the West,2010,completed,,yes,PS3;Steam,no,,,,done,yes,,
Enter the Gungeon,,not_interested,skip,no,Epic;PS4,no,,,,not_needed,,,
Enter the Matrix,2003,backlog,someday,no,PC,no,,,6,not_needed,,emerytura;nie-pali-się,
Entropia Universe,,played,,yes,,no,,,,,,,
Entwined,2014,completed,,no,PS4;PSV,no,,,,,yes,,
Epistory - Typing Chronicles,,not_interested,skip,no,Epic,no,,,,,,,
EQQO,2020,not_interested,skip,no,Android,no,,,,not_needed,,,
Erica,2019,completed,,yes,PS4;PS+,no,,,,,yes,,
Escape Dead Island*,,not_interested,skip,,PS+ Premium,,,,,,,,
Escape from Monkey Island,,not_interested,skip,no,Amazon Prime,no,,,,,,,
Escape from Tarkov,,backlog,someday,no,,no,,,,,,emerytura,
Escape Plan,2012,not_interested,skip,yes,PSV,no,,,,not_needed,,,
Eschalon: Book I,,not_interested,skip,yes,GOG,no,,,,not_needed,,,
Esper,,not_interested,skip,no,PSVR,,,,1,,,vr,
Espire 1: VR Operative,2019,backlog,high,yes,PSVR,yes,,,7,,,vr,
Eternal,,played,,yes,,no,,,,,,,
Eternal Darkness,2002,backlog,someday,no,,no,,,3,,,emerytura,
Eternal Strands,,want_to_try,,no,,,,,,,,,
Eternal Strands,2025,backlog,someday,no,,no,,,,,,emerytura,
Eternights,,not_interested,skip,no,,no,,,,,,,
Ethan: Meteor Hunter*,,not_interested,skip,,PS+ Premium,,,,,,,,
Ether One,,not_interested,skip,no,PS4,no,,,,not_needed,,,
Etherborn,,not_interested,skip,no,Prime,no,,,,,,,
Eufloria*,,not_interested,skip,,PS+ Premium,,,,,,,,
Europa Universalis,2001,completed,,no,KŚG,no,,,,,yes,,
Europa Universalis II,,played,,no,,no,,,,,,,
Europa Universalis III,,played,,no,,no,,,,,,,
Europa Universalis IV,,not_interested,skip,yes,Epic,no,,,,not_needed,,,
Europa Universalis: II Wojna Światowa,,not_interested,skip,no,KŚG,no,,,,not_needed,,,
Evasion,,not_interested,skip,no,PSVR,,,,1,,,vr,
EVE Echoes,2020,played,,yes,Android,no,,,,,,,
EVE Online,,played,normal,yes,,no,,,,,,,
EVE Valkyrie,2016,not_interested,skip,no,PSVR,required,,,1,,,vr,
Eve: Vanguard,,upcoming,,no,,no,,,,,,,
Everquest,,played,,no,,no,,,,,,,
Everquest 2,,played,,no,,no,,,,,,,
Everspace,2016,backlog,someday,no,,no,,,,,,emerytura,
Everspace 2,2021,backlog,someday,no,,no,,,,,,emerytura,
EVERWILD,,upcoming,,no,,no,,,,,,,
Everybody's Golf,,not_interested,skip,yes,PSV,no,,,,not_needed,,,
Everybody's Golf VR,,not_interested,skip,no,PSVR,,,,1,,,vr,
Everybody’s Golf 5: World Tour,,not_interested,skip,no,,no,,,,not_needed,,,
Everyday Shooter,,not_interested,skip,no,,no,,,,not_needed,,,
Everyone's Gone to the Rapture,2015,completed,,no,PS4,no,,,,,yes,,
EVERYTHING,2017,backlog,someday,yes,Epic,no,,,,,,emerytura,
Evil Dead: The Game,2022,backlog,someday,yes,Epic;PS4;PS5,no,,,,,,emerytura,
Evil Genius,2004,not_interested,skip,yes,Steam,no,,,,not_needed,,,
Evil Genius 2 : World Domination,2021,not_interested,skip,,,,,,,,,można-olać,
Evil West,2022,backlog,someday,no,,no,,,,,,emerytura,
Evoland 2,,not_interested,skip,no,,no,,,,not_needed,,,
Evoland Legendary Edition,,not_interested,skip,no,Epic,no,,,,,,,
Evolve,2015,played,,no,,no,,,,,,,
Evotinction,,backlog,someday,,,,,,,,,emerytura;chcę-zagrać,
Excitebike 64,,not_interested,skip,no,,no,,,,not_needed,,,
Exile,,not_interested,skip,no,,no,,,,not_needed,,,
Exile's End,,not_interested,skip,no,,no,,,,not_needed,,,
Eximius: Seize the Frontline,2018,backlog,someday,no,Epic,no,,,,,,emerytura,
Exit 2,,not_interested,skip,no,,no,,,,not_needed,,,
Exo One,,not_interested,skip,no,,no,,,,,,,
Exoprimal,2023,backlog,someday,no,,no,,,7,,,emerytura,
Expeditions: A Mudrunner Game,,backlog,someday,no,,no,,,,,,emerytura,
Expeditions: ROME,,not_interested,skip,no,,no,,,,,,,
Extinction,2018,not_interested,skip,no,,no,,,,not_needed,,,
Extreme Exorcism,,not_interested,skip,no,PS3;PS4,no,,,,not_needed,,,
Eye of the Beholder Trilogy,,not_interested,skip,no,,no,,,,not_needed,,,
EyePet,,not_interested,skip,no,,no,,,,not_needed,,,
F-Zero GX,,not_interested,skip,no,,no,,,,not_needed,,,
F-Zero X,,not_interested,skip,no,,no,,,,not_needed,,,
F.3.A.R. (FEAR 3),2011,backlog,someday,no,,no,,,3,,,emerytura,
F.E.A.R. 2: Project Origin,2009,backlog,someday,no,,no,,,,,,emerytura,
F.E.A.R. FIRST ENCOUNTER ASSAULT RECON,2005,completed,,yes,GOG;PS+ Premium,no,,2024,,,,,
F.I.S.T.: Forged In Shadow Torch,2021,not_interested,skip,no,Epic,no,,,,,,,
F1 2015,,not_interested,skip,no,Steam,no,,,,not_needed,,,
F1 23,,not_interested,skip,no,,no,,,,,,można-olać,
F1 Race Stars,,played,,no,,no,,,,,,,
Fable 2,2008,completed,,no,Xbox Game Pass,no,,,,,yes,,
Fable 3,2010,completed,,no,Xbox Game Pass,no,,,,,yes,,
Fable The Journey,2012,backlog,someday,no,Xbox 360,no,,,,,,emerytura,
Factorio,2016,not_interested,skip,no,,no,,,,not_needed,,,
Fade to Silence,,not_interested,skip,,PS+ Premium,,,,,,,,
Fade to Silence,2017,not_interested,skip,no,,no,,,,not_needed,,,
Faeria,,not_interested,skip,no,Epic,no,,,,not_needed,,,
Faery Legends of Avalon,,not_interested,skip,no,CDA,no,,,,not_needed,,,
Fahrenheit,2005,limbo,,yes,PS4;Steam;Amazon Prime,no,,,5,,,,
Fairlight,,not_interested,skip,no,,no,,,,not_needed,,,
FALCON AGE,2019,backlog,,no,PSVR,yes,,,7,,,vr;fabuła,
Fall Guys: Ultimate Knockout,,played,,yes,PS4;PS+,no,,,,,,,
Fallen Earth,,played,,no,,no,,,,,,,
Fallen Legion: Flames of Rebellion,,not_interested,skip,no,PS4;PSV,no,,,,not_needed,,,
FALLOUT,1997,completed,,yes,GOG;Epic,no,,,,,,,
FALLOUT 2,1998,completed,,yes,GOG;Epic,no,,,,,,,
Fallout 3: GOTY,2008,completed,,no,PS3;Epic,no,,,,,yes,wrócić,
Fallout 4,2015,completed,high,yes,PS4,no,,2024,6,,,,
Fallout 76,2018,limbo,,yes,PS4,no,,,,,,,
Fallout Shelter,,played,,no,,no,,,,,,,
FALLOUT TACTICS: Brotherhood of Steel,2001,backlog,someday,yes,Epic,no,,,,,,emerytura,
Fallout: New California,2018,backlog,someday,no,,no,,,,,,emerytura,
Fallout: New Vegas,2010,completed,,no,PS3,no,,,,,yes,wrócić,
Fantastic Contraption,,not_interested,skip,no,,no,,,,not_needed,,,
Fantasy Wars,,not_interested,skip,no,,no,,,,not_needed,,,
Fantasy World Dizzy,,not_interested,skip,no,,no,,,,not_needed,,,
FantaVision,,not_interested,skip,,PS+ Premium,,,,,,,,
FAR : Changing Tides,2022,not_interested,skip,,,,,,,,,można-olać,
Far Cry,2004,completed,,no,PC,no,,,,,yes,,
Far Cry 2,2008,completed,,yes,PSS;CDA,no,,,,,yes,,
Far Cry 3,2012,completed,,yes,PS3,no,,,,,yes,,
Far Cry 3: Blood Dragon,2013,completed,,yes,,no,,,,,yes,,
Far Cry 4,2014,completed,,yes,PS4;Uplay,no,,,,,yes,,
Far Cry 5 (+LoM+HD+DLZ),2018,completed,,no,Uplay+,no,,,,,yes,,
Far Cry 6,2021,completed,,no,,no,,,8,,,wrócić,
Far Cry Primal,2016,completed,,yes,PS4,no,,,,todo,yes,,
Far Cry: New Dawn,2019,completed,,yes,PS4,no,,,,todo,yes,,
Far from Noise,2017,backlog,someday,no,,no,,,,,,emerytura,
Far West,2002,played,,no,,no,,,,,yes,,
Far: Changing Tides,2022,not_interested,skip,no,,no,,,,,,,
Far: Lone Sails,,not_interested,skip,no,,no,,,,,,,
Far: Lone Sails,,not_interested,skip,no,,no,,,,not_needed,,,
Farming Simulator 19,2018,not_interested,skip,yes,PS4;Epic,no,,,,not_needed,,,
Farpoint,2017,completed,,yes,PSVR,required,,2024,7,,,,
Faselei!,,not_interested,skip,no,,no,,,,not_needed,,,
Fat Princess,,played,,no,,no,,,,,,,
Fatal Frame II: Crimson Butterfly,,not_interested,skip,no,,no,,,,not_needed,,,
Fatal Frame IV: Mask of the Lunar Eclipse,,not_interested,skip,no,,no,,,,not_needed,,,
Fatal Fury Special,,not_interested,skip,no,Prime Gaming,no,,,,,,,
Fatal Fury: Mark of the Wolves,,not_interested,skip,no,,no,,,,not_needed,,,
Fate/Samurai Remnant,,want_to_try,,no,,,,,,,,,
Fated: The Silent Oath,2016,backlog,someday,no,PSVR,yes,,,7,,,emerytura,
Façade,,not_interested,skip,no,,no,,,,not_needed,,,
FBC: Firebreak,,want_to_try,,no,,,,,,,,,
FE,2018,not_interested,skip,yes,PS4,no,,,,not_needed,,,
Fear Effect,2000,not_interested,skip,no,,no,,,,not_needed,,,
Fear Effect 2,2001,not_interested,skip,no,,no,,,,,,,
Fear Effect Sedna,2018,not_interested,skip,no,,no,,,,not_needed,,,
Fear the Spotlight,2024,not_interested,skip,,,,,,,,,,
Fear the Wolves,,not_interested,skip,no,,no,,,,not_needed,,,
Fear the Wolves,2018,not_interested,skip,no,,no,,,,not_needed,,,
Fell Seal: Arbiter's Mark,,not_interested,skip,no,Prime Gaming,no,,,,,,,
Ferrari F355 Challenge,,not_interested,skip,no,,no,,,,not_needed,,,
FEZ,2012,backlog,someday,no,PS4;PSV,no,,,,,,emerytura,
FIA European Truck Racing Championship,,not_interested,skip,,PS+ Premium,,,,,,,,
Fieldrunners,,not_interested,skip,no,,no,,,,not_needed,,,
Fifa 08,,played,,no,,no,,,,,,,
FIFA 19,2018,completed,,yes,,no,,,,,yes,,
FIFA 20,2019,played,,yes,,no,,,,,,,
FIFA 2000,1999,completed,,yes,PC,no,,,,,yes,,
FIFA 22,2021,played,,yes,,no,,,,,,,
Fifa 98,,played,,no,,no,,,,,,,
FIFA World Cup 2002,2002,played,,no,,,,,,,,,
Fifa World Cup 2010,2010,completed,,yes,PS3,no,,,,,yes,,
Fight Night Round 3,,not_interested,skip,no,,no,,,,not_needed,,,
FIGHTING EX LAYER - Standard Version,,not_interested,skip,,PS+ Premium,,,,,,,,
Fights in Tight Spaces,2020,backlog,someday,no,,no,,,,,,emerytura,
Figment,2017,not_interested,skip,yes,Epic,no,,,,not_needed,,,
Filament,,not_interested,skip,no,Epic,no,,,,,,,
Final Assault,,not_interested,skip,no,PSVR,,,,1,,,vr,
Final Exam*,,not_interested,skip,,PS+ Premium,,,,,,,,
Final Fantasy Crystal Chronicles,,not_interested,skip,no,,no,,,,not_needed,,,
Final Fantasy Crystal Chronicles: The Crystal Bearers,,not_interested,skip,no,,no,,,,not_needed,,,
Final Fantasy I,,not_interested,skip,no,,no,,,,not_needed,,,
Final Fantasy II,,not_interested,skip,no,,no,,,,not_needed,,,
Final Fantasy III,,not_interested,skip,no,,no,,,,not_needed,,,
Final Fantasy IV,,not_interested,skip,no,,no,,,,not_needed,,,
Final Fantasy IX,2000,backlog,someday,no,,no,,,3,not_needed,,emerytura,
Final Fantasy Tactics,,not_interested,skip,no,PSX,no,,,,,,,
Final Fantasy Tactics A2: Grimoire of the Rift,,not_interested,skip,no,,no,,,,not_needed,,,
Final Fantasy Type-0 HD,2011,backlog,someday,no,,no,,,3,,,emerytura,
Final Fantasy V,,not_interested,skip,no,,no,,,,not_needed,,,
Final Fantasy VI,,not_interested,skip,no,,no,,,,not_needed,,,
Final Fantasy VII (original),,not_interested,skip,no,PS Classic,no,,,,not_needed,,,
Final Fantasy VII Rebirth,2024,limbo,,no,,no,,,,,,,
Final Fantasy VII Remake (+ INTERmission),2020,completed,high,yes,PS4;PS5,no,5,2022,8,,yes,,
Final Fantasy VIII,1999,not_interested,skip,no,,no,,,,not_needed,,,
Final Fantasy X HD,2001,backlog,someday,no,PS4,no,,,,,,emerytura,
Final Fantasy X-2 HD,2003,backlog,someday,no,PS4,no,,,,,,emerytura,
Final Fantasy XI,2002,not_interested,skip,no,,no,,,,not_needed,,,
Final Fantasy XII: The Zodiac Age,2006,backlog,someday,no,PS4,no,,,,,,emerytura,
Final Fantasy XIII,2009,backlog,someday,yes,PS3;PC,no,,,,,,emerytura,
Final Fantasy XIII-2,2011,backlog,someday,no,,no,,,,,,emerytura,
Final Fantasy XIV: A Realm Reborn,2010,completed,,yes,PC;PS3;PS4;PS5,no,,,,,yes,,
Final Fantasy XV Royal Edition,2016,limbo,,no,PS4,no,,,8,,,,
Final Fantasy XVI,2023,limbo,,no,,no,,,9,,,,
Final Fight,,not_interested,skip,no,,no,,,,not_needed,,,
Final Fight: Double Impact*,,not_interested,skip,,PS+ Premium,,,,,,,,
Final Furlong,,not_interested,skip,no,,no,,,,not_needed,,,
Final Horizon,,not_interested,skip,no,,no,,,,not_needed,,,
Fire Emblem Engage,,not_interested,skip,no,,no,,,,,,,
Fire Emblem Engage,2023,backlog,someday,no,,no,,,5,,,emerytura,
Fire Emblem Warriors,,not_interested,skip,no,,no,,,,,,,
Fire Emblem: Awakening,,not_interested,skip,no,,no,,,,not_needed,,,
Fire Emblem: Path of Radiance,,not_interested,skip,no,,no,,,,not_needed,,,
FIRE EMBLEM: THREE HOUSES,2019,not_interested,skip,no,,no,,,,,,,
Fire Pro Wrestling Returns,,not_interested,skip,no,,no,,,,not_needed,,,
Fire Pro Wrestling World*,,not_interested,skip,,PS+ Premium,,,,,,,,
Firefighting Simulator - The Squad,2022,not_interested,skip,,,,,,,,,można-olać,
Firewall Zero Hour™,2018,played,,yes,PSVR,required,,,,,,,
Firewatch,2016,completed,,yes,PS4,no,,,,,yes,,
Fireworks,,not_interested,skip,yes,PSS,no,,,,not_needed,,,
First Class Trouble,,played,,yes,PS5;Epic,no,,,,,,,
Fishing: North Atlantic,,not_interested,skip,no,Prime Gaming,no,,,,,,,
Five Nights At Freddy's,,not_interested,skip,no,,no,,,,,,,
Flame Over,,not_interested,skip,no,PS4;PSV,no,,,,not_needed,,,
Flappy Bird,,not_interested,skip,no,,no,,,,not_needed,,,
Flashback,,not_interested,skip,yes,,no,,,,,,,
Flashback (2013),,not_interested,skip,no,,no,,,,not_needed,,,
Flatout,,not_interested,skip,no,GOG,no,,,,not_needed,,,
FlatOut 2,2006,played,,no,,,,,,,,,
Flatout 4: Total Insanity*,,not_interested,skip,,PS+ Premium,,,,,,,,
FlatOut: Ultimate Carnage,,not_interested,skip,no,,no,,,,not_needed,,,
Flight Control,,not_interested,skip,no,,no,,,,not_needed,,,
Flight of the Amazon Queen,,not_interested,skip,no,,no,,,,not_needed,,,
Flintlock: The Siege of Dawn,2024,backlog,someday,no,Xbox Game Pass,no,,,,,,emerytura,
Flipnic,,not_interested,skip,no,,no,,,,not_needed,,,
Floodland,2022,backlog,someday,no,,no,,,4,not_needed,,emerytura,
Floor Plan,,not_interested,skip,no,PSVR,,,,1,,,vr,
Florence,2018,completed,,yes,Android,no,,,,,yes,,
flOw,2007,completed,,no,,no,,,,,yes,,
Flower,2009,completed,,yes,PS3,no,,,,,yes,,
FLUSTER CLUCK,,not_interested,skip,,PS+ Premium,,,,,,,,
Flywrench,,not_interested,skip,no,,no,,,,not_needed,,,
Foamstars,,played,,no,,no,,,,,,,
Folklore,2007,backlog,someday,no,PS3,,,,,,,emerytura,
Football Manager 2010,,not_interested,skip,no,,no,,,,not_needed,,,
Football Manager 2020,,not_interested,skip,yes,Epic,no,,,,not_needed,,,
Football Manager 2021,,not_interested,skip,yes,Epic,no,,,,,,,
Football Manager 2024,2023,not_interested,skip,,,,,,,,,można-olać,
For Honor,2017,completed,,yes,PS4;Uplay;Epic,no,,,,not_needed,yes,,
For the King,,not_interested,skip,yes,Epic,no,,,,not_needed,,,
Forbidden Siren,2004,not_interested,skip,,,,,,,,,można-olać,
Foreclosed,,not_interested,skip,,PS+ Premium,,,,,,,,
Forever skies,,not_interested,skip,no,,no,,,,,,,
Forgive Me Father,2021,backlog,someday,no,,no,,,4,,,emerytura,
FORGOTTEN REALMS: DEMON STONE,,not_interested,skip,no,,no,,,,not_needed,,,
Forgotten Worlds,,not_interested,skip,no,,no,,,,not_needed,,,
FORM,,not_interested,skip,no,PSVR,,,,1,,,vr,
forma.8,2015,not_interested,skip,yes,PS4,no,,,,not_needed,,,
Forspoken,2023,backlog,someday,no,,no,,,,,,emerytura,
Fort Solis,2023,backlog,someday,no,,no,,,,,,emerytura,
Fort Triumph,,not_interested,skip,yes,Epic,no,,,,,,,
Fortnite,,completed,,no,,no,,,,,,,
Fortnite Battle Royale,,played,,yes,PS4,no,,,,,,,
Forza Horizon 5,,not_interested,skip,no,,no,,,,,,,
Forza Horizon 5,,not_interested,skip,no,,no,,,,not_needed,,,
Forza Motorsport 2,,not_interested,skip,no,,no,,,,not_needed,,,
Forza Motorsport 3,,not_interested,skip,no,,no,,,,not_needed,,,
Foul Play,,not_interested,skip,no,PS4;PSV,no,,,,not_needed,,,
Fracked,2021,completed,,yes,PSVR,required,,,7,,,,
Fracture,2008,played,,no,,,,,,,,,
Fractured Space,,not_interested,skip,no,,no,,,,not_needed,,,
Fragoria,,not_interested,skip,no,Play,no,,,,not_needed,,,
Free Realms,,played,,no,,no,,,,,,,
Free Running,,not_interested,skip,no,,no,,,,not_needed,,,
FREEDIVER: Triton Down,,not_interested,skip,no,PSVR,,,,1,,,vr,
Freedom Fighters,,not_interested,skip,no,,no,,,,not_needed,,,
Freedom Force vs. The 3rd Reich,,not_interested,skip,no,,no,,,,not_needed,,,
Freelancer,,not_interested,skip,no,,no,,,,not_needed,,,
Freespace 2,,not_interested,skip,no,GOG,no,,,,not_needed,,,
Frequency,,not_interested,skip,no,,no,,,,not_needed,,,
Friday the 13th: The Game,,not_interested,skip,no,PS4,no,,,,not_needed,,,
FROG FRACTIONS,,not_interested,skip,no,,no,,,,not_needed,,,
Frogger,,not_interested,skip,no,,no,,,,not_needed,,,
Frogger Returns*,,not_interested,skip,,PS+ Premium,,,,,,,,
From Dust,2011,played,,no,Uplay;PS3,no,,,,,yes,,
Front Mission 3,,not_interested,skip,no,,no,,,,not_needed,,,
Front Mission 3,,not_interested,skip,no,PSX,no,,,,,,,
Front Mission Evolved,,not_interested,skip,no,Steam,no,,,,not_needed,,,
Frontier: Elite II,,not_interested,skip,no,,no,,,,not_needed,,,
Frostpunk,2018,completed,,yes,PS4;Epic;GOG,no,,,,,yes,,
Frostpunk 2,,want_to_try,,no,,,,,,,,,
Frostpunk 2,2024,backlog,someday,,,,,,,,,emerytura;chcę-zagrać,
Frozen Synapse Prime,,not_interested,skip,no,PSV,no,,,,not_needed,,,
FTL: Faster Than Light,,played,,no,Epic,no,,,,,,,
Fuel,,not_interested,skip,no,,no,,,,not_needed,,,
Fuel Overdose*,,not_interested,skip,,PS+ Premium,,,,,,,,
Fuga: Melodies of Steel,,not_interested,skip,no,,no,,,2,,,,
Fujii,,not_interested,skip,no,PSVR,,,,1,,,vr,
Full Throttle,,not_interested,skip,no,,no,,,,not_needed,,,
Full Throttle Reloaded,1995,completed,,yes,PS4;PSV,no,5,,,,,,
Furi,2016,completed,,yes,PS4,no,,,,,yes,,
Furmins,,not_interested,skip,no,PSV,no,,,,not_needed,,,
Fury Unleashed,,not_interested,skip,,PS+ Premium,,,,,,,,
Futuridium EP Deluxe,,not_interested,skip,no,PS4;PSV,no,,,,not_needed,,,
G-Force,,not_interested,skip,,PS+ Premium,,,,,,,,
G-LOC: Air Battle (R-360),,not_interested,skip,no,,no,,,,not_needed,,,
G-Police,1997,not_interested,skip,,,,,,,,,można-olać,
Gabbuchi,,not_interested,skip,,PS+ Premium,,,,,,,,
Gabriel Knight: Sins of the Fathers – 20th Anniversary Edition,1993,not_interested,skip,no,,no,,,,not_needed,,,
GAL GUNVOLT BURST*,,not_interested,skip,,PS+ Premium,,,,,,,,
Galactic Civilizations II: Ultimate Edition,,not_interested,skip,no,,no,,,,not_needed,,,
Galactic Civilizations III,,not_interested,skip,yes,Epic,no,,,,not_needed,,,
Galaga,,not_interested,skip,no,,no,,,,not_needed,,,
Galaga ’88,,not_interested,skip,no,,no,,,,not_needed,,,
GALAK-Z,,not_interested,skip,no,PS4;Steam,no,,,,not_needed,,,
Galaxian,,not_interested,skip,no,,no,,,,not_needed,,,
Galaxy of Pen and Paper,,not_interested,skip,no,Amazon Prime,no,,,,,,,
Galaxy on Fire 2 Full HD,,not_interested,skip,yes,,no,,,,not_needed,,,
Galcon,,not_interested,skip,no,,no,,,,not_needed,,,
Galerians,,not_interested,skip,no,PSX,no,,,,,,,
Game Dev Tycoon,2012,backlog,someday,no,PS4,no,,,,,,emerytura,
Game of Thrones: Season 1,,not_interested,skip,no,PS4,no,,,,not_needed,,,
GameDec,2021,backlog,someday,yes,Epic,no,,,,,,emerytura,
GAROU: MARK OF THE WOLVES*,,not_interested,skip,,PS+ Premium,,,,,,,,
Garry’s Mod,,played,,no,,no,,,,,,,
Gauntlet,,not_interested,skip,no,,no,,,,not_needed,,,
Gauntlet II,,not_interested,skip,no,,no,,,,not_needed,,,
Gauntlet: Slayer Edition,,played,,no,PS4,no,,,,,,,
Gears 5 + Hivebusters,2019,completed,,no,Xbox Game Pass,no,,2023,,,,,
Gears of War,2006,completed,,no,Xbox Game Pass,no,,,,,yes,,
Gears of War 2,2008,completed,,no,Xbox Game Pass,no,,,,,yes,,
Gears of War 3,2011,completed,,no,Xbox Game Pass,no,,,,,yes,,
Gears of War 4,2016,completed,,no,Xbox Game Pass,no,,,,,yes,,
Gears of War: Judgment,2013,completed,,no,Xbox Game Pass,no,,,,,yes,,
Gears of War: Reloaded,,want_to_try,,no,,,,,,,,,
Gears Tactics,2020,backlog,someday,no,,no,,,6,,,emerytura,
Gemini Rue,2011,not_interested,skip,no,,no,,,,,,,
Gemini Wing,,not_interested,skip,no,,no,,,,not_needed,,,
Gemini: Heroes Reborn,2016,not_interested,skip,no,,no,,,,,,,
Geneforge 1 - Mutagen,,not_interested,skip,no,,no,,,,,,,
Generation Zero,,backlog,someday,no,,no,,,6,,,emerytura,
Genesis Alpha One,,not_interested,skip,no,,no,,,,,,,
Genesis Alpha One,,not_interested,skip,no,,no,,,,not_needed,,,
Genesis Noir,,not_interested,skip,no,,no,,,,not_needed,,,
Genji: Dawn of the Samurai,,not_interested,skip,,,,,,,,,,
Genji: Days of the Blade*,,not_interested,skip,,PS+ Premium,,,,,,,,
GenShin Impact,2020,backlog,someday,yes,,no,,,,,,emerytura,
Genso Suikogaiden Volume 1,,not_interested,skip,no,,no,,,,not_needed,,,
Genso Suikogaiden Volume 2,,not_interested,skip,no,,no,,,,not_needed,,,
GeoDefense Swarm,,not_interested,skip,no,,no,,,,not_needed,,,
Geometry Wars,,not_interested,skip,no,,no,,,,not_needed,,,
Geometry Wars 3,,not_interested,skip,no,PSV,no,,,,not_needed,,,
Geometry Wars: Retro Evolved 2,,not_interested,skip,no,,no,,,,not_needed,,,
Get Even,2017,backlog,someday,no,,no,,,,,,emerytura,
Getting Over It with Bennett Foddy,2017,not_interested,skip,no,Steam,no,,,,not_needed,,,
Gex: Enter the Gecko,,not_interested,skip,no,PSX,no,,,,,,,
Ghost Giant,2019,completed,,yes,PSVR,required,,2024,7,,,,
Ghost Master,2003,played,,no,,,,,,,,,
Ghost of a Tale,,not_interested,skip,,PS+ Premium,,,,,,,,
Ghost of Tsushima: Director's Cut (+ DLC),2020,completed,,yes,PS4,no,5,2024,9,,yes,dodatki-do-ogrania,
Ghost of Yotei,,limbo,,,,,,,,,,,
Ghost Recon Advanced Warfighter,,not_interested,skip,no,,no,,,3,not_needed,,,
Ghost Recon Advanced Warfighters 2,,not_interested,skip,no,CDA,no,,,3,not_needed,,,
Ghost Recon Future Soldier,,not_interested,skip,no,PS3,no,,,3,not_needed,,,
Ghost Trick: Phantom Detective,,want_to_try,,no,,,,,,,,,
Ghost Trick: Phantom Detective,,not_interested,skip,no,,no,,,,not_needed,,,
Ghostbusters : Spirits Unleashed,2022,not_interested,skip,,,,,,,,,,
Ghostbusters: Rise of the ghost lord,,not_interested,skip,no,,no,,,,,,,
Ghostbusters: Sanctum of Slime*,,not_interested,skip,,PS+ Premium,,,,,,,,
Ghostbusters: The Video Game - remaster,2019,not_interested,skip,yes,Epic,no,,,,not_needed,,,
Ghosthunter,2003,not_interested,skip,,,,,,,,,można-olać,
Ghostrunner,2020,backlog,someday,yes,PS5;PS4;GOG,no,,,,,,emerytura,
Ghostrunner 2,,backlog,someday,no,,no,,,,,,emerytura,
Ghosts ’n Goblins,,not_interested,skip,no,,no,,,,not_needed,,,
Ghostwire: Tokyo,2022,completed,high,yes,PS5;Epic,no,,2024,8,,,,
Ghostwire: Tokyo – Preludium,,not_interested,skip,no,PS5,no,,,,not_needed,,,
Ghouls ’n Ghosts,,not_interested,skip,no,,no,,,,not_needed,,,
Giana Sisters,,not_interested,skip,no,,no,,,,,,,
Giana Sisters: Twisted Dreams,,not_interested,skip,no,Prime Gaming,no,,,,,,,
Giana Sisters: Twisted Dreams - Director's Cut,,not_interested,skip,,PS+ Premium,,,,,,,,
Giants Uprising,,not_interested,skip,no,,no,,,,not_needed,,,
Giants: Citizen Kabuto,,not_interested,skip,no,,no,,,,not_needed,,,
GigaBash,2022,not_interested,skip,,,,,,,,,można-olać,
Gitaroo Man,,not_interested,skip,no,,no,,,,not_needed,,,
Glitchpunk,,not_interested,skip,no,,no,,,,not_needed,,,
Global Agenda,,played,,no,,no,,,,,,,
Gloomwood,,not_interested,skip,no,,no,,,,,,,
Gloria Victis,2016,played,,yes,Steam,no,,,7,,,,
GNOG,2017,not_interested,skip,no,Epic,no,,,,not_needed,,,
Go! Sports Ski,,not_interested,skip,,PS+ Premium,,,,,,,,
Goat Simulator,2014,played,,no,,no,,,,,yes,,
God Hand,,not_interested,skip,no,,no,,,,not_needed,,,
God of War,2005,completed,,no,PS+,no,,,,,yes,,
God of War [2018],2018,completed,,yes,PS4,no,,,6,done,yes,wrócić,
God of War II,2007,completed,,no,,no,,,,,yes,,
God of War III Remastered,2010,completed,,yes,PS3;PS4,no,,,,,yes,,
God of War: Chains of Olympus,2008,completed,,yes,PSV,no,,,,,yes,,
God of War: Ghost of Sparta,2010,completed,,yes,PSV,no,,,,,yes,,
God of War: Ragnarok (+ Valhalla),2022,completed,,yes,PS5;PS4,no,5,,7,,yes,dodatki-do-ogrania,
God of War: Wstąpienie,2013,completed,,yes,PS3,no,,,,,yes,,
God's Trigger,2018,not_interested,skip,no,Epic,no,,,,not_needed,,,
GODFALL,2020,not_interested,skip,no,,no,,,,,,,
Godfall: Challenger Edition (tylko multiplayer),,played,,yes,PS4;PS5;Epic,no,,,,,,,
GodMode,,not_interested,skip,no,,no,,,,not_needed,,,
Gods Eater Burst,2011,not_interested,skip,,,,,,,,,można-olać,
Gods Will Fall,,not_interested,skip,yes,Epic,no,,,,,,,
Goetia,,not_interested,skip,no,,no,,,,not_needed,,,
Going Medieval,2021,backlog,someday,no,,no,,,,,,emerytura,
Golazo! Soccer League,,not_interested,skip,no,Amazon,no,,,,not_needed,,,
Golden Sun,,not_interested,skip,no,,no,,,,not_needed,,,
Golden Tee Live,,not_interested,skip,no,,no,,,,not_needed,,,
GoldenEye 007,1997,played,high,no,,,,,1,not_needed,,,
GoldenEye 007: Reloaded,2010,completed,,no,PS3,no,,,,,yes,,
Golem,2019,backlog,high,yes,PSVR,required,,,7,,,vr,
Golf Club Wasteland,,not_interested,skip,no,,no,,,,,,,
Golf Story,2017,backlog,someday,no,,no,,,,,,emerytura,
Golf with Your Friends,,not_interested,skip,,PS+ Premium,,,,,,,,
Gone Home,2013,completed,,yes,PS4;PC,no,,,,,yes,,
Gone Viral,,not_interested,skip,no,Prime Gaming,no,,,,,,,
GoNNER,,not_interested,skip,yes,Epic,no,,,,not_needed,,,
Gonner,,not_interested,skip,no,,no,,,,not_needed,,,
Good Goliath,,not_interested,skip,no,PSVR,,,,1,,,vr,
Goodbye Deponia,,not_interested,skip,no,,no,,,,not_needed,,,
Goosebumps: The Game,,not_interested,skip,,PS+ Premium,,,,,,,,
Gord,2023,backlog,someday,no,,no,,,,,,emerytura,
Gorf,,not_interested,skip,no,,no,,,,not_needed,,,
Gorgoa,2017,played,,no,Android,no,,,,,,,
Gorky 17,1999,backlog,someday,yes,,no,,,,not_needed,,emerytura,
Gorky Zero: Fabryka niewolników,2004,backlog,someday,,,,,,,,,emerytura;chcę-zagrać,
GORN,,not_interested,skip,no,PSVR,,,,1,,,vr,
Gorogoa,2017,backlog,someday,yes,Android,no,,,3,,,emerytura,
Gotham City Imposters,,played,,no,PS+,no,,,,,,,
Gotham Knights,2022,completed,,no,PS+ Premium,no,,,8,,,,
Gothic,2001,completed,,yes,Steam,no,,,,,yes,,
Gothic 3,2006,completed,,yes,Steam,no,,,,,yes,,
Gothic II: Gold Edition,2002,completed,,yes,Steam,no,,,,,yes,,
Gottlieb Pinball Classics,,not_interested,skip,no,,no,,,,not_needed,,,
Gra o Tron: Początek,,not_interested,skip,no,Steam,no,,,,not_needed,,,
Gra o Tron: RPG,,not_interested,skip,no,Steam,no,,,,not_needed,,,
Gra Szyfrów,2022,not_interested,skip,yes,Steam,no,,,,,,,
Gradius,,not_interested,skip,no,,no,,,,not_needed,,,
Gradius V,,not_interested,skip,no,,no,,,,not_needed,,,
Gran Turismo,,not_interested,skip,no,,no,,,,not_needed,,,
Gran Turismo 2,,not_interested,skip,no,,no,,,,,,,
Gran Turismo 3: A-Spec,,not_interested,skip,no,,no,,,,not_needed,,,
Gran Turismo 4,2005,not_interested,skip,no,,,,,,,,,
Gran Turismo 5,2010,completed,,yes,PS3,no,,,,done,yes,,
Gran Turismo 6,2013,not_interested,skip,no,,no,,,,not_needed,,,
Gran Turismo 7,2022,playing,,yes,PS4;PS5,no,,,4,,yes,regularne;multiplayer,
Gran Turismo Sport (VR),,not_interested,skip,no,PSVR,,,,1,,,vr,
Granblue Fantasy: Relink,,want_to_try,,no,,,,,,,,,
Granblue Fantasy: Relink,,not_interested,skip,no,,no,,,,,,można-olać,
Granblue Fantasy: Versus,,not_interested,skip,yes,PS4,no,,,,,,,
Grand Ages: Medieval,,not_interested,skip,,PS+ Premium,,,,,,,,
Grand Kingdom,,not_interested,skip,no,PSV;PS4,no,,,,not_needed,,,
Grand Prix Legends,,not_interested,skip,no,,no,,,,not_needed,,,
Grand Slam Tennis,,not_interested,skip,no,,no,,,,not_needed,,,
Grand Theft Auto,1997,completed,,no,PS Classic,no,,,,,yes,,
Grand Theft Auto III - The Definitive Edition,2021,completed,,no,PS5,no,,2025,7,,,,
Grand Theft Auto V,2013,completed,,yes,PS5;PS4;PS3,no,,2013,7,done,yes,wrócić,
Grand Theft Auto: San Andreas - The Definitive Edition,2021,limbo,,no,PS5,no,,,7,,,,
Grand Theft Auto: Vice City - The Definitive Edition,2021,limbo,,no,PS5,no,,,7,,,,
Grandia,,not_interested,skip,no,PSX,no,,,,,,,
Grandia II,,not_interested,skip,no,,no,,,,not_needed,,,
Graveyard Keeper,,not_interested,skip,,PS+ Premium,,,,,,,,
Gravitar,,not_interested,skip,no,,no,,,,not_needed,,,
Gravity Crash,,not_interested,skip,no,,no,,,,not_needed,,,
Gravity Power,,not_interested,skip,no,,no,,,,not_needed,,,
Gravity Rush,2012,completed,,yes,PSV,no,,,,,yes,,
Gravity Rush 2,2017,limbo,,no,PS+ Premium,no,,,,,,,
Greedfall,2019,completed,,yes,PS4;PS+,no,,,,,yes,,
Green Beret,,not_interested,skip,no,,no,,,,not_needed,,,
Green Hell,2018,backlog,someday,no,,no,,,,,,emerytura,
Greg Hastings Paintball 2*,,not_interested,skip,,PS+ Premium,,,,,,,,
Gregory Horror Show,,not_interested,skip,no,,no,,,,not_needed,,,
GRID 2,,not_interested,skip,no,,no,,,,not_needed,,,
GRID Autosport,,not_interested,skip,no,,no,,,,not_needed,,,
Grid Legends,,not_interested,skip,no,PS4,no,,,,,,,
GRID Legends,,not_interested,skip,no,Origin,no,,,,,,,
Griftlands,2019,backlog,someday,no,,no,,,,,,emerytura,
Grim Dawn,2015,limbo,,no,,no,,,,not_needed,,,
Grim Fandango Remastered,1998,completed,,yes,PSV;PS4,no,,,,,yes,,
Grime - Definitive Edition,2024,not_interested,skip,,,,,,,,,można-olać,
GrimGrimoire,,not_interested,skip,no,,no,,,,not_needed,,,
GRIP: Combat Racing,,not_interested,skip,,PS+ Premium,,,,,,,,
GRIS,2018,not_interested,skip,no,Xbox Game Pass PC,no,,,,,,,
GROUNDED,2020,not_interested,skip,no,PS5,no,,,,not_needed,,,
Grounded 2,,want_to_try,,no,,,,,,,,,
Groundhog Day: Like Father Like Son,,not_interested,skip,no,PSVR,,,,1,,,vr,
Grow,,not_interested,skip,no,,no,,,,not_needed,,,
Grow Home,,not_interested,skip,no,,no,,,,,,,
GT Legends,,not_interested,skip,no,CDA,no,,,,not_needed,,,
GTA 2,1999,completed,,no,,no,,,,,yes,,
GTA III,2001,played,,yes,PS3;Steam,no,,,,,,,
GTA IV: Complete Edition,2008,completed,,yes,PSN;Steam,no,,,,,yes,,
GTA Online,2013,played,normal,yes,PS4,no,,,5,,yes,,
GTA: Chinatown Wars,2009,backlog,someday,no,PSV,no,,,,,,emerytura,
GTA: Liberty City Stories,2005,backlog,someday,no,PSV;PSP,no,,,,,,emerytura,
GTA: San Andreas,2004,played,,yes,PS3;Steam,no,,,,,,,
GTA: Vice City,2003,played,,yes,Steam,no,,,,,,,
GTA: Vice City Stories,2006,backlog,someday,no,,no,,,,not_needed,,emerytura,
GTFO,,not_interested,skip,no,,no,,,,,,,
GTI Club Rally Côte d’Azur,,not_interested,skip,no,,no,,,,not_needed,,,
GTR 2,,not_interested,skip,no,,no,,,,not_needed,,,
Guacamelee,,not_interested,skip,yes,PSV;Steam,no,,,,not_needed,,,
Guacamelee! 2,2018,not_interested,skip,no,,no,,,,not_needed,,,
Guardian Heroes,,not_interested,skip,no,,no,,,,not_needed,,,
Guardians of Middle-earth,2012,played,,yes,PS+,no,,,,,,,
Guardians of the Galaxy,2021,completed,,yes,PS4;PS5,no,5,,6,,yes,wrócić,
Guild of Ascension,,not_interested,skip,no,Amazon Prime,no,,,,,,,
Guild of Dungeoneering,,not_interested,skip,yes,Epic,no,,,,not_needed,,,
"Guild Wars (Prophecies, Factions, Nightfall + Eye of the North)",2005,completed,,yes,PC,no,5,,,,,,
Guild Wars 2,2012,playing,,yes,PC,no,5,2012,9,done,yes,regularne;multiplayer,
Guilty Gear -Strive-,,not_interested,skip,no,,no,,,,,,,
Guilty Gear Xrd -REVELATOR-,,not_interested,skip,,PS+ Premium,,,,,,,,
Guitar Hero,,not_interested,skip,no,,no,,,,not_needed,,,
Guitar Hero II,,not_interested,skip,no,,no,,,,not_needed,,,
Guitar Hero III: Legends of Rock,2007,not_interested,skip,no,,,,,,,,,
Guitar Hero World Tour,,not_interested,skip,no,,no,,,,not_needed,,,
Guitar Hero: Greatest Hits,2009,completed,,no,PS3,no,,,,,yes,,
Guitar Hero: Metallica,,not_interested,skip,no,,no,,,,not_needed,,,
GUN,2005,completed,,no,,no,,,,,yes,,
Gun Club VR,2017,not_interested,skip,no,PSVR,yes,,,1,,,vr,
Gun Metal,,not_interested,skip,no,,no,,,,not_needed,,,
Gungrave G.O.R.E.,2022,not_interested,skip,no,Xbox Game Pass,no,,,,,,,
Gunhouse,,not_interested,skip,no,PSV,no,,,,not_needed,,,
Gunpey,,not_interested,skip,no,,no,,,,not_needed,,,
Gunrave Gore,,not_interested,skip,no,,no,,,,,,,
Gunstar Heroes,,not_interested,skip,no,,no,,,,not_needed,,,
Gunstar Super Heroes,,not_interested,skip,no,,no,,,,not_needed,,,
Guns’n’Stories: Bulletproof VR,,not_interested,skip,no,PSVR,yes,,,1,,,vr,
GUNVOLT CHRONICLES LUMINOUS AVENGER IX,,not_interested,skip,,PS+ Premium,,,,,,,,
Gwent: Rogue Mage,2022,backlog,someday,no,,no,,,,not_needed,,emerytura,
Gwiezdne Wilki 2,,not_interested,skip,no,CDA,no,,,,not_needed,,,
GWINT: Wiedźmińska gra karciana,2017,completed,,yes,GOG;Android,no,,,,,yes,,
GYLT,,want_to_try,,no,,,,,,,,,
Gyruss,,not_interested,skip,no,,no,,,,not_needed,,,
H.E.R.O.,,not_interested,skip,no,,no,,,,not_needed,,,
H1Z1,2016,not_interested,skip,no,,no,,,,not_needed,,,
Hades,2018,limbo,,no,,no,,,7,,,,
Hades II,,limbo,,,,,,,,,,,
Haegemonia: Legions of Iron,,not_interested,skip,no,,no,,,,not_needed,,,
Hakuoki: Stories of the Shinsengumi*,,not_interested,skip,,PS+ Premium,,,,,,,,
Halcyon 6,,not_interested,skip,yes,Epic,no,,,,not_needed,,,
Half Life 2,2004,completed,,yes,Steam,no,,,,,yes,,
Half Life 2: Deathmatch,,played,,no,Steam,no,,,,,,,
Half Life 2: Episode One,2006,completed,,no,Steam,no,,,,,yes,,
Half Life 2: Episode Two,2007,completed,,no,Steam,no,,,,,yes,,
Half Life 2: Lost Coast,2005,completed,,no,Steam,no,,,,,yes,,
Half Life: Decay,2001,not_interested,skip,no,,no,,,,,,,
Half-Life,1998,completed,,yes,Steam,no,,2025,7,,yes,,
Half-Life: Blue Shift,2001,playing,someday,yes,Steam,no,,,7,,,nie-pali-się,
Half-Life: Opposing Force,1999,playing,someday,yes,Steam,no,,,7,,,nie-pali-się,
Half-Minute Hero,2009,played,,no,,no,,,,,yes,,
Halo 2,2004,completed,,no,Xbox Game Pass,no,,,,,yes,,
Halo 3,2007,completed,,no,Xbox Game Pass,no,,,,,yes,,
Halo 4,2012,completed,,no,Xbox Game Pass,no,,,,,yes,,
Halo 5: Guardians,2015,completed,,no,Xbox Game Pass,no,,,,,yes,,
Halo Infinite,2021,completed,,no,Xbox Game Pass,no,,,,,yes,,
Halo ODST,2009,completed,,no,Xbox Game Pass,no,,,,,yes,,
Halo Reach,2010,completed,,no,Xbox Game Pass,no,,,,,yes,,
Halo Wars,,backlog,someday,no,Xbox 360,no,,,3,not_needed,,emerytura,
Halo Wars 2,,backlog,someday,no,,no,,,3,,,emerytura,
Halo: Combat Evolved,2001,completed,,no,Xbox Game Pass,no,,,,,yes,,
Hamilton's Great Adventure*,,not_interested,skip,,PS+ Premium,,,,,,,,
Hammerfight,,not_interested,skip,no,Steam,no,,,,not_needed,,,
Hamsterball,,not_interested,skip,no,PS+,no,,,,not_needed,,,
Hand of Fate,,not_interested,skip,no,,no,,,,not_needed,,,
Hand of Fate 2,,not_interested,skip,yes,Epic,no,,,,not_needed,,,
Handball 16,,not_interested,skip,no,PS3,no,,,,not_needed,,,
Happy Wheels,2010,completed,,no,Flash;web,no,,,,,yes,,
Hard Lads,,not_interested,skip,no,,no,,,,not_needed,,,
Hard Reset,2011,completed,,yes,Steam,no,,,,done,yes,,
Hard West,2015,not_interested,skip,no,,no,,,,,,,
Hardspace : Shipbreaker,2022,not_interested,skip,,,,,,,,,,
Hardware: Rivals,,not_interested,skip,no,,no,,,,not_needed,,,
Harmony: The Fall of Reverie,,not_interested,skip,no,,no,,,2,,,,
Harms Way,,not_interested,skip,no,,no,,,,,,,
Harold Halibut,2019,not_interested,skip,no,,no,,,,not_needed,,,
Harry Potter i Kamień Filozoficzny,,not_interested,skip,no,,no,,,,not_needed,,,
Harry Potter i Komnata Tajemnic,,not_interested,skip,no,,no,,,,not_needed,,,
Harry Potter Quidditch World Cup,,not_interested,skip,no,,no,,,,not_needed,,,
Harry Potter: Quidditch Champions,,played,normal,yes,,,,,,,,,
Harvest Moon,,not_interested,skip,no,,no,,,,not_needed,,,
Harvest Moon BtN,,not_interested,skip,no,PSX,no,,,,,,,
HARVEST MOON LIGHT OF HOPE SPECIAL EDITION,,not_interested,skip,,PS+ Premium,,,,,,,,
Harvest Moon: Friends of Mineral Town,,not_interested,skip,no,,no,,,,not_needed,,,
Harvest Moon: Hero of Leaf Valley,,not_interested,skip,no,PSV,no,,,,not_needed,,,
Harvest Moon: Mad Dash,,not_interested,skip,,PS+ Premium,,,,,,,,
Harvest Moon: One World,,not_interested,skip,,PS+ Premium,,,,,,,,
Hatoful Boyfriend,,not_interested,skip,no,PSV;PS4,no,,,,not_needed,,,
Have a nice death,,not_interested,skip,no,,no,,,,,,,
Haven,2020,backlog,someday,no,Xbox Game Pass,no,,,,,,emerytura,
Hawken,2012,played,,yes,PC,no,,,,,,,
Haze,2008,played,,no,,,,,,,,,
Head Over Heels,,not_interested,skip,no,,no,,,,not_needed,,,
Headliner: NoviNews,2018,not_interested,skip,no,,no,,,,not_needed,,,
Headmaster,,not_interested,skip,no,PSVR,,,,1,,,vr,
Heart of Darkness,,not_interested,skip,no,,no,,,,,,,
Hearthstone,2014,completed,,yes,Android,no,,,,,yes,,
Heat Signature,2017,not_interested,skip,no,,no,,,,not_needed,,,
Heaven's Vault,2019,backlog,someday,no,,no,,,,,,emerytura,
Heavenly Bodies,,not_interested,skip,yes,PS4,no,,,,,,,
Heavenly Sword,2007,completed,,no,PS3,no,,,,,yes,,
Heavy Fire: Afghanistan*,,not_interested,skip,,PS+ Premium,,,,,,,,
Heavy Fire: Shattered Spear*,,not_interested,skip,,PS+ Premium,,,,,,,,
Heavy Rain,2010,completed,,yes,PS4;PS3,no,,,,,yes,,
Hector,,not_interested,skip,no,,no,,,,not_needed,,,
Hell is Other Demons,,not_interested,skip,no,Epic,no,,,,not_needed,,,
Hell is Others,,not_interested,skip,no,Epic,no,,,,,,,
Hell is Us,,limbo,,no,,no,,,,,,,
Hell Is Us,,limbo,,,,,,,,,,,
Hell Let Loose,2019,played,,yes,PS5,no,,,,,,,
Hell Yeah!,,played,,yes,PS+,no,,,,,,,
Hellblade: Senua's Sacrifice,2017,completed,,yes,PS4,no,,,,todo,yes,,
Helldivers,,not_interested,skip,no,,no,,,2,,,,
HELLDIVERS 2,2024,playing,,yes,,no,,,,,,regularne;multiplayer,
Helldorado,,not_interested,skip,no,CDA,no,,,,not_needed,,,
HELLDRIVERS,,not_interested,skip,no,PS4,no,,,,not_needed,,,
Hellgate: London,,not_interested,skip,no,PC,no,,,,not_needed,,,
Hellish Quart,2021,backlog,someday,no,,no,,,,,,emerytura,
Hello Neighbor,2017,not_interested,skip,yes,Epic;Android,no,,,,not_needed,,,
Hello Neighbor 2,,not_interested,skip,no,,no,,,,,,można-olać,
Hellpoint,,not_interested,skip,yes,GOG,no,,,,not_needed,,,
Helskate,,backlog,someday,no,,no,,,,,,emerytura,
Henry Hatsworth in the Puzzling Adventure,,not_interested,skip,no,,no,,,,not_needed,,,
Her Story,2015,played,,no,,no,,,,,yes,,
Herald: An interactive period drama,,not_interested,skip,no,,no,,,,not_needed,,,
Here They Lie,2016,not_interested,skip,yes,PSVR,yes,,,3,,,vr,
Heretic,,not_interested,skip,no,,no,,,,not_needed,,,
Heretic II,,not_interested,skip,no,,no,,,,not_needed,,,
Heroes of Annihilated Empires,,not_interested,skip,no,Play,no,,,,not_needed,,,
Heroes of Might and Magic III,1999,completed,,no,,,,,,,,,
Heroes of Might and Magic IV,2002,completed,,no,,,,,,,,,
Heroes of Might and Magic V,2006,played,,no,,,,,,,,,
Heroes of the Storm,2015,played,,no,,no,,,,,,,
Herzog Zwei,,not_interested,skip,no,,no,,,,not_needed,,,
Hexen,,not_interested,skip,no,,no,,,,not_needed,,,
Hexen II,,not_interested,skip,no,,no,,,,not_needed,,,
Hexic 2,,not_interested,skip,no,,no,,,,not_needed,,,
HI-FI RUSH,2023,backlog,someday,no,Xbox Game Pass,no,,,,,,emerytura,
Hidden & Dangerous 2,,not_interested,skip,no,,no,,,,not_needed,,,
Hidden Agenda,2017,backlog,someday,no,PS4,no,,,,,,emerytura,
High On Life,2022,completed,,no,Xbox Game Pass,no,5,,,,yes,,
High On Life 2,2026,limbo,,no,Xbox Game Pass,no,,,,,,,
High Stakes on the Vegas Strip: Poker Edition*,,not_interested,skip,,PS+ Premium,,,,,,,,
Highfleet,,not_interested,skip,no,,no,,,,,,,
Hitman 1 (2016) (+VR),2016,completed,,yes,PS4;PS5;PSVR,optional,,,,,,,
Hitman 2 (2018) (+VR),2018,completed,,yes,PS4;PS5;PSVR,optional,,,,,,,
Hitman 2: Silent Assassin,2002,completed,high,yes,,no,,2024,5,,,,
Hitman 3: World of Assassination (+VR),2021,completed,,yes,PS4;PS5;PSVR,optional,,,,,,,
Hitman Absolution,2012,completed,,yes,PS3;GOG,no,,,,,yes,,
Hitman GO,2015,completed,,no,Android,no,,,,,yes,,
Hitman Sniper,,played,,yes,,no,,,,,,,
Hitman: Blood Money,2006,completed,,no,PS3,no,,,,,yes,,
Hitman: Codename 47,2000,not_interested,skip,no,PC,no,,,3,,,,
Hitman: Contracts,2004,completed,,yes,PS3,no,,,,,,,
HOARD*,,not_interested,skip,,PS+ Premium,,,,,,,,
Hob,2017,not_interested,skip,yes,Epic,no,,,,,,,
Hogs of War,,not_interested,skip,no,PSX,no,,,,,,,
Hogwarts Legacy,2023,completed,,no,PS5,no,,,10,,,wrócić,
Hohokum,,not_interested,skip,no,PS4;PS3;PSV,no,,,,not_needed,,,
Hokus Pokus Różowa Pantera,1997,completed,,no,,no,,,,,yes,,
Hollow Knight,,not_interested,skip,no,,no,,,,not_needed,,,
Hollow Knight: Silksong,,want_to_try,,no,,,,,,,,,
Home Sweet Home,,not_interested,skip,no,PSVR,,,,1,,,vr,
Homebody,,not_interested,skip,no,,no,,,2,,,,
Homefront,2011,completed,,no,PS3,no,,,,,yes,,
Homefront: The Revolution,2016,completed,,yes,PS4,no,,,,todo,yes,,
Homeworld,,not_interested,skip,no,,no,,,,not_needed,,,
Homeworld 2,,not_interested,skip,no,,no,,,,not_needed,,,
Homeworld 3,2024,not_interested,skip,,,,,,,,,,
Homeworld: Deserts of Kharak,,not_interested,skip,no,,no,,,,not_needed,,,
Honkai: Star Rail,,backlog,someday,no,,no,,,5,,,emerytura,
Honor & Duty: D-Day,,not_interested,skip,no,PSVR,,,,1,,,vr,
Hood: Outlaws & Legends,2021,played,,yes,,no,,,,,,,
Horace,2019,not_interested,skip,yes,Epic,no,,,,,,,
Horizon Chase Turbo,,not_interested,skip,no,PS4,no,,,,not_needed,,,
Horizon Forbidden West (+ Burning Shores),2022,completed,,yes,PS4;PS5,no,5,,9,,yes,wrócić,
Horizon Zero Dawn (+ The Frozen Wilds),2017,completed,,yes,PS4,no,,,6,,yes,wrócić,
Hot Dogs Hot Girls,,not_interested,skip,no,Play,no,,,,not_needed,,,
Hot Shots Golf (PS1/PS4/PS5),,not_interested,skip,,PS+ Premium,,,,,,,,
Hot Shots Golf: Out of Bounds,,not_interested,skip,,PS+ Premium,,,,,,,,
Hot Shots Golf: World Invitational,,not_interested,skip,,PS+ Premium,,,,,,,,
Hot Shots Tennis,,not_interested,skip,,PS+ Premium,,,,,,,,
Hot Wheels Unleashed,,not_interested,skip,no,PS5;PS4,no,,,,,,,
Hotel Dusk: Room 215,,not_interested,skip,no,,no,,,,not_needed,,,
Hotel Transylvania : Scary Tales Adventures,2022,not_interested,skip,,,,,,,,,można-olać,
Hotline Miami,2012,completed,,yes,Steam;PSV;PS3,no,,,,,yes,,
Hotline Miami 2: Wrong Number,2015,completed,,yes,PSV,no,,,,,yes,,
Hotshot Racing,,not_interested,skip,,PS+ Premium,,,,,,,,
House Flipper,,not_interested,skip,no,,no,,,,not_needed,,,
How to Survive 2,,not_interested,skip,,PS+ Premium,,,,,,,,
How to Survive: Storm Warning Edition,,not_interested,skip,,PS+ Premium,,,,,,,,
How We Soar,,not_interested,skip,no,PSVR,,,,1,,,vr,
Hue,,not_interested,skip,yes,PS4;PSV;Epic,no,,,,not_needed,,,
HUE,,not_interested,skip,no,Prime Gaming,no,,,,not_needed,,,
Human Fall Flat,2016,not_interested,skip,,,,,,,,,można-olać,
Humanity,2023,not_interested,skip,,,,,,,,,,
Humankind,2021,not_interested,skip,no,,no,,,,not_needed,,,
Hundred Days - Winemaking Simulator,2021,not_interested,skip,,,,,,,,,można-olać,
Hunt Down The Freeman,,playing,,yes,Steam,no,,,,,,,
Hunt: Showdown,2018,not_interested,skip,no,,no,,,,,,,
Hunter,,not_interested,skip,no,,no,,,,not_needed,,,
Hunter's Arena: Legends,,played,,yes,Epic,no,,,,,,,
Hustle Kings,,not_interested,skip,yes,PS3,no,,,,not_needed,,,
Hydrophobia: Prophecy,2010,completed,,yes,CDA,no,,,,done,yes,,
HYPE: The Time Quest,1999,completed,,no,,no,,,,,yes,,
Hyper Demon,2022,not_interested,skip,no,,no,,,,,,,
Hyper Light Breaker,,upcoming,,no,,no,,,,,,,
Hyper Light Drifter,2016,not_interested,skip,no,Epic,no,,,,not_needed,,,
Hyper Scape,,not_interested,skip,no,,no,,,,not_needed,,,
Hyper Sports,,not_interested,skip,no,,no,,,,not_needed,,,
Hyper Void,,not_interested,skip,no,,no,,,,not_needed,,,
Hyrule Warriors: Age of Calamity,2020,backlog,someday,no,Wii U;Nintendo Switch,no,,,,,,emerytura,
I Am Alive,2012,not_interested,skip,no,PS3,no,,,,,,,
I Am Bread,2015,not_interested,skip,no,,no,,,,not_needed,,,
I am Dead (PS4/PS5),2020,backlog,someday,no,PS+ Premium,no,,,,,,emerytura,
I Am Your Beast,2024,backlog,someday,,,,,,,,,emerytura;chcę-zagrać,
I Expect You To Die,2016,backlog,,no,PSVR,yes,,,6,,,vr;fabuła,
I Expect You To Die 2,2021,backlog,,no,PSVR,yes,,,6,,,vr;fabuła,
I Was A Teenage Exocolonist,,not_interested,skip,no,,no,,,2,,,,
"I, Robot",,not_interested,skip,no,,no,,,,not_needed,,,
I.Q: Intelligent Qube (PS1/PS4),,not_interested,skip,,,,,,,,,,
ibb & obb*,,not_interested,skip,,PS+ Premium,,,,,,,,
Icarus,2021,not_interested,skip,no,,no,,,,,,,
Ice Age: Scrat’s Nutty Adventure (PS4),2019,not_interested,skip,no,PS+ Premium,no,,,,,,,
ICEWIND DALE 2 COMPLETE,2002,backlog,someday,yes,GOG,no,,,,not_needed,,emerytura,
ICEWIND DALE: COMPLETE,,not_interested,skip,no,,no,,,,not_needed,,,
ICEWIND DALE: Enhanced Edition,2000,backlog,someday,yes,PS4,no,,,,,,emerytura,
ICEY,2016,not_interested,skip,no,,no,,,,not_needed,,,
ICO,2011,completed,,yes,PS3,no,,,,,yes,,
Iconoclasts,,not_interested,skip,no,PS4;PSV,no,,,,not_needed,,,
Idle Champions of the Forgotten Realms,,not_interested,skip,yes,Epic,no,,,,not_needed,,,
Ikari Warriors,,not_interested,skip,no,,no,,,,not_needed,,,
Ikaruga,,not_interested,skip,no,,no,,,,not_needed,,,
IL-2 Sturmovik,,not_interested,skip,no,,no,,,,not_needed,,,
IL-2 Sturmovik: Birds of Prey,,not_interested,skip,no,,no,,,,not_needed,,,
Immortal Legacy: The Jade Cipher,2019,backlog,high,yes,PSVR,yes,,,5,,,vr;można-olać,
Immortal: Unchained,,not_interested,skip,no,,no,,,,not_needed,,,
Immortal: Unchained,2018,not_interested,skip,no,,no,,,,,,,
Immortality,2022,played,,no,Xbox Game Pass,no,,,,,,,
Immortals of Aveum,2023,completed,normal,no,,no,,2025,,,,,
Impact Winter,,not_interested,skip,no,,no,,,,not_needed,,,
Imperial Glory,,not_interested,skip,no,CDA,no,,,,not_needed,,,
Impossible Mission II,,not_interested,skip,no,,no,,,,not_needed,,,
In Death,2018,played,someday,yes,PSVR,yes,,,7,,,,
In Other Waters,,not_interested,skip,no,,no,,,,,,,
In Other Waters,,not_interested,skip,yes,Amazon Prime,no,,,,not_needed,,,
In Sound Mind,2021,backlog,someday,yes,Amazon Prime,no,,,,,,emerytura,
In Space We Brawl,,not_interested,skip,no,,no,,,,not_needed,,,
Incredible Crisis,,not_interested,skip,no,,no,,,,not_needed,,,
Indiana Jones and the Emperor's Tomb,2003,backlog,someday,yes,PC,no,,,3,,,emerytura,
Indiana Jones and the Fate of Atlantis,,not_interested,skip,no,,no,,,,not_needed,,,
Indiana Jones and the Great Circle (+ DLC),2024,completed,,no,Xbox Game Pass,no,,2025,,,,wrócić,
Indiana Jones and the Infernal Machine,1999,backlog,someday,no,,no,,,4,,,emerytura,
Indiana Jones and the Staff of Kings,2009,not_interested,skip,,,,,,,,,,
Indika,2024,completed,,no,,no,,2025,,,,,
Indivisible,,not_interested,skip,no,,no,,,,not_needed,,,
Indivisible,2019,not_interested,skip,no,,no,,,,not_needed,,,
Industria,,backlog,someday,no,,no,,,,,,emerytura,
Infamous,2009,completed,,yes,PS3,no,,,,,yes,,
inFamous 2,2011,completed,,yes,PS3,no,,,,,yes,,
Infamous 2: Festival of blood,2011,completed,,yes,PSS,no,,,,done,yes,,
inFamous: First Light,2014,completed,,yes,PS4,no,,,,,yes,,
inFAMOUS: Second Son (+DLC),2014,completed,,yes,PS4,no,4,,,,yes,,
Infinite Minigolf,,not_interested,skip,no,PSVR,,,,1,,,vr,
Infinite Minigolf,,not_interested,skip,,PS+ Premium,,,,,,,,
Infinity Nikki,2024,not_interested,skip,,,,,,,,,,
Injustice 2,2017,played,,no,PS+ Premium;PS4,no,,,,,,,
Injustice: Gods Among Us Ultimate Edition,,played,,yes,PS4,no,,,,,,,
Inkulinati,,backlog,someday,no,,no,,,,,,emerytura,
Inner Chains,2017,not_interested,skip,no,,no,,,,not_needed,,,
Inner Space,,not_interested,skip,yes,Epic,no,,,,not_needed,,,
Inscryption,2021,backlog,someday,no,,no,,,,,,emerytura,
Inside,2016,backlog,someday,yes,Epic,no,,,,,,emerytura,
Insurgency,2014,not_interested,skip,no,,no,,,,not_needed,,,
INSURGENCY: SANDSTORM,2018,not_interested,skip,no,,no,,,,not_needed,,,
Insurmountable,,not_interested,skip,no,,no,,,,,,,
Intelligent Qube,1997,not_interested,skip,no,PS Classic,no,,,,not_needed,,,
Interaction Isn't Explicit,,backlog,someday,no,,no,,,,,,emerytura,
International Karate +,,not_interested,skip,no,,no,,,,not_needed,,,
International Track & Field,,not_interested,skip,no,,no,,,,not_needed,,,
Interpol: The Trail of Dr. Chaos*,,not_interested,skip,,PS+ Premium,,,,,,,,
Interstate ’76,,not_interested,skip,no,,no,,,,not_needed,,,
Into the Breach,2018,played,,yes,Epic,no,,,,,,,
Into the Radius VR,,limbo,,no,,,,,,,,vr;brak-sprzętu,
Intruders: Hide and Seek,,not_interested,skip,no,PSVR,,,,1,,,vr,
Inversion,,not_interested,skip,no,,no,,,,not_needed,,,
Invisible Inc.,2015,not_interested,skip,yes,PS4,no,,,,not_needed,,,
Invizimals,,not_interested,skip,no,,no,,,,not_needed,,,
Invizimals: Zaginione Królestwo,,not_interested,skip,no,PS3,no,,,,not_needed,,,
Iratus: Lord of the Dead,,not_interested,skip,no,,no,,,,,,,
Iron Brigade,,not_interested,skip,no,,no,,,,not_needed,,,
Iron Harvest,2020,backlog,someday,no,,no,,,2,,,emerytura,
Iron Man VR,2020,backlog,high,yes,PSVR,required,,,6,,,vr,
Ironcast,,not_interested,skip,no,Epic,no,,,,not_needed,,,
Island of Winds,,upcoming,,no,,no,,,,,,,
Isles of Sea and Sky,,not_interested,skip,no,,no,,,,,,,
ISS Pro Evolution,,not_interested,skip,no,,no,,,,not_needed,,,
It takes two,2021,backlog,,yes,PS4;PS5,no,,,7,,,razem,
Jack Orlando,1997,completed,,no,GOG,no,,,,,yes,,
Jackbox 2,,not_interested,skip,no,PS3,no,,,,not_needed,,,
Jackbox Party Pack,,not_interested,skip,no,,no,,,,not_needed,,,
Jackie Chan Stuntmaster,,not_interested,skip,no,PSX,no,,,,,,,
Jade Cocoon,,not_interested,skip,no,PSX,no,,,,,,,
Jade Empire,2005,completed,,no,PC,no,4,,,,yes,,
Jagged Alliance 3,2023,backlog,someday,no,,no,,,6,,,emerytura,
Jagged Alliance: Back in Action,,not_interested,skip,no,,no,,,,not_needed,,,
Jagged Alliance: Deadly Games,,not_interested,skip,no,GOG,no,,,,not_needed,,,
Jak 3,2004,backlog,someday,yes,PS3;PSV,no,,,3,,,emerytura,
Jak and Daxter: The Lost Frontier,2009,backlog,someday,no,PSV,no,,,3,,,emerytura,
Jak and Daxter: The Precursor Legacy,2001,backlog,someday,yes,PS3;PSV,no,,,3,not_needed,,emerytura,
Jak II,2003,backlog,someday,yes,PS3;PSV,no,,,3,not_needed,,emerytura,
Jak X: Combat Racing,,not_interested,skip,,PS+ Premium,,,,,,,,
James Bond 007: Blood Stone,2010,completed,,no,,no,,,,,yes,,
Jamestown,2011,played,,no,Steam,no,,,,,yes,,
Jazz Jackrabbit,,not_interested,skip,no,,no,,,,not_needed,,,
Jazz Jackrabbit 2,1998,completed,,no,,no,,,,,yes,,
Jazz Jackrabbit 3,,not_interested,skip,no,,no,,,,not_needed,,,
Jazzpunk,2014,not_interested,skip,no,,no,,,,not_needed,,,
Jeanne d'Arc,2007,not_interested,skip,,,,,,,,,można-olać,
Jericho,2007,backlog,someday,no,,no,,,,,,emerytura,
Jet Force Gemini,,not_interested,skip,no,,no,,,,not_needed,,,
Jet Moto 2,1997,not_interested,skip,,,,,,,,,można-olać,
Jet Set Radio,,not_interested,skip,no,PSV,no,,,,not_needed,,,
Jet Set Radio Future,,not_interested,skip,no,,no,,,,not_needed,,,
Jet Set Willy,,not_interested,skip,no,,no,,,,not_needed,,,
Jetpac,,not_interested,skip,no,,no,,,,not_needed,,,
Jetpack Joyride Deluxe*,,not_interested,skip,,PS+ Premium,,,,,,,,
Jett: The Far Shore,2021,not_interested,skip,no,,no,,,,,,,
Jill of the Jungle: The Complete Trilogy,,not_interested,skip,yes,GOG,no,,,,not_needed,,,
Jimmie Johnson's Anything With An Engine*,,not_interested,skip,,PS+ Premium,,,,,,,,
Job Simulator,2016,limbo,,no,PSVR;PSVR2,yes,,,5,,,vr;brak-sprzętu,
Joe Danger 2: The Movie,,not_interested,skip,no,PS+,no,,,,not_needed,,,
Joe Dever's Lone Wolf: Console Edition,,not_interested,skip,,PS+ Premium,,,,,,,,
John Carpenter's Toxic Commando,,upcoming,,no,,no,,,,,,,
John Madden Football,,not_interested,skip,no,,no,,,,not_needed,,,
John Wick Hex,2019,backlog,someday,no,PS+ Premium,no,,,,,,emerytura,
John Woo Presents: Stranglehold,2007,completed,,no,PS3,no,,,,,yes,,
Jojo's Bizarre Adventure : All-Star Battle R,2022,not_interested,skip,,,,,,,,,,
Jolly Rover,,not_interested,skip,no,CDA,no,,,,not_needed,,,
Jotun: Valhalla Edtion,2015,not_interested,skip,yes,Epic,no,,,,not_needed,,,
Journey,2012,completed,,yes,PS3;PS4,no,,,,,yes,,
Journey to the Savage Planet,2020,backlog,someday,yes,GOG,no,,,,,,emerytura,
Joust,,not_interested,skip,no,,no,,,,not_needed,,,
Judas,,upcoming,,no,,no,,,,,,,
Judge Dee - The City God Case*,,not_interested,skip,,PS+ Premium,,,,,,,,
Judgment,2018,backlog,someday,no,,no,,,,,,emerytura,
Jumanji The Video Game (PS4),2019,not_interested,skip,no,PS+ Premium,no,,,,,,,
Jump Force,,not_interested,skip,no,,no,,,,not_needed,,,
Jumping Flash!,,not_interested,skip,no,PSX,no,,,,,,,
Jumping Flash!,1995,not_interested,skip,no,PS Classic,no,,,,not_needed,,,
JumpJet Rex,,not_interested,skip,,PS+ Premium,,,,,,,,
Juno First,,not_interested,skip,no,,no,,,,not_needed,,,
Jurassic World Evolution,,not_interested,skip,no,,no,,,,not_needed,,,
Jurassic World Evolution 2,2021,not_interested,skip,,,,,,,,,,
Jusant,,backlog,someday,no,,no,,,,,,emerytura,
Just Cause,2006,completed,,no,CDA,no,,,,,yes,,
Just Cause 2,2010,completed,,yes,Steam;PS3,no,,,,,yes,,
Just Cause 3,2015,backlog,someday,no,PS4,no,,,,not_needed,,emerytura,
Just Cause 4,2018,not_interested,skip,yes,Epic;PS4,no,,,,not_needed,,,
Just Dance 2014,,played,,yes,PS3,no,,,,,,,
Just Die Already,,not_interested,skip,yes,Epic,no,,,,,,,
Just In Time Incorporated,2017,backlog,,no,PSVR,yes,,,6,,,vr;fabuła,
Kane & Lynch,2007,completed,,no,PS3,no,,,,,yes,,
Kane & Lynch 2: Dog Days,2010,completed,,yes,PS3;Steam,no,,,,,yes,,
Kangurek KAO,2000,played,,no,,,,,,,,,
Kangurek Kao,2022,not_interested,skip,no,Epic,no,,,,,,,
Kangurek Kao: Runda 2,2003,played,,no,,,,,,,,,
Kapitan Pazur,,played,,no,,no,,,,,,,
Karate Champ,,not_interested,skip,no,,no,,,,not_needed,,,
Karateka*,,not_interested,skip,,PS+ Premium,,,,,,,,
Katamari Damacy,,not_interested,skip,no,,no,,,,not_needed,,,
Keep Talking and Nobody Explodes,,played,,no,PSVR,required,,,,,,,
Ken Follett's The Pillars of the Earth,2017,backlog,someday,yes,PS4,no,,,,,,emerytura,
Kena: Bridge of Spirits,2021,backlog,someday,no,,no,,,7,,,emerytura,
Kentucky Route Zero,2013,backlog,someday,no,,no,,,,,,emerytura,
Kerbal Space Program,,played,,no,Epic,no,,,,,,,
KeyWe,,not_interested,skip,,PS+ Premium,,,,,,,,
Kholat,2015,backlog,someday,yes,Steam,no,,,,,,emerytura,
Kick & Fennick,,not_interested,skip,yes,PSV,no,,,,not_needed,,,
KickBeat,,not_interested,skip,yes,PS3;PSV,no,,,,not_needed,,,
KID A MNESIA EXHIBITION,,not_interested,skip,yes,Epic;PS5,no,,,,,,,
Kid Icarus,,not_interested,skip,no,,no,,,,not_needed,,,
Kill Strain,,played,,no,,no,,,,,,,
Kill Switch,,not_interested,skip,no,,no,,,,not_needed,,,
Killer 7,,not_interested,skip,no,,no,,,,not_needed,,,
Killer Frequency,2023,backlog,someday,,,,,,,,,emerytura,
Killer Instinct,,played,,no,,no,,,,,,,
Killer is Dead,,not_interested,skip,no,,no,,,,not_needed,,,
Killing Floor,,played,,no,Steam,no,,,,,,,
Killing Floor 2,,not_interested,skip,yes,Epic,no,,,,not_needed,,,
Killing Floor 3,,want_to_try,,no,,,,,,,,,
Killing Floor: Incursion,,not_interested,skip,no,PSVR,,,,1,,,vr,
Killzone,2004,completed,,yes,PS3,no,,,,,yes,,
Killzone 2,2009,completed,,no,PS3,no,,,,,yes,,
Killzone 3,2011,completed,,no,PS3,no,,,,done,yes,,
Killzone Mercenary,2013,completed,,yes,PSV,no,,,,,yes,,
Killzone Shadow Fall,2013,completed,,yes,,no,,,,,yes,,
Killzone: Liberation,2006,completed,,yes,PSV,no,,2023,,not_needed,,,
Killzone: Shadow Fall Intercept,,not_interested,skip,,PS+ Premium,,,,,,,,
KIM KARDASHIAN: HOLLYWOOD,,played,,yes,Android,no,,,,,,,
Kinetica,,not_interested,skip,,PS+ Premium,,,,,,,,
King Oddball,,not_interested,skip,no,PSV,no,,,,not_needed,,,
King of Dragon Pass,1999,not_interested,skip,no,,no,,,,not_needed,,,
King of Fighters ’94,,played,,no,,no,,,,,,,
King's Bounty II,,not_interested,skip,no,,no,,,,,,,
King's Bounty: Legenda,,not_interested,skip,no,Muve,no,,,,not_needed,,,
King's Bounty: Maja Lidia Kossakowska - Ścieżki Przeznaczenia,,not_interested,skip,no,Muve,no,,,,not_needed,,,
King's Bounty: Wojownicza Księżniczka,,not_interested,skip,no,CDA,no,,,,not_needed,,,
King's Quest – Chapter 1: A Knight to Remember,,not_interested,skip,no,PS4,no,,,,not_needed,,,
Kingdom Come: Deliverance (+ DLC),2018,completed,high,yes,PS4;Epic,no,,,9,,yes,,
Kingdom Come: Deliverance II,2025,playing,high,yes,PS5,no,,,,,,,
Kingdom Hearts,,not_interested,skip,no,,no,,,,not_needed,,,
Kingdom Hearts 3,2019,not_interested,skip,no,,no,,,,,,,
Kingdom Hearts Collector's Pack: HD 1.5 + 2.5 Remix,2014,not_interested,skip,no,,no,,,,,,,
Kingdom Hearts II,,not_interested,skip,no,,no,,,,not_needed,,,
Kingdom Hearts: VR Experience,,completed,,yes,PSVR,required,,2023,,,,,
Kingdom Two Crowns,,not_interested,skip,,PS+ Premium,,,,,,,,
Kingdom: New Lands,,not_interested,skip,yes,Epic,no,,,,not_needed,,,
Kingdoms of Amalur: Reckoning (Re-Reckining),2012,completed,,no,PS3;PS4,no,,,,,yes,,
Kings of Lorn: The Fall of Ebris,2019,not_interested,skip,no,,no,,,,,,,
Kirby and the Forgotten Land,,not_interested,skip,no,,no,,,2,,,,
Kirby's Return to Dream Land Deluxe,,not_interested,skip,no,,no,,,1,,,,
Klax,,not_interested,skip,no,,no,,,,not_needed,,,
Klonoa - Door to Phantomile,,not_interested,skip,no,,no,,,,not_needed,,,
Klonoa: DtP,,not_interested,skip,no,PSX,no,,,,,,,
KNACK,2013,not_interested,skip,no,PS4,no,,,,not_needed,,,
Knack 2,,not_interested,skip,no,,no,,,,not_needed,,,
Knight Lore,,not_interested,skip,no,,no,,,,not_needed,,,
Knights & Bikes,2019,backlog,someday,no,,no,,,,,,emerytura,
Knights and Merchants HD,,not_interested,skip,no,,no,,,,not_needed,,,
Knights of the Temple II,,not_interested,skip,no,PC,no,,,,not_needed,,,
KnightShift,,not_interested,skip,no,,no,,,,not_needed,,,
Knockout City,,not_interested,skip,yes,PS5,no,,,,,,,
Knockout League,2017,not_interested,skip,no,PSVR,required,,,4,,,vr,
Knytt Underground,2012,not_interested,skip,yes,PSV;PS3,no,,,,not_needed,,,
KOEITECMO the Best Majantaikai Ⅳ,,not_interested,skip,,PS+ Premium,,,,,,,,
Kona VR,2016,backlog,high,yes,PS4;PSVR,optional,,,5,not_needed,,vr;można-olać,
Konung 3: Ties of The Dynasty,,not_interested,skip,no,Muve,no,,,,not_needed,,,
Koudelka,,not_interested,skip,no,PSX,no,,,,,,,
Kroniki Myrtany: Archolos,2022,backlog,someday,yes,Steam,no,,,,,,emerytura,
Kryzys Kubański,,not_interested,skip,no,CDA,no,,,,not_needed,,,
Książe i Tchórz,1998,completed,,yes,PC,no,,,,,yes,,
Kung Fu Panda: Showdown of the Legendary Legends,,not_interested,skip,no,,no,,,,not_needed,,,
Kung Fu Rabbit*,,not_interested,skip,,PS+ Premium,,,,,,,,
Kung-Fu Master,,not_interested,skip,no,,no,,,,not_needed,,,
KungFu Rabbit,,not_interested,skip,no,PS3;PSV,no,,,,not_needed,,,
Kunitsu-Gami: Path of the Goddes,,want_to_try,,no,,,,,,,,,
Kunitsu-Gami: Path of the Goddess,2024,backlog,someday,,,,,,,,,emerytura;chcę-zagrać,
Kuon,,not_interested,skip,,,,,,,,,,
L.A. Noire,2011,completed,,yes,Steam,no,,,,,yes,,
L.A. Noire: The VR Case Files,2017,backlog,high,yes,PSVR,required,,,8,,,vr,
La-Mulana Ex,,not_interested,skip,no,,no,,,,not_needed,,,
Lair,2007,not_interested,skip,yes,PS3,no,,,,,,,
Lake,2021,backlog,someday,,,,,,,,,emerytura,
Land of War,2021,not_interested,skip,no,,no,,,,not_needed,,,
Lara Croft and the Guardian of Light,,played,,yes,PS+;Steam,no,,,,,,,
Lara Croft and the Temple of Osiris,,played,,yes,PS4;Steam,no,,,,,,,
Lara Croft GO,2015,played,,yes,Android,no,,,,,,,
LASER DISCO DEFENDERS,,not_interested,skip,no,PS4;PSV,no,,,,not_needed,,,
Laser League,,not_interested,skip,no,PS4,no,,,,not_needed,,,
Laser Squad,,not_interested,skip,no,,no,,,,not_needed,,,
Last Chaos,,played,,no,,no,,,,,,,
Last Day of June,2017,backlog,someday,yes,Epic;Prime,no,,,,,,emerytura,
Last days of Snow,,upcoming,,no,,no,,,,,,,
Last Epoch,2019,backlog,someday,no,,no,,,5,,,emerytura,
Last Epoch,2024,backlog,someday,no,,no,,,,,,emerytura,
Last Rebellion*,,not_interested,skip,,PS+ Premium,,,,,,,,
Last Stop,,not_interested,skip,,PS+ Premium,,,,,,,,
Last Stop,2021,backlog,someday,no,,no,,,,,,emerytura,
Last train home,,backlog,someday,no,,no,,,,,,emerytura,
Lawbreakers,,not_interested,skip,no,,no,,,,not_needed,,,
Lawn Mowing Simulator - Landmark Edition,2022,not_interested,skip,,,,,,,,,,
Layers of Fear (2023),2023,backlog,someday,no,,no,,,6,,,emerytura,
Layers of Fear 2,,not_interested,skip,yes,Epic,no,,,,not_needed,,,
Layers of Fear VR,2019,not_interested,skip,no,PSVR,yes,,,4,,,vr,
Layers of Fear: Masterpiece Edition,2016,backlog,someday,yes,Epic,no,,,,not_needed,,emerytura,
LBP Karting,,played,,no,,no,,,,,,,
Lead and Gold - Gangs of the Wild West,,played,,no,Steam,no,,,,,,,
Leader Board,,not_interested,skip,no,,no,,,,not_needed,,,
League of Legends,2009,played,,no,,,,,,,,,
Leap of Fate,,not_interested,skip,no,,no,,,,not_needed,,,
Left 4 Dead,2008,played,,no,,no,,,,,,,
Left 4 Dead 2,2009,played,,no,,no,,,,,,,
Left Alive,,not_interested,skip,no,,no,,,,not_needed,,,
Left Alive: Day One Edition,,not_interested,skip,,PS+ Premium,,,,,,,,
Legacy of Kain: Blood Omen 2,2002,backlog,someday,no,,no,,,,,,emerytura,
Legacy of Kain: Defiance,2003,backlog,someday,no,,no,,,,,,emerytura,
Legacy of Kain: Soul Reaver (remaster),1999,backlog,someday,no,PC,no,,,7,,,emerytura;nie-pali-się,
Legacy of Kain: Soul Reaver 1 & 2 Remastered,,want_to_try,,no,,,,,,,,,
Legacy of Kain: Soul Reaver 2 (remaster),2001,backlog,someday,no,,no,,,,,,emerytura,
Legasista*,,not_interested,skip,,PS+ Premium,,,,,,,,
Legend Hand of God,,not_interested,skip,no,CDA,no,,,,not_needed,,,
Legend of Dragoon,1999,not_interested,skip,no,,no,,,,,,,
Legend of Grimrock,2012,completed,,no,Steam,no,,,,,yes,,
Legend of Grimrock 2,2014,not_interested,skip,yes,Steam,no,,,,not_needed,,,
Legend of Kay Anniversary,,not_interested,skip,no,,no,,,,not_needed,,,
Legend of Legaia,,not_interested,skip,no,PSX,no,,,,,,,
Legendary,2008,backlog,someday,no,,,,,,,,emerytura,
Legendary Fishing,,not_interested,skip,,PS+ Premium,,,,,,,,
Legends of Catalonia: The Land of Barcelona,,played,,yes,PSVR,,,,,,,,
Legends of Ethernal,,not_interested,skip,,PS+ Premium,,,,,,,,
Legends of War: Patton's Campaign,,not_interested,skip,no,,no,,,,not_needed,,,
LEGO Batman 2: DC Super Heroes,,not_interested,skip,,PS+ Premium,,,,,,,,
LEGO Batman 2: DC Super Heroes,,not_interested,skip,yes,PSV;Epic,no,,,,not_needed,,,
LEGO Batman 3: Beyond Gotham,,not_interested,skip,no,Epic,no,,,,not_needed,,,
LEGO Batman: The Videogame,,not_interested,skip,,PS+ Premium,,,,,,,,
LEGO Batman: The Videogame,,not_interested,skip,no,Epic,no,,,,not_needed,,,
Lego City Undercover,2013,not_interested,skip,no,,no,,,,not_needed,,,
LEGO Harry Potter Collection,,not_interested,skip,yes,PS4;PS+ Premium,,,,,,,,
LEGO Harry Potter: Years 5-7,,not_interested,skip,yes,PSV,no,,,,not_needed,,,
Lego Horizon Adventures,,want_to_try,,no,,,,,,,,,
LEGO Indiana Jones 2: The Adventure Continues*,,not_interested,skip,,PS+ Premium,,,,,,,,
LEGO Indiana Jones: The Original Adventures*,,not_interested,skip,,PS+ Premium,,,,,,,,
LEGO Loco,,played,,no,,no,,,,,,,
LEGO LOTR,2012,not_interested,skip,yes,Steam;PSV,no,,,,,,,
LEGO Marvel Super Heroes,2013,not_interested,skip,no,,,,,,,,,
LEGO Pirates of the Caribbean: The Video Game*,,not_interested,skip,,PS+ Premium,,,,,,,,
LEGO Racers,,played,,no,,no,,,,,,,
LEGO Star Wars II : The Original Trilogy,2006,not_interested,skip,,,,,,,,,,
LEGO Star Wars III: The Clone Wars*,,not_interested,skip,,PS+ Premium,,,,,,,,
LEGO Star Wars: The Complete Saga*,,not_interested,skip,,PS+ Premium,,,,,,,,
Lego Star Wars: The Skywalker Saga,2022,backlog,someday,no,,no,,,5,,,emerytura,
LEGO Star Wars: The Video Game,,not_interested,skip,no,,no,,,,not_needed,,,
LEGO® NINJAGO® Film Gra Wideo,,not_interested,skip,yes,PS4,no,,,,not_needed,,,
LEGO® Superzłoczyńcy DC,,played,,yes,PS4,no,,,,,,,
LEGO® The Hobbit™,,not_interested,skip,no,Steam,no,,,,not_needed,,,
Leisure Suit Larry 7: Miłość na Fali,1996,completed,,no,,no,,,,,yes,,
Leisure Suit Larry Goes Looking for Love (in Several Wrong Places),1988,not_interested,skip,no,,,,,,,,,
Leisure Suit Larry: Reloaded,,not_interested,skip,no,,no,,,,not_needed,,,
Lemmings,,not_interested,skip,no,,no,,,,not_needed,,,
Lemmings Touch,,not_interested,skip,no,PSV,no,,,,not_needed,,,
LEMNIS GATE,2021,backlog,someday,no,,no,,,,,,emerytura,
Leo's Fortune,,not_interested,skip,,PS+ Premium,,,,,,,,
Let it Die,2016,played,,yes,PS4,no,,,,,,,
Lethal League,,not_interested,skip,no,,no,,,,not_needed,,,
Lethal VR,,not_interested,skip,no,PSVR,,,,1,,,vr,
Letter Quest Remastered,,not_interested,skip,no,,no,,,,not_needed,,,
Let’s Tap,,not_interested,skip,no,,no,,,,not_needed,,,
Level 22,,not_interested,skip,no,PSV,no,,,,not_needed,,,
Leviathan Warships,,not_interested,skip,no,,no,,,,not_needed,,,
Liberated,2020,backlog,someday,no,,no,,,,,,emerytura,
LiEat,,not_interested,skip,no,Steam,no,,,,not_needed,,,
Lies of P,2023,backlog,someday,no,,no,,,,,,emerytura,
Life is Feudal,,played,,no,,no,,,,,,,
Life is Strange,2015,limbo,,yes,PS4,no,,,6,,,,
Life is Strange: Before the Storm,2017,backlog,someday,no,,no,,,,,,emerytura,
Life is Strange: Double Exposure,,want_to_try,,no,,,,,,,,,
Life is Strange: True Colors,2021,backlog,someday,no,Xbox Game Pass,no,,,,,,emerytura,
Lifeless Planet,,not_interested,skip,yes,Epic,no,,,,not_needed,,,
Light No Fire,,upcoming,,no,,no,,,,,,,
Light Tracer,,not_interested,skip,no,PSVR,,,,1,,,vr,
Lightmatter,2020,not_interested,skip,no,,no,,,,,,,
Lightning Returns: Final Fantasy XIII,2013,backlog,someday,no,,no,,,,,,emerytura,
Like a Dragon Gaiden: The Man Who Erased His Name,,backlog,someday,no,,no,,,,,,emerytura,
Like a Dragon: Infinite Wealth,2024,backlog,someday,,,,,,,,,emerytura;chcę-zagrać,
Like a dragon: Ishin,,backlog,someday,no,,no,,,,,,emerytura,
Like a Dragon: Ishin,2023,backlog,someday,no,,no,,,,,,emerytura,
Lily - Colors of Santa Luz,2016,completed,,no,,no,,,,,yes,,
Limbo,2010,completed,,yes,Epic;PS4;PSV;PS3;Steam,no,,,,,yes,,
Line Rider,,not_interested,skip,no,,no,,,,not_needed,,,
Lineage 2,2003,completed,,yes,PC,no,,,,,yes,,
Lineage 2 Revolution,,played,,yes,Android,no,,,,,,,
Lineage 2M,,played,,no,,no,,,,,,,
Linger in Shadows*,,not_interested,skip,,PS+ Premium,,,,,,,,
Little Big Adventure,,not_interested,skip,no,,no,,,,not_needed,,,
Little Big Planet 2,2011,completed,,yes,PS3,no,,,,,yes,,
Little Big Planet [PSP],2009,completed,,yes,PSV,no,,,,,yes,,
Little Big Workshop,,not_interested,skip,,PS+ Premium,,,,,,,,
Little Cars: In the Great Race,,not_interested,skip,no,CDA,no,,,,not_needed,,,
Little Computer People,,not_interested,skip,no,,no,,,,not_needed,,,
Little Deviants,,not_interested,skip,no,,no,,,,not_needed,,,
Little Devil Inside,,upcoming,,no,,no,,,,,,,
Little Inferno,2008,not_interested,skip,yes,Steam;Epic,no,,,,,,,
Little King’s Story,,not_interested,skip,no,,no,,,,not_needed,,,
Little Nightmares,2017,backlog,someday,yes,PS4;Steam,no,,,,,,emerytura,
Little Nightmares 2,,backlog,someday,yes,,,,,,,,emerytura,
LITTLE NIGHTMARES 2,2020,backlog,someday,no,,no,,,,,,emerytura,
Little Witch Nobeta,,not_interested,skip,no,,no,,,,,,,
LittleBigPlanet,2008,completed,,yes,PSS,no,,,,,yes,,
LittleBigPlanet 3,2014,completed,,yes,PS4,no,,,,,yes,,
LittleBigPlanet Vita,2012,completed,,yes,PSV,no,,2023,,,,,
Live a Live,,not_interested,skip,no,,no,,,,,,,
LMA Menager,,not_interested,skip,no,PSX,no,,,,,,,
Loaded & Einhander,,not_interested,skip,no,PSX,no,,,,,,,
Loadout,,played,,no,,no,,,,,,,
Lock's Quest,,not_interested,skip,,PS+ Premium,,,,,,,,
LocoRoco,,not_interested,skip,no,PSV,no,,,,not_needed,,,
LocoRoco 2,,not_interested,skip,no,PSV,no,,,,not_needed,,,
LocoRoco 2 Remastered*,,not_interested,skip,,PS+ Premium,,,,,,,,
LocoRoco Cocoreccho!,,not_interested,skip,no,,no,,,,not_needed,,,
LocoRoco Midnight Carnival (PSP),,not_interested,skip,no,PS+ Premium,no,,,,,,,
LocoRoco Remastered*,,not_interested,skip,,PS+ Premium,,,,,,,,
Lode Runner,,not_interested,skip,no,,no,,,,not_needed,,,
Logan’s Shadow,,not_interested,skip,no,,no,,,,not_needed,,,
Lolipop Chainsaw,2012,backlog,someday,no,PS3,no,,,,,,emerytura,
Lone Echo,2017,limbo,,no,,,,,,,,vr;brak-sprzętu,
Lone Survivor: The Director's Cut,,not_interested,skip,yes,PS3;PSV;Steam,no,,,,not_needed,,,
looK INside – Chapter 1,,not_interested,skip,yes,Amazon Prime,no,,,,not_needed,,,
Loom,,not_interested,skip,no,,no,,,,,,,
Loom,,not_interested,skip,no,,no,,,,not_needed,,,
Loop Hero,,not_interested,skip,no,,no,,,,,,,
Loop Hero,,not_interested,skip,yes,Epic,no,,,,not_needed,,,
Lord of the Rings Online,2007,played,,yes,,no,,,,,,,
Lords of Midnight,,not_interested,skip,no,,no,,,,not_needed,,,
"Lords of Midnight, The",1984,not_interested,skip,yes,GOG,no,,,,not_needed,,,
Lords of the Fallen,2023,completed,,yes,PS5,no,,2023,,,,wrócić,
Lords of the Fallen (2014),2014,backlog,someday,yes,PS4,no,,,,,,emerytura,
Lorelei and the laser eyes,,backlog,someday,no,,no,,,,,,emerytura,
Lost Ark,2021,played,,no,PC,no,,,,,,,
Lost Ember,2019,backlog,someday,no,,no,,,,,,emerytura,
Lost in Random,,backlog,someday,no,,no,,,,,,emerytura,
Lost Journey,,played,,yes,Android,no,,,,,,,
Lost Judgment,2021,backlog,someday,no,,no,,,,,,emerytura,
Lost Odyssey,2007,backlog,someday,no,,no,,,,,,emerytura,
Lost Planet,,backlog,someday,yes,PS+ Premium;Steam,no,,,3,not_needed,,emerytura,
Lost planet 2,2010,not_interested,skip,no,PS+ Premium,no,,,4,,,,
Lost planet 3,2013,backlog,someday,no,PS+ Premium,no,,,,,,emerytura,
Lost records: Bloom & Rage,,upcoming,,no,,no,,,,,,,
Lost Soul Aside,,want_to_try,,no,,,,,,,,,
Lost Soul Aside,,backlog,someday,no,,no,,,,,,emerytura,
Lost Sphear,,not_interested,skip,no,,no,,,,not_needed,,,
Lost Winds,,not_interested,skip,no,,no,,,,not_needed,,,
Lost Winds: Winter of the Melodias,,not_interested,skip,no,,no,,,,not_needed,,,
Lost Words: Beyond the Page,,not_interested,skip,,PS+ Premium,,,,,,,,
LOTR: Aragorn's Quest,,not_interested,skip,no,,no,,,,not_needed,,,
LOTR: Conquest,2009,backlog,someday,no,,no,,,,,yes,emerytura,
LOTR: The Battle for Middle-earth,,not_interested,skip,no,,no,,,,not_needed,,,
LOTR: The Battle for Middle-earth II,,not_interested,skip,no,,no,,,,not_needed,,,
LOTR: The Fellowship of the Ring,,not_interested,skip,no,,no,,,,not_needed,,,
LOTR: The Return of the King,,backlog,someday,no,,no,,,4,,,emerytura,
LOTR: The Third Age,,not_interested,skip,no,,no,,,,not_needed,,,
LOTR: The Two Towers,,backlog,someday,no,,no,,,,,,emerytura,
LOTR: The Two Towers,,not_interested,skip,no,,no,,,,not_needed,,,
LOTR: War in the North,2011,completed,,yes,Steam;PS+,no,,,,,yes,,
LOTR: War of the Ring,,not_interested,skip,no,,no,,,,not_needed,,,
Lovely Planet,2014,not_interested,skip,no,,no,,,,not_needed,,,
Lovers in a Dangerous Spacetime,,not_interested,skip,no,PS4,no,,,,not_needed,,,
Luftrausers,,played,,no,PSV,no,,,,,,,
Luftrausers,,not_interested,skip,no,PSV,no,,,,not_needed,,,
Luigi’s Mansion,,not_interested,skip,no,,no,,,,not_needed,,,
Lumines,,not_interested,skip,no,,no,,,,not_needed,,,
Lumines Electronic Symphony,,not_interested,skip,yes,PSV,no,,,,not_needed,,,
Lumines Live,,not_interested,skip,no,,no,,,,not_needed,,,
Lumines Remastered,,not_interested,skip,,PS+ Premium,,,,,,,,
LUMO,,played,,no,PSV,no,,,,,,,
Luna,2017,not_interested,skip,no,,no,,,,not_needed,,,
Luna Abbys,,upcoming,,no,,no,,,,,,,
Lunar Lander,,not_interested,skip,no,,no,,,,not_needed,,,
Lunar: SSSC,,not_interested,skip,no,PSX,no,,,,,,,
Lure of the Temptrees,,not_interested,skip,no,,no,,,,not_needed,,,
Lust for Darkness,2018,not_interested,skip,no,,no,,,,not_needed,,,
M.U.L.E.,,not_interested,skip,no,,no,,,,not_needed,,,
Maboshi: The Three Shape Arcade,,not_interested,skip,no,,no,,,,not_needed,,,
Machinarium,2009,completed,,yes,PS+;CDA,no,,,,,yes,,
Mad Max,2015,backlog,someday,yes,PS4,no,,,,,,emerytura,
Mad Planets,,not_interested,skip,no,,no,,,,not_needed,,,
Mad Riders,,played,,no,PC;PS3,no,,,,,,,
Madden 22,,not_interested,skip,yes,Origin,no,,,,not_needed,,,
MadWorld,2009,not_interested,skip,no,,no,,,,,,,
Mafia,2002,completed,,yes,Steam,no,,,,done,yes,,
Mafia 2 Definitive Edition,2010,completed,,no,PS4;Steam;PS+,no,,,6,,yes,wrócić,
Mafia 3,2016,completed,,yes,PS4,no,,,5,,yes,wrócić,
Mafia Tycoon,,not_interested,skip,no,CDA,no,,,,not_needed,,,
Mafia: Edycja Ostateczna,2020,completed,,no,PS+ Premium;PS4,no,,,,,yes,,
Mafia: The Old Country,,limbo,,,,,,,,,,,
MAG,2010,played,,no,PS3,no,,,,done,yes,,
Mage Knight Apocalypse,,not_interested,skip,no,CDA,no,,,,not_needed,,,
Mages of Mystralia,,not_interested,skip,yes,Epic,no,,,,not_needed,,,
Magic Orbz*,,not_interested,skip,,PS+ Premium,no,,,,,,,
Magic the Gathering - Duels of the Planeswalkers,,not_interested,skip,no,PS+,no,,,,not_needed,,,
Magicka,,played,,no,Steam,no,,,,,,,
Magicka 2,,played,,no,,no,,,,,,,
Magrunner: Dark Pulse,,not_interested,skip,yes,GOG,no,,,,not_needed,,,
Magus*,,not_interested,skip,,PS+ Premium,no,,,,,,,
Mahjong,,not_interested,skip,,PS+ Premium,no,,,,,,,
Mail Mole + 'Xpress Deliveries,,not_interested,skip,no,Prime Gaming,no,,,,,,,
Majesty 2,,not_interested,skip,no,,no,,,,not_needed,,,
Majo to Hyakkihei*,,not_interested,skip,,PS+ Premium,no,,,,,,,
Malicious,,not_interested,skip,no,,no,,,,not_needed,,,
Malicious Fallen,,not_interested,skip,no,PS+ Premium,no,,,,,,,
Mamorukun Curse!*,,not_interested,skip,no,PS+ Premium,no,,,,,,,
Mandragora: Whispers of the Witch Tree,,want_to_try,,no,,,,,,,,,
Maneater,2020,not_interested,skip,,,,,,,,,,
Manhunt,,not_interested,skip,no,,no,,,,,,,
Manhunt 2,,not_interested,skip,yes,PSV,no,,,,not_needed,,,
Maniac Mansion,,not_interested,skip,no,,no,,,,not_needed,,,
Maniac Mansion,,not_interested,skip,no,Prime Gaming,no,,,,,,,
Maniac Mansion: Day of the Tentacle,,not_interested,skip,no,,no,,,,not_needed,,,
Manic Miner,,not_interested,skip,no,,no,,,,not_needed,,,
Manifold Garden,2019,backlog,someday,no,,no,,,,,,emerytura,
Manor Lords,,backlog,someday,no,,no,,,,,,emerytura,
Manual Samuel,,not_interested,skip,no,Prime Gaming,no,,,,,,,
Manual Samuel,2016,not_interested,skip,no,,no,,,,not_needed,,,
Maquette,,not_interested,skip,yes,PS5,no,,,,not_needed,,,
Marathon Infinity,,not_interested,skip,no,,no,,,,not_needed,,,
Marble Madness,,not_interested,skip,no,,no,,,,not_needed,,,
Mario & Luigi: Bowser’s Inside Story,,not_interested,skip,no,,no,,,,not_needed,,,
Mario & Luigi: Partners in Time,,not_interested,skip,no,,no,,,,not_needed,,,
Mario & Luigi: Superstar Saga,,not_interested,skip,no,,no,,,,not_needed,,,
Mario + Rabbids: Sparks of Hope,,not_interested,skip,no,,no,,,2,,,,
Mario Golf,,not_interested,skip,no,,no,,,,not_needed,,,
Mario Kart 64,,not_interested,skip,no,,no,,,,not_needed,,,
Mario Kart 8,2014,played,,no,Wii U,no,,,,,,,
Mario Kart DS,,not_interested,skip,no,,no,,,,not_needed,,,
Mario Kart Wii,,not_interested,skip,no,,no,,,,not_needed,,,
Mario Kart World,,want_to_try,,no,,,,,,,,,
Mario Kart: Super Circuit,,not_interested,skip,no,,no,,,,not_needed,,,
Mario Power Tennis,,not_interested,skip,no,,no,,,,not_needed,,,
Mario vs. Donkey Kong,,not_interested,skip,no,,no,,,,not_needed,,,
Mark of the ninja,,not_interested,skip,yes,Steam,no,,,,,,,
Mars Alive,,not_interested,skip,no,PSVR,,,,1,,,vr,
Mars: War Logs,2013,backlog,someday,no,,no,,,,,,emerytura,
Martha is Dead,2022,not_interested,skip,no,,no,,,,,,,
Marvel Puzzle Quest,,not_interested,skip,,PS+ Premium,,,,,,,,
Marvel Snap,,backlog,someday,no,,no,,,5,,,emerytura,
Marvel vs. Capcom 2: New Age of Heroes,,not_interested,skip,no,,no,,,,not_needed,,,
Marvel's Avengers,2020,completed,,no,PS4,no,,,,,yes,,
Marvel's Midnight Suns,2022,backlog,someday,no,,no,,,,not_needed,,emerytura,
Marvel's Spider-Man 2,2023,completed,,no,PS5,no,,2026,,,,wrócić,
Marvel's Spider-Man: Miles Morales,2020,completed,,no,PS5,no,5,,6,,yes,wrócić,
Marvel's Wolverine,,upcoming,,no,,no,,,,,,,
Mashed,,not_interested,skip,no,,no,,,,not_needed,,,
Mask of the Rose,,not_interested,skip,no,,no,,,,,,,
Maskmaker,2021,backlog,high,yes,PSVR,required,,,8,,,vr,
Mass Effect (Legendary Edition),2008,completed,,yes,PS4;PS3;Origin;CDA,no,,,,,yes,,
Mass Effect 2 (Legendary Edition),2010,completed,,yes,PS4;Origin;PS3,no,,,,,yes,,
Mass Effect 3 (Legendary Edition),2012,completed,,yes,PS4;PS3;Origin,no,,,,,yes,,
Mass Effect: Andromeda,2017,completed,,yes,PS4,no,,,,,yes,,
Master of Orion,,not_interested,skip,no,,no,,,,not_needed,,,
Master of Orion II,,not_interested,skip,no,,no,,,,not_needed,,,
Master of Orion III,,not_interested,skip,no,,no,,,,not_needed,,,
Master of Orion: Conquer the Stars,,not_interested,skip,no,,no,,,,not_needed,,,
Master Reboot,2013,not_interested,skip,no,,no,,,,,,,
Masters of Anima,,not_interested,skip,,PS+ Premium,,,,,,,,
Matrix: Path of Neo,,backlog,someday,no,,no,,,,not_needed,,emerytura,
Matrix: Przebudzenie (Unreal Engine 5),2021,completed,,yes,PS5,no,,,,,yes,,
Matt Hazard: Blood Bath and Beyond*,,not_interested,skip,,PS+ Premium,,,,,,,,
Matterfall,,not_interested,skip,no,,no,,,,not_needed,,,
Max and the Magic Marker,,not_interested,skip,no,,no,,,,not_needed,,,
Max Payne,2001,completed,,yes,Steam;PS3;Android,no,,2023,5,,,,
Max Payne 2,2003,completed,,yes,Steam,no,,2023,5,,,,
Max Payne 3,2012,completed,,yes,PS3,no,,,,done,yes,,
Maximo: Ghosts to Glory,,not_interested,skip,no,,no,,,,not_needed,,,
MBL The Show 2019,,played,,no,,no,,,,,,,
MDK,,not_interested,skip,no,PSX,no,,,,,,,
MDK 2 HD,,not_interested,skip,no,CDA,no,,,,not_needed,,,
MechWarrior 2: 31st Century Combat,,not_interested,skip,no,,no,,,,not_needed,,,
MechWarrior 5,,backlog,someday,no,,,,,,,,emerytura,
MechWarrior 5: Clans,2024,backlog,someday,,,,,,,,,emerytura;chcę-zagrać,
Medal of Honor (1999),1999,completed,,no,,no,,,,,yes,,
Medal of Honor (2010),2010,completed,,no,Steam;Origin;PS3,no,,,,,yes,,
Medal of Honor Underground,2000,played,,no,,,,,,,,,
Medal of Honor: Airborne,,backlog,someday,no,,no,,,,not_needed,,emerytura,
Medal of Honor: Allied Assault,2002,backlog,someday,yes,Origin,no,,,4,not_needed,,emerytura,
Medal of Honor: European Assault,2005,backlog,someday,no,,no,,,,,,emerytura,
Medal of Honor: Frontline,2002,backlog,someday,no,,no,,,3,not_needed,,emerytura,
Medal of Honor: Heroes,,backlog,someday,no,PSV,no,,,3,,,emerytura,
Medal of Honor: Heroes 2,,backlog,someday,no,PSV,no,,,3,,,emerytura,
Medal of Honor: Pacific Assault,2004,backlog,someday,yes,Origin,no,,,,,,emerytura,
Medal of Honor: Rising Sun,,backlog,someday,no,,no,,,,,,emerytura,
Medal of Honor: Vangard,,backlog,someday,no,,no,,,,,,emerytura,
Medal of Honor: Warfighter,2012,completed,,yes,PS3,no,,,,,yes,,
Medieval Dynasty,2020,backlog,someday,no,Xbox Game Pass,no,,,,,,emerytura,
Medieval II: Total War,2006,played,,yes,Steam,no,,,,,yes,,
Medieval II: Total War - Kindgoms,,not_interested,skip,no,Steam,no,,,,,,,
Medieval: Total War,,not_interested,skip,no,,no,,,,not_needed,,,
MediEvil,1998,not_interested,skip,no,,no,,,,,,,
MediEvil (2019),2019,backlog,someday,no,,no,,,,,,emerytura,
MediEvil 2,2000,not_interested,skip,no,,no,,,,,,,
Meet Your Maker,,not_interested,skip,no,PS4,no,,,,,,,
Mega Lo Mania,,not_interested,skip,no,,no,,,,not_needed,,,
MEGA MAN 10*,,not_interested,skip,,PS+ Premium,,,,,,,,
Mega Man 9,,not_interested,skip,no,,no,,,,not_needed,,,
Mega Man Legends,,not_interested,skip,no,,no,,,,not_needed,,,
Mega Man X4 & Tomba,,not_interested,skip,no,PSX,no,,,,,,,
Megadimension Neptunia VII,,not_interested,skip,,PS+ Premium,,,,,,,,
Megalith,,not_interested,skip,no,PSVR,,,,1,,,vr,
MEGATON RAINFALL,2017,backlog,high,yes,PSVR,required,,,6,,,vr;można-olać,
Meikyu touro Legasista,,not_interested,skip,,PS+ Premium,,,,,,,,
Mekorama,,not_interested,skip,no,Android,no,,,,not_needed,,,
Men of War,,not_interested,skip,no,CDA,no,,,,not_needed,,,
Men of War: Karmazynowy przypływ,,not_interested,skip,no,,no,,,,not_needed,,,
Men of War: Oddział Szturmowy,,not_interested,skip,no,Muve,no,,,,not_needed,,,
Men of War: Oddział Szturmowy GOTY,,not_interested,skip,yes,CDA,no,,,,not_needed,,,
Mercenaries,,not_interested,skip,no,,no,,,,not_needed,,,
Mercenary,,not_interested,skip,no,,no,,,,not_needed,,,
Mercenary Kings,,not_interested,skip,no,PS4;PS+,no,,,,not_needed,,,
Mercury Meltdown,,not_interested,skip,no,,no,,,,not_needed,,,
Mercury Meltdown Revolution,,not_interested,skip,no,,no,,,,not_needed,,,
Metal Arms: Glitch in the System,,not_interested,skip,no,,no,,,,not_needed,,,
Metal Gear,1987,limbo,,no,,no,,,,,yes,,
Metal Gear 2: Solid Snake,1990,limbo,,no,,no,,,,,yes,,
Metal Gear Rising: Revengeance,2013,completed,,yes,,no,,,,,yes,,
Metal Gear Solid,1998,limbo,,yes,PSV;PS3;PS4;PS5;PC,no,,,7,,yes,,
Metal Gear Solid 2 HD,2001,completed,,yes,PSV;PS3,no,,,,,yes,,
Metal Gear Solid 3 HD,2004,completed,,yes,PSV;PS3,no,,,,,yes,,
Metal Gear Solid 4,2008,completed,,yes,PS3;PSN,no,,,,todo,yes,,
Metal Gear Solid 5: Phantom Pain,2015,completed,,yes,PS4,no,,2015,8,,yes,wrócić,
Metal Gear Solid Delta: Snake Eater,,limbo,,,,,,,,,,,
Metal Gear Solid: Ground Zeroes,2014,completed,,yes,PS4;PS3,no,,,7,,yes,wrócić,
Metal Gear Solid: Peace Walker HD,2010,completed,,yes,PSV;PS3,no,,,,,yes,,
Metal Gear Solid: Portable Ops,2006,limbo,,yes,PSV;PSP,no,,,5,,,,
Metal Gear Solid: The Twin Snakes,,not_interested,skip,no,,no,,,,not_needed,,,
Metal Gear Survive,2018,not_interested,skip,no,,no,,,,not_needed,,,
Metal Slug,,not_interested,skip,no,,no,,,,not_needed,,,
Metal Slug 2,,not_interested,skip,no,Prime Gaming,no,,,,,,,
METAL SLUG 3*,,not_interested,skip,,PS+ Premium,,,,,,,,
Metal Unit,,not_interested,skip,no,Prime Gaming,no,,,,,,,
Metal Wolf Chaos XD,2019,not_interested,skip,no,,no,,,,not_needed,,,
Metal: Hellsinger,,played,,no,Xbox Game Pass,no,,,,,,,
Metaphor: ReFantazio,2024,backlog,someday,,,,,,,,,emerytura;chcę-zagrać,
Meteos,,not_interested,skip,no,,no,,,,not_needed,,,
Metin2,2007,played,,no,,,,,,,,,
Metrico,,not_interested,skip,yes,PSV,no,,,,not_needed,,,
Metrico+,2016,not_interested,skip,no,PSV,no,,,,not_needed,,,
Metro 2033,2010,completed,,yes,Epic;Steam,no,,,,,yes,,
Metro Awakening,,want_to_try,,no,,,,,,,,,
Metro Exodus: Gold Edition,2019,completed,,yes,PS4;PS5,no,,,,,yes,,
METRO: AWAKENING,,limbo,,no,,,,,,,,vr;brak-sprzętu,
Metro: Last Light (Redux),2013,completed,,no,Epic;Steam;PS+;GOG,no,,,,,yes,,
Metroid,,not_interested,skip,no,,no,,,,not_needed,,,
Metroid Dread,,not_interested,skip,no,,no,,,,,,,
Metroid Fusion,,not_interested,skip,no,,no,,,,not_needed,,,
Metroid II: Return of Samus,,not_interested,skip,no,,no,,,,not_needed,,,
Metroid Prime (Remastered),2002,backlog,someday,no,,no,,,,,,emerytura,
Metroid Prime 2: Echoes,2004,backlog,someday,no,,no,,,,,,emerytura,
Metroid Prime 3: Corruption,2007,backlog,someday,no,,no,,,,,,emerytura,
Metroid Zero Mission,,not_interested,skip,no,,no,,,,not_needed,,,
Metropolis Street Racer,,not_interested,skip,no,,no,,,,not_needed,,,
Miasma Chronicles,,backlog,someday,no,,no,,,,,,emerytura,
Micro Machines,,not_interested,skip,no,,no,,,,not_needed,,,
Micro Machines 2: Turbo Tournament,,not_interested,skip,no,,no,,,,not_needed,,,
Microsoft Flight Simulator,,played,,no,,no,,,,not_needed,,,
Microsoft Flight Simulator X,,not_interested,skip,no,,no,,,,not_needed,,,
Middle-Earth: Shadow of Mordor,2014,completed,,yes,Steam;PS4,no,,,,done,yes,,
Midnight Club: LA Remix,,not_interested,skip,no,PSV,no,,,,not_needed,,,
Midnight Fight Express,2022,backlog,someday,no,Xbox Game Pass,no,,,,,,emerytura,
Midtown Madness 3,,not_interested,skip,no,,no,,,,not_needed,,,
Midwinter,,not_interested,skip,no,,no,,,,not_needed,,,
Might & Magic X: Legacy,2014,completed,,yes,Uplay,no,,,,,yes,,
Might and Magic: Clash of Heroes,,not_interested,skip,no,Steam,no,,,,not_needed,,,
Mighty Flip Champs,,not_interested,skip,no,,no,,,,not_needed,,,
Mighty No. 9,,not_interested,skip,no,,no,,,,not_needed,,,
Mind Labyrinth VR Dream,,not_interested,skip,no,PSVR,,,,1,,,vr,
Minecraft,2009,played,,no,,,,,,,,,
Minecraft Dungeons,,not_interested,skip,no,,no,,,,,,,
Miner 2049er,,not_interested,skip,no,,no,,,,not_needed,,,
Minesweeper,,not_interested,skip,no,,no,,,,not_needed,,,
Mini Motor Racing X,,not_interested,skip,no,PSVR,,,,1,,,vr,
MINIT,2018,not_interested,skip,yes,Epic;Android,no,,,,not_needed,,,
Mirror's Edge,2008,completed,,yes,Steam;PS3;Origin,no,,,7,done,yes,wrócić,
Mirror's Edge Catalyst,2016,completed,,yes,PS4,no,,,6,,yes,wrócić,
Missile Command,,not_interested,skip,no,,no,,,,not_needed,,,
Mitsurugi Kamui Hikae,,not_interested,skip,,PS+ Premium,,,,,,,,
MLB 09: The Show,,not_interested,skip,no,,no,,,,not_needed,,,
MLB the show 2024,,not_interested,skip,yes,,,,,,,,,
MMORPG Tycoon 2,,not_interested,skip,no,,no,,,,,,,
ModNation Racers,2010,played,,no,,,,,,,,,
Modnation Racers: Road Trip,,not_interested,skip,no,,no,,,,not_needed,,,
Mojib Ribbon,,not_interested,skip,no,,no,,,,not_needed,,,
Momodora: Reverie Under the Moonlight,,not_interested,skip,,PS+ Premium,,,,,,,,
Monaco: What's Yours Is Mine,,not_interested,skip,no,,no,,,,not_needed,,,
Monkey Island 2 Special Edition: LeChuck’s Revenge,,not_interested,skip,no,PS+ Premium;Amazon Prime,no,,,,not_needed,,,
Monster Boy and The Cursed Kingdom,2018,not_interested,skip,,,,,,,,,,
Monster Energy Supercross - The Official Videogame,,not_interested,skip,no,PS4,no,,,,not_needed,,,
Monster Hunter Freedom Unite,,not_interested,skip,no,,no,,,,not_needed,,,
Monster Hunter Freedom Unite,,not_interested,skip,no,PSV,no,,,,not_needed,,,
Monster Hunter Rise,2021,not_interested,skip,,,,,,,,,,
Monster Hunter Wilds,,want_to_try,,no,,,,,,,,,
Monster Hunter: World,,played,,yes,PS4,no,,,,,,,
Monster Jam Battlegrounds,,not_interested,skip,yes,PS3,no,,,,not_needed,,,
Monster Jam Steel Titans 2,,not_interested,skip,,PS+ Premium,,,,,,,,
Monster Max,,not_interested,skip,no,,no,,,,not_needed,,,
Monster of the Deep: FFXV,,not_interested,skip,no,PSVR,,,,1,,,vr,
Monster Truck Championship,2020,not_interested,skip,,,,,,,,,,
MonsterBag,,not_interested,skip,no,PSV,no,,,,not_needed,,,
Monument Valley,2014,completed,,no,Android,no,,,,,yes,,
Monument Valley 2,2017,played,,yes,Android,no,,,,,,,
Moon Patrol,,not_interested,skip,no,,no,,,,not_needed,,,
Moonlighter,,not_interested,skip,no,Epic,no,,,,not_needed,,,
Moons of Madness,2019,backlog,someday,no,,no,,,,not_needed,,emerytura,
Moonscars,2022,backlog,someday,,,,,,,,,emerytura,
Mordhau,2019,played,,yes,Epic,no,,,,,,,
Morkredd,,not_interested,skip,yes,Amazon,no,,,,not_needed,,,
MORTAL BLITZ,,not_interested,skip,no,PSVR,,,,1,,,vr,
Mortal Blitz: Combat Arena,,played,,yes,PSVR,,,,,,,,
Mortal Kombat,,played,,yes,PS+;PSV,no,,,,,,,
Mortal Kombat,2011,played,,no,,,,,,,,,
Mortal Kombat (1992),,played,,no,,no,,,,,,,
Mortal Kombat 1,,want_to_try,,no,,,,,,,,,
Mortal Kombat 11 (PS4/PS5),,played,,no,PS+ Premium,,,,,,,,
Mortal Kombat 3,,played,,no,,no,,,,,,,
Mortal Kombat II,,played,,no,,no,,,,,,,
Mortal Kombat X,2015,played,,yes,PS4,no,,,,,,,
Mortal Online,,played,,no,PC,no,,,,,,,
Mortal Online 2,2021,not_interested,skip,no,,no,,,,,,,
Mortal Shell,2020,not_interested,skip,yes,PS4,no,,,,,,,
Moss,2018,backlog,,yes,PSVR;PSVR2,required,,,8,,,vr;psvr2,
Moss: Book II,2022,limbo,,no,PSVR;PSVR2,yes,,,8,,,vr;brak-sprzętu,
Mother 3,,not_interested,skip,no,,no,,,,not_needed,,,
Mothergunship,,not_interested,skip,yes,Epic,no,,,,not_needed,,,
MotoGP 13,,not_interested,skip,no,,no,,,,not_needed,,,
MotoGP 24,2024,not_interested,skip,,,,,,,,,,
MotorStorm,,not_interested,skip,no,,no,,,,not_needed,,,
Motorstorm RC,,not_interested,skip,no,PSV,no,,,,not_needed,,,
Motorstorm: Apocalypse,,not_interested,skip,yes,PS+,no,,,,not_needed,,,
MotorStorm: Pacific Rift,,not_interested,skip,no,,no,,,,not_needed,,,
Mount&Blade,2008,completed,,yes,Steam,no,,,,,yes,,
Mount&Blade II: Bannerlord,2022,completed,,yes,PS5,no,5,2023,,,,,
Mount&Blade: Ogniem i Mieczem,,not_interested,skip,no,Steam,no,,,,not_needed,,,
Mount&Blade: Warband,2010,completed,,yes,Steam;PS4,no,,,7,,,wrócić,
MouseCraft,,not_interested,skip,no,PS3;PS4;PSV,no,,,,not_needed,,,
Mouthwashing,2024,backlog,someday,,,,,,,,,emerytura;chcę-zagrać,
Moving Out,,not_interested,skip,yes,Epic,no,,,,not_needed,,,
Mr Moskeeto,2002,backlog,someday,,,,,,,,,emerytura,
Mr. Do!,,not_interested,skip,no,,no,,,,not_needed,,,
Mr. Driller,2000,not_interested,skip,no,PS Classic,no,,,,not_needed,,,
Mr. Driller (PS1/PS4/PS5),,played,,,PS+ Premium,,,,,,,,
Mr. Shifty,2017,backlog,someday,yes,,no,,,,,,emerytura,
Ms. Pac-Man,,not_interested,skip,no,,no,,,,not_needed,,,
MU Online,2001,completed,,no,PC,no,,,,,yes,,
Muchroom Wars,,not_interested,skip,no,PS+,no,,,,not_needed,,,
MUD,,not_interested,skip,no,,no,,,,not_needed,,,
Mudrunner,,not_interested,skip,yes,Epic,no,,,,not_needed,,,
Mugen Souls Z,,not_interested,skip,no,,no,,,,not_needed,,,
Mullet MadJack,,want_to_try,,no,,,,,,,,,
Mundaun,2021,not_interested,skip,no,,no,,,,not_needed,,,
Muramasa: Rebirth,,not_interested,skip,yes,PSV,no,,,,not_needed,,,
Muramasa: The Demon Blade,,not_interested,skip,no,,no,,,,not_needed,,,
Murasaki Baby,,not_interested,skip,no,PSV,no,,,,not_needed,,,
Murder by Numbers,,not_interested,skip,yes,Epic,no,,,2,,,,
Murdered: Soul Suspect,2014,completed,,yes,Steam,no,,,,,yes,,
Mutant Year Zero: Road to Eden,2018,not_interested,skip,yes,Epic,no,,,,not_needed,,,
Mutazione,2019,not_interested,skip,yes,Epic,no,,,,not_needed,,,
MX vs ATV All Out,,not_interested,skip,,PS+ Premium,,,,,,,,
MX vs ATV Reflex*,,not_interested,skip,,PS+ Premium,,,,,,,,
MX vs ATV: Alive*,,not_interested,skip,,PS+ Premium,,,,,,,,
MX VS ATV: UNTAMED*,,not_interested,skip,,PS+ Premium,,,,,,,,
MXGP 2021,,not_interested,skip,,PS+ Premium,,,,,,,,
My Friend Pedro,2019,completed,,no,Xbox Game Pass,no,,,,,yes,,
My Friend Peppa Pig,2021,not_interested,skip,,,,,,,,,można-olać,
My Hero One's Justice,,not_interested,skip,no,,no,,,,not_needed,,,
My Time at Portia,,not_interested,skip,yes,Epic,no,,,,not_needed,,,
Myst,,not_interested,skip,no,,no,,,,not_needed,,,
Myst III: Exile,,not_interested,skip,no,,no,,,,not_needed,,,
Myst IV: Revelation,,not_interested,skip,no,,no,,,,not_needed,,,
Myst V: End of Ages,,not_interested,skip,no,,no,,,,not_needed,,,
Mystic Pillars - Remastered,2021,not_interested,skip,,,,,,,,,,
Myth: The Fallen Lords,,not_interested,skip,no,,no,,,,not_needed,,,
Mythos,,played,,no,,no,,,,,,,
N+,,not_interested,skip,no,,no,,,,not_needed,,,
N++,2016,not_interested,skip,no,,no,,,,not_needed,,,
Nail'D,,not_interested,skip,no,CDA,no,,,,not_needed,,,
Nakara: Bladepoint’,,not_interested,skip,no,,no,,,,not_needed,,,
Naked War,,not_interested,skip,no,,no,,,,not_needed,,,
Nanotale - Typing Chronicles,,not_interested,skip,no,Amazon Prime,no,,,,,,,
Napoleon: Total War,,not_interested,skip,yes,Steam,no,,,,,,,
Naraka: Bladepoint,2021,played,,no,Xbox Game Pass,no,,,,,,,
NARC,,not_interested,skip,no,CDA,no,,,,not_needed,,,
Narco Terror*,,not_interested,skip,,PS+ Premium,,,,,,,,
Naruto Shippuden Ultimate Ninja Storm,,not_interested,skip,no,,no,,,,not_needed,,,
NARUTO TO BORUTO: SHINOBI STRIKER,,not_interested,skip,no,PS4,no,,,,,,,
NASCAR Heat 5,,not_interested,skip,,PS+ Premium,,,,,,,,
Natural Selection 2,,not_interested,skip,no,,no,,,,not_needed,,,
NBA 2K Playgrounds 2,,not_interested,skip,,PS+ Premium,,,,,,,,
NBA 2K10,,not_interested,skip,no,,no,,,,not_needed,,,
NBA 2K14,,played,,yes,PS3,no,,,,,,,
NBA 2K16,2015,played,,no,,no,,,,,,,
NBA 2K20,,not_interested,skip,yes,PS4;PS+,no,,,,not_needed,,,
NBA 2K21,,not_interested,skip,yes,Epic,no,,,,not_needed,,,
NBA 2K22,,not_interested,skip,,PS+ Premium,,,,,,,,
NBA Jam,,not_interested,skip,no,,no,,,,not_needed,,,
NBA Street Vol. 2,,not_interested,skip,no,,no,,,,not_needed,,,
Nebulus,,not_interested,skip,no,,no,,,,not_needed,,,
Necromunda: Underhive Wars,,not_interested,skip,no,,no,,,,not_needed,,,
Necropolis,2016,not_interested,skip,no,,no,,,,not_needed,,,
NecroVision,,not_interested,skip,no,CDA,no,,,,not_needed,,,
Need For Speed Heat,,not_interested,skip,no,Origin,no,,,,,,,
Need for Speed Unbound,,not_interested,skip,no,,no,,,,,,,
Need for Speed: Carbon,2006,played,,no,,,,,,,,,
Need for Speed: Most Wanted,,not_interested,skip,no,,no,,,,not_needed,,,
Need for speed: Payback,,not_interested,skip,yes,PS4,no,,,,not_needed,,,
Need for Speed: Porsche 2000,,not_interested,skip,no,,no,,,,not_needed,,,
Need for Speed: Road Challenge,1999,not_interested,skip,no,,,,,,,,,
Need for Speed: Shift,,not_interested,skip,no,,no,,,,not_needed,,,
Need for Speed: The Run,,played,,no,,no,,,,,,,
Need for Speed: Undercover,,not_interested,skip,no,,no,,,,not_needed,,,
Need for Speed: Underground,,not_interested,skip,no,,no,,,,not_needed,,,
Need for Speed: Underground 2,,not_interested,skip,no,,no,,,,not_needed,,,
Need for Speed™ Heat,,not_interested,skip,yes,PS4,no,,,,,,,
Need for Speed™ Hot Pursuit Remastered,,not_interested,skip,yes,Origin,no,,,,,,,
Nehrim: At Fate's Edge [TES IV],2010,backlog,someday,yes,Steam,no,,,,,,emerytura,
Neo Cab,,not_interested,skip,no,,no,,,,not_needed,,,
Neo Cab,2019,not_interested,skip,no,,no,,,,,,,
Neon Abyss,,not_interested,skip,yes,Epic,no,,,,not_needed,,,
Neon Chrome,,not_interested,skip,no,,no,,,,not_needed,,,
Neon White,2022,not_interested,skip,no,Xbox Game Pass,no,,,,,,,
Neptune’s Pride,,not_interested,skip,no,,no,,,,not_needed,,,
NetHack,,not_interested,skip,no,,no,,,,not_needed,,,
Neva,,want_to_try,,no,,,,,,,,,
Neva,2024,not_interested,skip,,,,,,,,,,
Never Alone,2014,completed,,yes,PS4,no,,,,,yes,,
Never stop sneakin',,not_interested,skip,no,,no,,,,not_needed,,,
NeverDead,,not_interested,skip,no,,no,,,,not_needed,,,
Neverout,,not_interested,skip,no,PSVR,,,,1,,,vr,
NEVERWINTER NIGHTS 2: COMPLETE,2006,backlog,someday,yes,GOG,no,,,,not_needed,,emerytura,
NEVERWINTER NIGHTS: DIAMOND EDITION,2002,not_interested,skip,yes,GOG,no,,,,not_needed,,,
NEVERWINTER NIGHTS: Enhanced Edition,2002,backlog,someday,no,PS4,no,,,,,,emerytura,
Neverwinter Online,,played,,no,PC;PS4,no,,,,,,,
New Little King's Story,,not_interested,skip,no,PSV,no,,,,not_needed,,,
New Tales from the Borderlands,2022,backlog,someday,no,,no,,,,,,emerytura,
New World: Aeternum,2021,completed,high,yes,,no,,2025,9,,yes,,
Nex Machina,,not_interested,skip,no,,no,,,,not_needed,,,
Next Up Hero,,not_interested,skip,yes,Epic,no,,,,not_needed,,,
NHL 10,,not_interested,skip,no,,no,,,,not_needed,,,
NHL Hockey,,not_interested,skip,no,,no,,,,not_needed,,,
Ni no Kuni II: Revenant Kingdom,2018,backlog,someday,no,,no,,,,,,emerytura,
Ni no Kuni: Cross Worlds,2021,played,,no,Android,no,,,,,,,
Ni no Kuni: Wrath of the White Witch,2010,backlog,someday,no,PS4,no,,,4,,,emerytura,
Nickelodeon All-Star Brawl,,not_interested,skip,no,PS4;PS5,no,,,,,,,
Nidhogg,,not_interested,skip,,PS+ Premium,,,,,,,,
Nidhogg 2,,not_interested,skip,no,,no,,,,not_needed,,,
Nier,2010,not_interested,skip,no,PS3,no,,,,not_needed,,,
Nier Replicant v1.22,2021,backlog,someday,no,PS+ Premium,no,,,,,,emerytura;nie-pali-się,
NIER: Automata,2017,limbo,,no,,no,,,,,,,
Night Call,2019,not_interested,skip,no,,no,,,,,,,
Night in the Woods,2017,not_interested,skip,yes,Epic,no,,,,,,,
Nighthawks,,upcoming,,no,,no,,,,,,,
Nightmare Creatures,,not_interested,skip,no,PSX,no,,,,,,,
Nights Into Dreams,,not_interested,skip,no,,no,,,,not_needed,,,
Nights of Azure,,not_interested,skip,,PS+ Premium,,,,,,,,
Nights of Azure 2: Bride of the New Moon,,not_interested,skip,,PS+ Premium,,,,,,,,
NightSky,,not_interested,skip,yes,Steam,no,,,,not_needed,,,
Nihilumbra,,not_interested,skip,no,,no,,,,not_needed,,,
Nine Sols,,want_to_try,,no,,,,,,,,,
Ninja Five-0,,not_interested,skip,no,,no,,,,not_needed,,,
Ninja Gaiden,,not_interested,skip,no,,no,,,,not_needed,,,
Ninja Gaiden 2 Black,,want_to_try,,no,,,,,,,,,
Ninja Gaiden 3*,,not_interested,skip,,PS+ Premium,,,,,,,,
NINJA GAIDEN 3: Razor's Edge*,,not_interested,skip,,PS+ Premium,,,,,,,,
Ninja Gaiden Black,,not_interested,skip,no,,no,,,,not_needed,,,
Ninja Gaiden II,,not_interested,skip,no,,no,,,,not_needed,,,
NINJA GAIDEN SIGMA 2*,,not_interested,skip,,PS+ Premium,,,,,,,,
Ninja Gaiden Sigma Plus,,not_interested,skip,yes,PSV,no,,,,not_needed,,,
Ninja Gaiden Sigma*,,not_interested,skip,,PS+ Premium,,,,,,,,
NINJA GAIDEN: Ragebound,,want_to_try,,no,,,,,,,,,
Ninja Legends,2019,not_interested,skip,no,PSVR,yes,,,1,,,vr,
Ninja Senki DX,,not_interested,skip,no,,no,,,,not_needed,,,
Nintendogs,,not_interested,skip,no,,no,,,,not_needed,,,
Nioh,2017,backlog,someday,yes,Epic,no,,,,,,emerytura,
NIOH 2,2020,backlog,someday,yes,PS4;PS5,no,,,,,,emerytura,
No Case Should Remain Unsolved,2024,not_interested,skip,,,,,,,,,,
No Heroes Allowed! (PSP),,not_interested,skip,no,PS+ Premium,no,,,,,,,
No Man's Sky (VR),2016,backlog,,yes,PS4;PS5;PSVR;PSVR2,optional,,,7,,,vr;psvr2,
No More Heroes 2: Desperate Struggle,,not_interested,skip,no,,no,,,,,,,
No More Heroes 3,2021,backlog,someday,,,,,,,,,emerytura,
No More Heroes: Heroes' Paradise,2010,not_interested,skip,no,,no,,,,not_needed,,,
No One Lives Forever,2000,backlog,someday,no,,no,,,,,,emerytura,
No One Lives Forever 2,2002,backlog,someday,no,,no,,,,,,emerytura,
No rest for the wicked,,backlog,someday,no,,no,,,,,,emerytura,
No Straight Roads,,not_interested,skip,no,,no,,,,not_needed,,,
Nobody Saves The World,,not_interested,skip,no,,no,,,,,,,
Nobody Wants to Die,2024,limbo,,no,,,,,,,,,
NOBUNAGA'S AMBITION: Sphere of Influence*,,not_interested,skip,,PS+ Premium,,,,,,,,
Noby Noby Boy,,not_interested,skip,no,,no,,,,not_needed,,,
Nom Nom Galaxy,,not_interested,skip,no,PS4,no,,,,not_needed,,,
Norco,2022,backlog,someday,no,,no,,,2,not_needed,,emerytura,
North & South,,not_interested,skip,no,,no,,,,not_needed,,,
Nosferatu,,not_interested,skip,no,,no,,,,not_needed,,,
Not a Hero (PS4),,not_interested,skip,no,PS4,no,,,,not_needed,,,
Not for Broadcast,2020,backlog,someday,no,,no,,,,,,emerytura,
"NOT HAREM HEAVEN, IT IS YANNDERE HELL.",,not_interested,skip,,PS+ Premium,,,,,,,,
Nour : Play with your Food,2023,not_interested,skip,,,,,,,,,można-olać,
Nova-111,,not_interested,skip,no,PS4,no,,,,not_needed,,,
Nowhere Prophet,,not_interested,skip,no,,no,,,,not_needed,,,
Nuclear Throne,,not_interested,skip,no,Epic,no,,,,not_needed,,,
Numblast,,not_interested,skip,,PS+ Premium,,,,,,,,
Obduction,2016,not_interested,skip,yes,Epic;GOG,no,,,,not_needed,,,
Observation,2019,backlog,someday,yes,PS4;Xbox Game Pass PC,no,,,,,,emerytura,
Observer: System Redux,2017,completed,,yes,PS4;Epic,no,,,,,yes,,
Octopath Traveler,,not_interested,skip,no,,no,,,,,,,
OCTOPATH TRAVELER II,2023,backlog,someday,no,,no,,,5,,,emerytura,
Oddworld : Soulstorm,2021,backlog,someday,,,,,,,,,emerytura,
Oddworld: Abe's Exoddus,,played,,no,CDA,no,,,,,,,
Oddworld: Abe's Oddysee,1997,played,,yes,CDA;PS Classic,no,,,,,yes,,
Oddworld: New n Tasty,,not_interested,skip,yes,PS4;PSV;Epic,no,,,,not_needed,,,
Oddworld: Soulstorm,,not_interested,skip,yes,PS5,no,,,,not_needed,,,
Oddworld: Stranger’s Wrath HD,2005,not_interested,skip,yes,PSV;PS3;Android,no,,,,not_needed,,,
Oddworld:Munch's Oddysee,,not_interested,skip,no,,no,,,,,,,
Odin Sphere,,not_interested,skip,no,,no,,,,not_needed,,,
Odin Sphere Leifthrasir,,not_interested,skip,no,PSV,no,,,,not_needed,,,
Of Kings and Men,,not_interested,skip,no,,no,,,,not_needed,,,
Of Orcs and Men,,not_interested,skip,no,,no,,,,not_needed,,,
Offspring Fling!,,not_interested,skip,no,Steam,no,,,,not_needed,,,
Offworld Trading Company,,not_interested,skip,yes,Epic,no,,,,not_needed,,,
Oh...Sir!! The Insult Simulator,2016,played,,yes,Steam,no,,,,,,,
OhShape,,not_interested,skip,no,,,,,1,,,vr,
Oids,,not_interested,skip,no,,no,,,,not_needed,,,
Oil Rush,,not_interested,skip,no,,no,,,,not_needed,,,
Ojciec Chrzestny,,not_interested,skip,no,,no,,,,not_needed,,,
Ojciec Chrzestny II,,not_interested,skip,no,,no,,,,not_needed,,,
OKABU*,,not_interested,skip,,PS+ Premium,,,,,,,,
OKAGE: Shadow King,,not_interested,skip,,PS+ Premium,,,,,,,,
Okami,2006,limbo,,yes,PS3;PS4,no,,,5,,,,
Old Man's Journey,2019,completed,,no,PC,no,,,,,yes,,
OlliOlli World,2022,backlog,someday,yes,PS4;PS5,no,,,,,,emerytura,
OlliOlli2: Welcome to Olliwood,2015,backlog,someday,yes,PSV,no,,,,,yes,emerytura,
Omega Boost,,not_interested,skip,no,PSX,no,,,,,,,
Omega Quintet,,not_interested,skip,,PS+ Premium,,,,,,,,
Omerta: City of Gangsters,,not_interested,skip,no,GOG,no,,,,not_needed,,,
Once human,,backlog,someday,no,,no,,,,,,emerytura,
One-Dot Enemies,,not_interested,skip,no,,no,,,,not_needed,,,
OneShot,2016,not_interested,skip,no,,no,,,,not_needed,,,
onic X Shadow Generations,,want_to_try,,no,,,,,,,,,
Onimusha 2: Samurai's Destiny,,not_interested,skip,no,,no,,,,,,,
Onimusha 2: Samurai's Destiny (2025),,want_to_try,,no,,,,,,,,,
Onimusha 3: Demon Siege,,not_interested,skip,no,,no,,,,,,,
Onimusha Blade Warriors,,not_interested,skip,no,,no,,,,,,,
Onimusha Tactics,,not_interested,skip,no,,no,,,,,,,
Onimusha: Dawn of Dreams,,not_interested,skip,no,,no,,,,,,,
Onimusha: Warlords,2001,backlog,someday,no,,no,,,3,not_needed,,emerytura,
ONRUSH,,not_interested,skip,no,PS4,no,,,,not_needed,,,
Onward,,limbo,,no,,,,,,,,vr;brak-sprzętu,
Ooblets,,not_interested,skip,no,,no,,,,not_needed,,,
Open Roads,,backlog,someday,no,,no,,,,,,emerytura;chcę-zagrać,
Operation Flashpoint: Cold War Crisis,,not_interested,skip,no,,no,,,,not_needed,,,
Operation Flashpoint: Dragon Rising,2009,played,,no,CDA,no,,,,,yes,,
Operation Warcade,,not_interested,skip,no,PSVR,,,,1,,,vr,
Operation Wolf,,not_interested,skip,no,,no,,,,not_needed,,,
Operation: Tango,2020,not_interested,skip,yes,PS5;PS4,no,,,,,,,
Operencia: The Stolen Sun,,not_interested,skip,no,PSVR,,,,1,,,vr,
Opus: Echo of Starsong,,not_interested,skip,no,,no,,,,,,,
Orchids To Dusk,,not_interested,skip,no,,no,,,,,,,
Orcs Must Die 3,2021,backlog,someday,,,,,,,,,emerytura,
Orcs Must Die!,,not_interested,skip,no,,no,,,,not_needed,,,
Oreshika: Tainted Bloodlines,,not_interested,skip,no,PSV,no,,,,not_needed,,,
Ori and the Blind Forest,2015,backlog,someday,no,Xbox Game Pass,no,,,,not_needed,,emerytura,
Ori and the Will of the Wisps,2020,backlog,someday,no,Xbox Game Pass,no,,,,,,emerytura,
Orwell: Ignorance is Strength,2018,backlog,someday,no,,no,,,,,,emerytura,
Orwell: Keeping an Eye on You,2016,not_interested,skip,yes,Steam,no,,,,,,,
Osiris: New Dawn,2016,not_interested,skip,no,,no,,,,not_needed,,,
Osmos,2009,played,,no,Steam,no,,,,,yes,,
Out of Line,,not_interested,skip,no,Prime Gaming,no,,,,,,,
Out of the Park Baseball 17,,not_interested,skip,no,,no,,,,not_needed,,,
Out Zone,,not_interested,skip,no,,no,,,,not_needed,,,
Outcast,,not_interested,skip,yes,GOG,no,,,,not_needed,,,
Outcast - Second Contact,2017,backlog,someday,no,PS+ Premium,no,,,,,,emerytura,
Outcast: A New Beginning,,want_to_try,,no,,,,,,,,,
Outcast: A new beginning,,backlog,someday,no,,no,,,,,,emerytura,
Outcast: A New Beginning,,backlog,someday,no,,no,,,,,,emerytura,
Outer Wilds,2019,backlog,someday,no,PS+ Premium,no,,,,not_needed,,emerytura,
OutLand,2011,played,,yes,PS+,no,,,,,yes,,
Outlast,2013,backlog,someday,yes,PS4,no,,,,not_needed,,emerytura,
Outlast 2,2017,backlog,someday,no,,no,,,,not_needed,,emerytura,
Outlaws,1997,backlog,someday,no,,no,,,,,,emerytura,
Outriders,2021,backlog,someday,no,PS+ Premium,no,,,,,,emerytura,
OutRun,,not_interested,skip,no,,no,,,,not_needed,,,
OutRun 2006: Coast 2 Coast,,not_interested,skip,no,,no,,,,not_needed,,,
Outward: Definitive Edition,2019,backlog,someday,yes,PS5,no,,,,,,emerytura;nie-pali-się,
Overboard!,,not_interested,skip,no,,no,,,,,,,
Overclocked Historia o Przemocy,,not_interested,skip,no,CDA,no,,,,not_needed,,,
Overcooked All You Can Eat,2020,backlog,someday,,,,,,,,,emerytura,
Overcooked! 2,,not_interested,skip,no,Epic,no,,,,not_needed,,,
Overkill's The Walking Dead,,not_interested,skip,no,,no,,,,not_needed,,,
Overland,,not_interested,skip,no,,no,,,,not_needed,,,
Overload - Playable Teaser,,not_interested,skip,yes,GOG,no,,,,not_needed,,,
Overlord II,,not_interested,skip,no,,no,,,,not_needed,,,
Overlord: Rising Hell,,not_interested,skip,no,,no,,,,not_needed,,,
Overpass,,not_interested,skip,,PS+ Premium,,,,,,,,
Overpass 2,2023,not_interested,skip,,,,,,,,,,
Override 2: Super Mech League (PS4/PS5),,not_interested,skip,,PS+ Premium,,,,,,,,
Overwatch,2016,played,,yes,PC,no,,,,,,,
OVERWATCH 2,2022,played,,yes,PS5,no,,,6,,yes,,
Overwhelm,,not_interested,skip,no,,no,,,,not_needed,,,
Owlboy,2016,not_interested,skip,no,,no,,,,not_needed,,,
Oxenfree,2016,not_interested,skip,yes,GOG;Epic,no,,,,not_needed,,,
Oxenfree II: Lost Signals,,want_to_try,,no,,,,,,,,,
P.T.,2014,completed,,no,PS4,no,,,,,yes,,
Pac-Land,,not_interested,skip,no,,no,,,,not_needed,,,
PAC-MAN,,not_interested,skip,no,,no,,,,not_needed,,,
PAC-MAN Championship Edition DX+,,not_interested,skip,no,Steam,no,,,,not_needed,,,
Pacific Drive,,want_to_try,,no,,,,,,,,,
Pacific Drive,,backlog,someday,no,,no,,,,,,emerytura,
Pain,,not_interested,skip,no,,no,,,,not_needed,,,
Painkiller,2004,played,,no,,,,,,,,,
Painkiller Hell & Damnation,,not_interested,skip,no,Steam,no,,,,not_needed,,,
Palworld,,played,,no,,no,,,,,,,
Pandemonium 2,,not_interested,skip,no,PSX,no,,,,,,,
Pang,,not_interested,skip,no,,no,,,,not_needed,,,
Panther VR,,limbo,,no,,,,,,,,vr;brak-sprzętu,
Panzer Dragoon Orta,,not_interested,skip,no,,no,,,,not_needed,,,
Panzer Dragoon Saga,,not_interested,skip,no,,no,,,,not_needed,,,
Papa & Yo,2012,played,,yes,PS3,no,,,,,yes,,
Paper Beast,2020,backlog,high,yes,PSVR,required,,,5,,,vr,
Paper Beast - Folded Edition,,not_interested,skip,yes,Amazon Prime,no,,,,not_needed,,,
Paper Mario,,not_interested,skip,no,,no,,,,not_needed,,,
Paper Mario: The Thousand-Year Door,,not_interested,skip,no,,no,,,,not_needed,,,
Paperboy,,not_interested,skip,no,,no,,,,not_needed,,,
"Papers, please",2013,completed,,no,PC;PSV,no,,,,,yes,,
Paradigm,2017,not_interested,skip,no,,no,,,,,,,
Paradise Killer,2020,backlog,someday,no,,no,,,,,,emerytura,
Paradise Lost,2020,backlog,someday,no,,no,,,,,,emerytura,
Paradox of Gods and Destiny Revolution*,,not_interested,skip,,PS+ Premium,,,,,,,,
Paradroid,,not_interested,skip,no,,no,,,,not_needed,,,
Paragon,,played,,no,,no,,,,,,,
Paranormal Activity: The Lost Soul,,not_interested,skip,no,PSVR,,,,1,,,vr,
PARANORMASIGHT: The Seven Mysteries of Honjo,,not_interested,skip,no,,no,,,2,,,,
PaRappa the Rapper,,not_interested,skip,no,,no,,,,not_needed,,,
Parasite Eve,1998,backlog,someday,no,PSX,no,,,,,,emerytura,
Parasite Eve 2,1999,backlog,someday,no,PSX,no,,,,,,emerytura,
PARATOPIC,,not_interested,skip,no,,no,,,,,,,
Party Animals,,not_interested,skip,no,,no,,,,not_needed,,,
Party Hard,,not_interested,skip,,PS+ Premium,,,,,,,,
Past Cure,,not_interested,skip,no,,no,,,,not_needed,,,
Patapon (Remastered),2007,backlog,someday,no,PS+ Premium;PSV,no,,,,,,emerytura,
Patapon 2 (Remastered),2008,backlog,someday,yes,PS+ Premium;PSV,no,,,,,,emerytura,
Patapon 3,2011,not_interested,skip,yes,PSV;PSP,no,,,,,,,
Path of Exile,,played,,no,,no,,,,,,,
Pathfinder : Wrath of the Righteous,2021,backlog,someday,,,,,,,,,emerytura,
Pathfinder: Kingmaker - Enhanced Plus Edition,,not_interested,skip,yes,Epic,no,,,,,,,
Pathologic 2,2019,backlog,someday,no,,no,,,,,,emerytura,
Pathologic Classic HD,2005,not_interested,skip,no,PC,no,,,4,not_needed,,,
Pathway,,not_interested,skip,yes,Epic,no,,,,not_needed,,,
Pavlov VR,,limbo,,no,PSVR2,,,,,,,vr;brak-sprzętu,
PAW Patrol : Adventure City Calls,2021,not_interested,skip,,,,,,,,,można-olać,
PAW Patrol Mighty Pups Save Adventure Bay,2020,not_interested,skip,,,,,,,,,można-olać,
Paw Patrol on a Roll! (PS4),,not_interested,skip,no,PS+ Premium,no,,,,,,,
Pay day: The heist,,played,,no,GOG,no,,,,,,,
PAYDAY 2,,not_interested,skip,no,,no,,,,not_needed,,,
PAYDAY: The Heist,,not_interested,skip,no,PS+,no,,,,not_needed,,,
PC Building simulator,,not_interested,skip,yes,Epic,no,,,,,,,
Peaky blinders: Mastermind,,backlog,someday,no,Prime,no,,,,,,emerytura,
Peggle,,not_interested,skip,no,,no,,,,not_needed,,,
Penny Arcade Adventures: On the Rain-Slick Precipice of Darkness,,not_interested,skip,,PS+ Premium,,,,,,,,
Pentiment,2022,backlog,someday,no,Xbox Game Pass,no,,,,,,emerytura,
Perception,,not_interested,skip,no,,no,,,,not_needed,,,
Perfect Dark,2000,backlog,someday,no,Xbox Game Pass,no,,,,,,emerytura,
Perfect Dark Zero,2005,backlog,someday,no,Xbox Game Pass,no,,,,,,emerytura,
Perfect Tides,,not_interested,skip,no,,no,,,2,,,,
Perfect World International,2008,played,,no,,,,,,,,,
Persona 2,,not_interested,skip,no,PSX,no,,,,,,,
Persona 4 Arena Ultimax,,not_interested,skip,no,,no,,,,not_needed,,,
Persona 5,2016,backlog,someday,yes,PS4,no,,,,,,emerytura,
Persona 5 Strikers,,played,,yes,PS4,no,,,,,,,
PES 2014,,played,,yes,,no,,,,,,,
Pesterquest,,not_interested,skip,yes,Amazon Prime,no,,,,not_needed,,,
Peter Jackson's King Kong,2005,completed,,no,CDA,no,,,,,yes,,
PGA 2k21,,not_interested,skip,yes,PS4,no,,,,not_needed,,,
PGA Tour 2K21,,not_interested,skip,,PS+ Premium,,,,,,,,
PGA Tour 2K23,,not_interested,skip,no,PS4;PS5,no,,,2,,,,
Phantaruk,,not_interested,skip,yes,CDA,no,,,,not_needed,,,
Phantasy Star Online,,played,,no,,no,,,,,,,
Phantom Blade Zero,,upcoming,,no,,no,,,,,,,
Phantom Doctrine,2018,backlog,someday,no,,no,,,,,,emerytura,
Phantom Dust,,not_interested,skip,no,,no,,,,,,,
Phantom Hellcat,,upcoming,,no,,no,,,,,,,
Phantom: Covert Ops,,limbo,,no,,,,,,,,vr;brak-sprzętu,
Phineas and Ferb: Across the 2nd Dimension*,,not_interested,skip,,PS+ Premium,,,,,,,,
Phoenix,,not_interested,skip,no,,no,,,,not_needed,,,
Phoenix Point,,not_interested,skip,no,,no,,,,not_needed,,,
Phoenix Wright: Ace Attorney,,not_interested,skip,no,,no,,,,not_needed,,,
Picross DS,,not_interested,skip,no,,no,,,,not_needed,,,
Pid*,,not_interested,skip,,PS+ Premium,,,,,,,,
Pikmin,,not_interested,skip,no,,no,,,,not_needed,,,
Pikmin 2,,not_interested,skip,no,,no,,,,not_needed,,,
Pikmin 3,,not_interested,skip,no,,no,,,,not_needed,,,
Pikmin 4,,not_interested,skip,no,,no,,,2,,,,
Pikuniku,2019,not_interested,skip,no,Xbox Game Pass,no,,,,not_needed,,,
Pile Up! Box by Box,,not_interested,skip,,PS+ Premium,,,,,,,,
Pillars of Eternity,2015,backlog,someday,yes,Epic,no,,,,not_needed,,emerytura,
Pillars of Eternity 2,2020,backlog,someday,no,,no,,,,not_needed,,emerytura,
Pilotwings,,not_interested,skip,no,,no,,,,not_needed,,,
Pilotwings 64,,not_interested,skip,no,,no,,,,not_needed,,,
Pinball Dreams,,not_interested,skip,no,,no,,,,not_needed,,,
Pinball FX2 VR,,not_interested,skip,no,PSVR,,,,1,,,vr,
Pine,2019,not_interested,skip,yes,Epic,no,,,,,,,
Pirate Flight (VR),,played,,yes,,,,,,,,,
Pirates of the Burning Sea,,played,,no,,no,,,,,,,
Pirates of the Caribbean: At World's End*,,not_interested,skip,,PS+ Premium,,,,,,,,
Pistol Whip,2019,limbo,,no,PSVR;PSVR2,required,,,8,,,vr;brak-sprzętu,
Pitfall 3D: Beyond the Jungle,,not_interested,skip,no,,no,,,,,,,
Pitfall II: Lost Caverns,,not_interested,skip,no,,no,,,,,,,
Pitfall!,,not_interested,skip,no,,no,,,,,,,
Pitfall: The Lost Expedition,,not_interested,skip,no,,no,,,,,,,
Pitfall: The Mayan Adventure,,not_interested,skip,no,,no,,,,,,,
Pix the Cat,,not_interested,skip,no,,no,,,,not_needed,,,
Pixel Piracy,,not_interested,skip,,PS+ Premium,,,,,,,,
PIXEL RIPPED 1978,,limbo,,no,PSVR2,,,,,,,vr;brak-sprzętu,
PIXEL RIPPED 1989,2018,backlog,high,yes,PSVR,yes,,,5,,,vr;można-olać,
PIXEL RIPPED 1995,2020,backlog,,no,PSVR,yes,,,6,,,vr;fabuła,
PixelJunk Eden Encore*,,not_interested,skip,,PS+ Premium,,,,,,,,
PixelJunk Monsters,,not_interested,skip,no,,no,,,,not_needed,,,
PixelJunk Monsters Encore*,,not_interested,skip,,PS+ Premium,,,,,,,,
PixelJunk Monsters Ultimate HD,,not_interested,skip,no,PSV,no,,,,not_needed,,,
PixelJunk Racers 2nd Lap*,,not_interested,skip,,PS+ Premium,,,,,,,,
PixelJunk Shooter Ultimate,,not_interested,skip,yes,PS4;PSV,no,,,,not_needed,,,
Piyotama*,,not_interested,skip,,PS+ Premium,,,,,,,,
Pizza Syndicate,1999,played,,no,,,,,,,,,
Pizza Tower,,not_interested,skip,no,,no,,,2,,,,
PLANESCAPE: TORMENT,1999,limbo,,yes,GOG;PS4,no,,,6,,,,
Planet Coaster,,not_interested,skip,no,PS5,no,,,,not_needed,,,
Planet Coaster,,not_interested,skip,no,,no,,,,not_needed,,,
Planet Minigolf*,,not_interested,skip,,PS+ Premium,,,,,,,,
Planet of Lana,,backlog,someday,no,,no,,,,,,emerytura;chcę-zagrać,
Planet Puzzle League,,not_interested,skip,no,,no,,,,not_needed,,,
Planet Zoo,2019,not_interested,skip,no,,no,,,,not_needed,,,
Planets Under Attack*,,not_interested,skip,,PS+ Premium,,,,,,,,
PlanetSide,,played,,no,,no,,,,,,,
PlanetSide 2,2012,played,,no,Steam;PS4,no,,,,,,,
Plants vs Zombies: Garden Warfare,,played,,yes,,no,,,,,,,
Plants vs. Zombies GOTY,2009,completed,,no,Steam,no,,,,,yes,,
Plants vs. Zombies: Battle for Neighborville,,not_interested,skip,no,Origin,no,,,,,,,
Plants vs. Zombies: Battle for Neighborville,,not_interested,skip,yes,,no,,,,not_needed,,,
Platformines,,not_interested,skip,no,Steam,no,,,,not_needed,,,
Playerunknown’s Battleground,,not_interested,skip,yes,PS4,no,,,,not_needed,,,
PlayStation All-Stars Battle Royale,,played,,no,PSV,no,,,,,,,
PLAYSTATION VR WORLDS,,completed,,yes,PSVR,required,,2023,,,,,
PlayStation®VR Demo Collection 2,,played,,yes,PSVR,required,,,,,,,
PlayStation®VR Demo Collection 3,,played,,yes,PSVR,required,,,,,,,
Plok,,not_interested,skip,no,,no,,,,not_needed,,,
Point Blank,,played,,no,,no,,,,,,,
Pokemon GO,2016,played,,yes,,no,,,,,,,
Pokemon Legends: Arceus,,backlog,someday,no,,no,,,5,,,emerytura,
Pokemon Sword & Shield Pokemon Sword & Shield,,not_interested,skip,no,,no,,,,,,,
Poker Club,,not_interested,skip,no,,no,,,,,,,
Poker Night at Inventory,2010,backlog,someday,no,,no,,,,,yes,emerytura,
Poker Night at the Inventory,2010,played,,no,,,,,,,,,
Pokémon Diamond and Pearl,,not_interested,skip,no,,no,,,,not_needed,,,
Pokémon Red and Blue,1996,completed,,no,,no,,,,,yes,,
Pokémon Ruby/Sapphire,,not_interested,skip,no,,no,,,,not_needed,,,
Police Simulator : Patrol Officers,2022,not_interested,skip,,,,,,,,,,
Polybius,,not_interested,skip,no,,no,,,,not_needed,,,
Polybius,2017,not_interested,skip,no,PSVR,yes,,,4,,,vr,
Pong,,played,,no,,no,,,,,,,
Pool Nation*,,not_interested,skip,,PS+ Premium,,,,,,,,
Pool Paradise,,not_interested,skip,no,,no,,,,not_needed,,,
Populous,,not_interested,skip,no,,no,,,,not_needed,,,
Port Royale 2,,not_interested,skip,no,KŚG,no,,,,not_needed,,,
Port Royale 3: Pirates & Merchants Gold Edition,,not_interested,skip,no,PS3,no,,,,not_needed,,,
Portal,2007,completed,,yes,Steam,no,,,,,yes,,
Portal 2,2011,completed,,yes,Steam,no,,,,,yes,,
Portal Knights,,played,,no,PS4,no,,,,,,,
Portal: Revolution,2024,limbo,,yes,,no,,,,,,,
Post Trauma,,upcoming,,no,,no,,,,,,,
Postal 2,,not_interested,skip,no,GOG,no,,,,not_needed,,,
POSTAL: Classic and Uncut,1997,not_interested,skip,yes,GOG,no,,,,not_needed,,,
Power Drift,,not_interested,skip,no,,no,,,,not_needed,,,
Power Rangers: Battle For The Grid,,not_interested,skip,,PS+ Premium,,,,,,,,
Power Stone 2,,not_interested,skip,no,,no,,,,not_needed,,,
Powermonger,,not_interested,skip,no,,no,,,,not_needed,,,
Praey of the Gods,2019,not_interested,skip,no,,no,,,,,,,
Pragmata,,upcoming,,no,,no,,,,,,,
Predator: Hunting Grounds,,played,,yes,PS4,no,,,,,,,
Preta: Vendetta Rising,,not_interested,skip,no,PSVR,,,,1,,,vr,
Prey,2006,completed,,no,PC,no,,,,,yes,,
Prey (2017) + Mooncrash,2017,completed,,yes,PS4;Epic,no,,2025,5,,,,
Primal,,not_interested,skip,,PS+ Premium,,,,,,,,
Prince of Persia (2008),2008,completed,,yes,CDA;PS3,no,,,,,yes,,
Prince of Persia (classic),1989,not_interested,skip,no,,no,,,,not_needed,,,
Prince of Persia: Piaski Czasu,2003,completed,,no,PS3,no,,,,,yes,,
Prince of Persia: The Lost Crown,,want_to_try,,no,,,,,,,,,
Prince of Persia: Two Thrones,2005,limbo,,yes,PSV;PC,no,,,5,,,,
Prince of Persia: Warrior Within,2004,limbo,,yes,PSV;PC,no,,,5,,,,
Prince of Persia: Zapomniane Piaski,2010,completed,,yes,PS3,no,,,,,yes,,
Prismatic Solid,,not_interested,skip,,PS+ Premium,,,,,,,,
Prison Architect,2015,played,,yes,GOG;Epic,no,,,,,,,
Prison Simulator,2021,not_interested,skip,no,,no,,,,,,,
Pro Evolution Soccer 3,,played,,no,,no,,,,,,,
Prodeus,2022,backlog,someday,,,,,,,,,emerytura,
Professor Layton and the Curious Village,,not_interested,skip,no,,no,,,,not_needed,,,
Professor Layton and the Diabolical Box,,not_interested,skip,no,,no,,,,not_needed,,,
Project Borealis,,limbo,,no,,no,,,,,,,
Project Cars,2015,played,,no,,no,,,,,,,
Project Downfall,2019,backlog,someday,no,,no,,,,,,emerytura,
Project DT,,upcoming,,no,,no,,,,,,,
Project Gotham Racing 3,,not_interested,skip,no,,no,,,,not_needed,,,
Project Snowblind,2005,not_interested,skip,no,,no,,,4,not_needed,,,
Project: Downfall,,upcoming,,no,,no,,,,,,,
Proteus,,not_interested,skip,no,PS3;PSV,no,,,,not_needed,,,
Prototype,2009,completed,,yes,PS3,no,,,,,yes,,
prototype 2,2012,completed,,no,PS3,no,,,,,yes,,
Psi-Ops: The Mindgate Conspiracy,,not_interested,skip,no,,no,,,,not_needed,,,
PSYCHO-PASS: Mandatory Happiness,,not_interested,skip,no,,no,,,,not_needed,,,
Psychonauts,2005,limbo,,yes,Steam;PS4,no,,,5,,,,
Psychonauts 2,2021,backlog,someday,no,,no,,,,,,emerytura,
Psychonauts In The Rhombus Of Ruin,2017,backlog,high,yes,PSVR,yes,,,5,,,vr;można-olać,
Puddle,,not_interested,skip,no,PSV,no,,,,not_needed,,,
Pumped BMX +,,not_interested,skip,no,,no,,,,not_needed,,,
Pumped BMX Pro,,not_interested,skip,no,Prime Gaming,no,,,,,,,
Punch Club,,not_interested,skip,no,Steam,no,,,,not_needed,,,
Punch-Out!!,,not_interested,skip,no,,no,,,,not_needed,,,
Puppeteer,,not_interested,skip,yes,PS3,no,,,,not_needed,,,
Pure,,not_interested,skip,no,,no,,,,not_needed,,,
Pure Farming 2018,,not_interested,skip,,PS+ Premium,,,,,,,,
Pure Hold'em World Poker Championship,,not_interested,skip,,PS+ Premium,,,,,,,,
Pure Pool,,not_interested,skip,,PS+ Premium,,,,,,,,
Puyo Pop Fever,,not_interested,skip,no,,no,,,,not_needed,,,
Puzzle Agent,,not_interested,skip,,PS+ Premium,,,,,,,,
Puzzle Agent 2,,not_interested,skip,yes,Amazon,no,,,,not_needed,,,
Puzzle Bobble,,not_interested,skip,no,,no,,,,not_needed,,,
Puzzle Quest,,not_interested,skip,no,,no,,,,not_needed,,,
Puzzling Places,,not_interested,skip,no,PSVR,,,,1,,,vr,
Pyre,2017,limbo,,yes,PS4,no,,,,,,,
Q*Bert,,not_interested,skip,no,,no,,,,not_needed,,,
Q*Bert: Rebooted,,played,,,PS+ Premium,,,,,,,,
Q.U.B.E. 2,2018,backlog,someday,no,Epic,no,,,,,,emerytura,
Q.U.B.E. Director's Cut,2011,completed,,yes,PS4;PS3,no,,,,,yes,,
Qix,,not_interested,skip,no,,no,,,,not_needed,,,
Quadradius,,not_interested,skip,no,,no,,,,not_needed,,,
Quadrilateral Cowboy,2016,not_interested,skip,no,,no,,,,,,,
Quake,,not_interested,skip,no,Steam,no,,,,not_needed,,,
Quake 4,,not_interested,skip,no,,no,,,,not_needed,,,
Quake II,,not_interested,skip,no,Steam,no,,,,not_needed,,,
Quake III Arena,,played,,no,,no,,,,,,,
Quantum Break,2016,completed,,no,Xbox Game Pass,no,,,9,,,,
Quantum Conundrum,2012,backlog,someday,no,PS+,no,,,,,yes,emerytura,
QUANTUM THEORY,,not_interested,skip,,PS+ Premium,,,,,,,,
Quarantine Circular,2018,not_interested,skip,no,,no,,,,,,,
R-Type,,not_interested,skip,no,,no,,,,not_needed,,,
R-Type Delta,,not_interested,skip,no,,no,,,,not_needed,,,
R-Type Dimensions,,not_interested,skip,no,PS3,no,,,,not_needed,,,
R-Type Final,,not_interested,skip,no,,no,,,,not_needed,,,
R.A.W. Realms of Ancient War,,not_interested,skip,no,Steam,no,,,,not_needed,,,
R4: Ridge Racer Type 4,1998,not_interested,skip,no,PS Classic,no,,,,not_needed,,,
Rabbids Coding,,not_interested,skip,yes,Uplay,no,,,,not_needed,,,
Race Driver: Grid,,not_interested,skip,no,,no,,,,not_needed,,,
Race Pro,,not_interested,skip,no,,no,,,,not_needed,,,
Race the Sun,,not_interested,skip,no,PS4;PS3;PSV,no,,,,not_needed,,,
Racket Fury: Table Tennis,2017,playing,,yes,PSVR,required,,,8,,,regularne;multiplayer,
RAD,,not_interested,skip,no,,no,,,,not_needed,,,
Rad Rodgers,,not_interested,skip,,PS+ Premium,,,,,,,,
Radiant Silvergun,,not_interested,skip,no,,no,,,,not_needed,,,
Rag Doll Kung Fu: Fists of Plastic,,not_interested,skip,no,PS3,no,,,,not_needed,,,
Rage,2011,completed,,no,PS3,no,,,,,yes,,
Rage 2,2019,completed,,yes,Epic;PS4,no,,,,,yes,,
Ragnarok Odyssey ACE*,,not_interested,skip,,PS+ Premium,,,,,,,,
Raiden,,not_interested,skip,no,,no,,,,not_needed,,,
Raiden IV: OverKill*,,not_interested,skip,,PS+ Premium,,,,,,,,
Raiden V: Director's Cut,,not_interested,skip,,PS+ Premium,,,,,,,,
Railroad Tycoon 3,,not_interested,skip,no,,no,,,,not_needed,,,
Railway Empire,,not_interested,skip,no,,no,,,,not_needed,,,
rain,2013,completed,,yes,PS3,no,,,,,yes,,
Rain World,2017,not_interested,skip,,,,,,,,,,
Rainbow Islands,,not_interested,skip,no,,no,,,,not_needed,,,
Rainbow Moon,,not_interested,skip,,PS+ Premium,,,,,,,,
Rainbow Six Vegas,2006,not_interested,skip,no,,no,,,4,not_needed,,,
Rainbow Six Vegas 2,,not_interested,skip,no,,no,,,,not_needed,,,
Rainbow Six Vegas 2,,not_interested,skip,no,CDA,no,,,,not_needed,,,
Rajd Polski,,not_interested,skip,no,,no,,,,not_needed,,,
Raji: An Ancient Epic,2020,backlog,someday,no,Xbox Game Pass,no,,,,,,emerytura,
Rakuen,2017,not_interested,skip,no,,no,,,,not_needed,,,
Rally Cross,1997,not_interested,skip,,,,,,,,,można-olać,
Rambo: The Video Game,,not_interested,skip,no,,no,,,,not_needed,,,
Rampart,,not_interested,skip,no,,no,,,,not_needed,,,
Rangi,,not_interested,skip,no,PSVR,,,,1,,,vr,
Rapala Fishing: Pro Series,,not_interested,skip,,PS+ Premium,,,,,,,,
Rappelz Online,,played,,no,,no,,,,,,,
Rapture Rejects,,not_interested,skip,no,,no,,,,not_needed,,,
Ratatouille*,,not_interested,skip,,PS+ Premium,,,,,,,,
Ratchet & Clank,2002,backlog,someday,no,PSV,no,,,3,,,emerytura,
Ratchet & Clank (2016),2016,completed,,yes,PS4,no,,,,,yes,,
Ratchet & Clank Deadlocked,2005,not_interested,skip,no,,no,,,4,not_needed,,,
Ratchet & Clank: A Crack in Time,2009,completed,,yes,PS3,no,,,,not_needed,yes,,
Ratchet & Clank: All 4 One,2011,backlog,someday,no,,no,,,3,,,emerytura,
Ratchet & Clank: Full Frontal Assault,,backlog,someday,no,PSV,no,,,2,not_needed,,emerytura,
Ratchet & Clank: Going Commando,,backlog,someday,no,PSV,no,,,2,not_needed,,emerytura,
Ratchet & Clank: Into the Nexus,2013,backlog,someday,no,PS+ Premium,no,,,,,,emerytura,
Ratchet & Clank: Quest for Booty,2008,backlog,someday,yes,PS3,no,,,,,,emerytura,
Ratchet & Clank: Rift Apart,2021,completed,,no,PS5,no,,,8,,,,
Ratchet & Clank: Size Matters,2007,not_interested,skip,no,,no,,,4,,,,
Ratchet & Clank: Tools of Destruction,2007,backlog,someday,no,PS+ Premium,no,,,,not_needed,,emerytura,
Ratchet & Clank: Up Your Arsenal,2004,backlog,someday,no,,no,,,3,,,emerytura,
Raw Data,,played,,no,PSVR,required,,,,,,,
Rayman,,played,,no,PS Classic,no,,,,,,,
Rayman 2: The Great Escape,1999,not_interested,skip,no,,no,,,4,,,,
Rayman 3: Hoodlum Havoc HD,2003,backlog,someday,no,PS3,no,,,3,,,emerytura,
Rayman Adventures,,played,,no,Android,no,,,,,,,
Rayman Legends,2013,backlog,someday,yes,Epic;PS4;Xbox 360;Uplay,no,,,5,done,,emerytura,
Rayman M,2001,not_interested,skip,no,,,,,,,,,
Rayman Origins,2011,backlog,someday,yes,PSV,no,,,,,,emerytura,
Rayman Raving Rabbids,,not_interested,skip,no,,no,,,,not_needed,,,
Rayman Szalone Króliki 2,,not_interested,skip,no,CDA,no,,,,not_needed,,,
RC Cars,,not_interested,skip,no,Play,no,,,,not_needed,,,
RE-VOLT,,completed,,no,,no,,,,,,,
Ready or Not,,want_to_try,,no,,,,,,,,,
ReadySet Heroes (PS4),,not_interested,skip,no,PS+ Premium,no,,,,,,,
Reality Fighters,,not_interested,skip,no,PSV,no,,,,not_needed,,,
Realms Of Ancient War*,,not_interested,skip,,PS+ Premium,,,,,,,,
Rebel Galaxy,2015,not_interested,skip,no,PS+ Premium;Epic,no,,,,,,,
REBEL GALAXY OUTLAW,2019,not_interested,skip,no,,no,,,,,,,
Rebelstar,,not_interested,skip,no,,no,,,,not_needed,,,
Rebelstar: Tactical Command,,not_interested,skip,no,,no,,,,not_needed,,,
Reborn; A Samurai Awakens,,not_interested,skip,no,PSVR,,,,1,,,vr,
Rec Room,2016,played,,yes,PSVR,optional,,,,,,,
Receiver 2,,not_interested,skip,no,,no,,,,not_needed,,,
Recipe for Disaster,2021,not_interested,skip,no,,no,,,,,,,
Recompile,,not_interested,skip,no,,no,,,,,,,
Record of Agarest War 2*,,not_interested,skip,,PS+ Premium,,,,,,,,
Record of Agarest War Zero*,,not_interested,skip,,PS+ Premium,,,,,,,,
Record of Agarest War*,,not_interested,skip,,PS+ Premium,,,,,,,,
ReCore,2016,not_interested,skip,no,Xbox Game Pass,no,,,,not_needed,,,
Red Dead Online,2018,playing,,yes,Steam;PS4,no,,,7,,yes,regularne;multiplayer,
Red Dead Redemption 2,2018,completed,,yes,PS4,no,,2018,9,,yes,wrócić,
Red Dead Redemption GOTY,2010,completed,,yes,PS3;PS+ Premium,no,,,,done,yes,,
Red Dead Revolver,2004,completed,,no,PS3,no,,,,,yes,,
Red faction 1,2001,backlog,someday,yes,Steam,no,,,3,,,emerytura,
Red faction 2,2002,backlog,someday,no,Steam,no,,,3,not_needed,,emerytura,
Red Faction: Armageddon,2011,completed,,yes,Steam,no,,,,,yes,,
Red Faction: Guerrilla,2009,completed,,yes,Steam,no,,,,,yes,,
Red Johnson's Chronicles,,not_interested,skip,,PS+ Premium,,,,,,,,
Red Johnson's Chronicles - One Against All,,not_interested,skip,,PS+ Premium,,,,,,,,
Red Matter,2018,completed,,yes,PSVR,yes,,2024,7,,,,
Red Matter 2,,want_to_try,,no,,,,,,,,,
Red Orchestra 2: Rising Storm,,played,,no,,no,,,,,,,
Red Orchestra: Ostfront 41-45,,not_interested,skip,no,Steam,no,,,,not_needed,,,
Red Wings: Aces of the Sky,,not_interested,skip,yes,Amazon,no,,,,not_needed,,,
Redeemer - Enhanced Edition,,not_interested,skip,,PS+ Premium,,,,,,,,
Redfall,2023,backlog,someday,no,Xbox Game Pass,no,,,,,,emerytura,
Redout,,not_interested,skip,no,,no,,,,not_needed,,,
Redout 2,2022,not_interested,skip,,,,,,,,,,
Redout: Enhanced Edition,,not_interested,skip,no,Epic,no,,,,,,,
Reel Fishing: Road Trip Adventure,,not_interested,skip,,PS+ Premium,,,,,,,,
Reflect Missile,,not_interested,skip,no,,no,,,,not_needed,,,
Reigns,2016,completed,,yes,Stadia,no,,,,,yes,,
Relicta,2020,backlog,someday,yes,PS+ Premium;Epic,no,,,,,,emerytura,
Remember Me,2013,completed,,yes,,no,,,,,yes,,
Remnant II,2023,backlog,someday,no,,no,,,7,,,emerytura,
Remnant: From the Ashes,2019,backlog,someday,yes,Epic;PS4,no,,,,,,emerytura,
REND,,not_interested,skip,no,,no,,,,not_needed,,,
Renegade Ops,,not_interested,skip,yes,Steam;PS+,no,,,,not_needed,,,
Replaced,,upcoming,,no,,no,,,,,,,
Requiem: Bloodymare,,played,,no,,no,,,,,,,
Reset Generation,,not_interested,skip,no,,no,,,,not_needed,,,
Resident Evil 2,1998,not_interested,skip,no,,no,,,,not_needed,,,
Resident Evil 2 Remake,2019,backlog,someday,no,,no,,,,,,emerytura,
Resident Evil 3,1999,not_interested,skip,no,,no,,,,not_needed,,,
RESIDENT EVIL 3 REMAKE,2020,backlog,someday,no,,no,,,,,,emerytura,
Resident Evil 4 (original),2005,backlog,someday,yes,PS4,no,,,,not_needed,,emerytura,
Resident Evil 4 Remake,2023,backlog,someday,no,,no,,,,not_needed,,emerytura,
Resident Evil 5 Gold Edition,2009,backlog,someday,yes,PS+;CDA,no,,,,,,emerytura,
Resident Evil 6,2013,backlog,someday,no,,no,,,,,,emerytura,
Resident Evil Code: Veronica,2000,not_interested,skip,no,,no,,,,not_needed,,,
Resident Evil Code: Veronica X*,,not_interested,skip,,PS+ Premium,,,,,,,,
Resident Evil Director's Cut,1996,not_interested,skip,no,PS Classic,no,,,,,,,
Resident Evil Operation Raccoon City*,,not_interested,skip,,PS+ Premium,,,,,,,,
Resident Evil REmastered,2002,playing,,yes,PS4,no,,,7,,,,
Resident Evil VII: Biohazard [VR] (+DLC),2017,completed,,yes,PSVR,optional,,2023,7,,,dodatki-do-ogrania,
Resident Evil Village,2021,backlog,someday,no,,no,,,,,,emerytura,
Resident Evil Zero,2002,not_interested,skip,no,,no,,,,not_needed,,,
Resident Evil: Revelations,2012,not_interested,skip,no,PS+ Premium,no,,,,not_needed,,,
Resident Evil: Revelations 2,2015,not_interested,skip,no,PS+ Premium,no,,,,not_needed,,,
Resident Evil: The Umbrella Chronicles*,,not_interested,skip,,PS+ Premium,,,,,,,,
Resistance 2,2009,completed,,no,PS3,no,,,,,yes,,
Resistance 3,2011,completed,,yes,PS3,no,,,,,yes,,
Resistance: Burning Skies,2012,completed,,yes,PSV,no,,,,,yes,,
Resistance: Retribution,2009,completed,,yes,PSV,no,,2023,,,,,
Resistance:FoM,2006,completed,,no,PS3,no,,,,,yes,,
ResoGun,2013,completed,,yes,PS4;PSV,no,,,,,yes,,
Resonance of Fate,2010,not_interested,skip,no,PS4,no,,,,not_needed,,,
Restricted Area,,not_interested,skip,no,Play,no,,,,not_needed,,,
Retro City Rampage DX*,,not_interested,skip,,PS+ Premium,,,,,,,,
Retro Game Challenge,,not_interested,skip,no,,no,,,,not_needed,,,
Retro/Grade,,not_interested,skip,no,PS3,no,,,,not_needed,,,
Retropolis 2,,limbo,,no,,no,,,,,,vr;brak-sprzętu,
Return Fire,,not_interested,skip,no,,no,,,,not_needed,,,
Return of the Obra Dinn,2018,limbo,,no,,no,,,8,,,,
Return to Castle Wolfenstein,2001,backlog,someday,no,,no,,,6,,,emerytura,
Return to Castle Wolfenstein,2001,not_interested,skip,no,,no,,,,not_needed,,,
Return to Monkey Island,2022,backlog,someday,no,,no,,,5,,,emerytura,
Return to Mysterious Island 1,,not_interested,skip,no,,no,,,,not_needed,,,
Return to Mysterious Island 2,,not_interested,skip,no,,no,,,,not_needed,,,
Return to Zork,,not_interested,skip,no,,no,,,,not_needed,,,
Returnal,2021,limbo,,no,PS+ Premium,no,,,8,,,,
Revelations: Persona,1996,not_interested,skip,no,PS Classic,no,,,,not_needed,,,
Revenge of Shinobi,,not_interested,skip,no,,no,,,,not_needed,,,
Revenge of the Savage Planet,,want_to_try,,no,,,,,,,,,
REYNATIS,,want_to_try,,no,,,,,,,,,
Rez,,not_interested,skip,no,,no,,,,not_needed,,,
REZ Infinite (VR),2017,completed,,yes,PS4;PSVR,optional,,2024,7,,,,
Rhythm Heaven,,not_interested,skip,no,,no,,,,not_needed,,,
Richie’s Plank Experience,,completed,,no,PSVR,required,,2023,,,,,
Rick and Morty: Virtual Rick-ality,2017,backlog,high,yes,PSVR,yes,,,7,,,vr,
RICO,,not_interested,skip,no,,no,,,,not_needed,,,
Ricochet,,not_interested,skip,no,Steam,no,,,,not_needed,,,
RIDE 4 (PS4/PS5),,not_interested,skip,,PS+ Premium,,,,,,,,
Ride 5,2023,not_interested,skip,,,,,,,,,,
Riders Republic,2021,not_interested,skip,,,,,,,,,,
Ridge Racer,,not_interested,skip,no,PSX,no,,,,not_needed,,,
Ridge Racer 2,,not_interested,skip,no,PS+ Premium,no,,,,,,,
Ridge Racer 7,,not_interested,skip,no,PS3,no,,,,not_needed,,,
Ridge Racer Unbounded Bundle,,not_interested,skip,no,Steam,no,,,,not_needed,,,
Ridge Racer Vita,,not_interested,skip,no,PSV,no,,,,not_needed,,,
Ridge Racers,,not_interested,skip,no,PSP,no,,,,not_needed,,,
RIFT,,played,,no,,no,,,,,,,
Rig'n'Roll Tirowiec,,not_interested,skip,no,Muve,no,,,,not_needed,,,
RIGS Mechanized Combat League,2016,played,,yes,PS4;PSVR,required,,,,,,,
RIME,2017,not_interested,skip,yes,PS4;Epic,no,,,,not_needed,,,
RimWorld,2016,not_interested,skip,no,,no,,,,not_needed,,,
Rise of Nations,,not_interested,skip,no,,no,,,,not_needed,,,
Rise of Nations: Rise of Legends,,not_interested,skip,no,,no,,,,not_needed,,,
Rise of the Kasai,,backlog,someday,no,,no,,,,,,emerytura,
Rise of the Kasai,,not_interested,skip,,PS+ Premium,,,,,,,,
Rise of the Ronin,2024,completed,,yes,PS5,no,,2024,,,,wrócić,
Rise of the Tomb Raider,2016,completed,,yes,PS4;PS+;Epic,no,,,,todo,yes,,
Rise of the Tomb Raider - Blood Ties (VR),2016,backlog,high,yes,PSVR,optional,,,7,,,vr;można-olać,
Risen,2009,completed,,yes,Steam,no,,,,,yes,,
Risen 2: Dark Waters,2012,completed,,yes,PS3;Steam,no,,,,done,yes,,
Risen 3: Titan Lords,2014,backlog,someday,yes,PS4;PS3,no,,,,,,emerytura,
Rising Force Online,,played,,no,,no,,,,,,,
Rising Storm 2: Vietnam,,not_interested,skip,no,Epic,no,,,,not_needed,,,
Risk Urban Assault,,not_interested,skip,,PS+ Premium,,,,,,,,
Riven - The Sequel to Myst,,not_interested,skip,no,,no,,,,not_needed,,,
River City Girls 2,,not_interested,skip,no,,no,,,,,,,
Riverbond,,not_interested,skip,yes,Epic,no,,,,,,,
Roach Race,,played,,no,,,,,,,,,
Road 96,2021,backlog,someday,no,,no,,,,,,emerytura,
Road not taken,,not_interested,skip,no,PS4,no,,,,not_needed,,,
Road to Vostok,,upcoming,,no,,,,,,,,,
Road Trip,,not_interested,skip,no,Prime Gaming,no,,,,,,,
RoadCraft,,want_to_try,,no,,,,,,,,,
Robin Hood: Legenda Sherwood,2002,completed,,yes,GOG,no,,,,,yes,,
ROBINSON: THE JOURNEY,,limbo,,no,PSVR;PS4,,,,,,,vr;brak-sprzętu,
Robo Recall,,not_interested,skip,no,,no,,,,not_needed,,,
RoboCop: Rogue City,2023,completed,normal,yes,PS+,no,,2025,,,,,
RoboCop: Rogue City — Unfinished Business,,backlog,someday,no,,no,,,,,,emerytura,
Robotron 2084,,not_interested,skip,no,,no,,,,not_needed,,,
Robots at midnight,,backlog,someday,no,,no,,,,,,emerytura;chcę-zagrać,
Rock Band,,not_interested,skip,no,,no,,,,not_needed,,,
Rock Band 2,,not_interested,skip,no,,no,,,,not_needed,,,
Rock Band 4,,not_interested,skip,no,,no,,,,not_needed,,,
Rock of Ages,2012,completed,,yes,PS+,no,,,,,yes,,
Rock of Ages 3: Make & Break,,not_interested,skip,,PS+ Premium,,,,,,,,
Rock of Ages: Bigger & Boulder,,not_interested,skip,no,,no,,,,not_needed,,,
Rocket Arena,,played,,no,PS4,no,,,,,,,
Rocket Knight*,,not_interested,skip,,PS+ Premium,,,,,,,,
Rocket League,,played,,no,PS4,no,,,,,,,
Rocket: Robot on Wheels,,not_interested,skip,no,,no,,,,not_needed,,,
Rocketbirds 2: Evolution,,not_interested,skip,no,PS4;PSV,no,,,,not_needed,,,
Rocketbirds: Hardboiled Chicken,,not_interested,skip,no,PSV,no,,,,not_needed,,,
RockSmith 2014,2013,completed,,yes,PS4;Steam,no,,,4,,yes,wrócić,
Rockstar Presents Table Tennis,,not_interested,skip,no,,no,,,,not_needed,,,
Rogue,,not_interested,skip,no,,no,,,,not_needed,,,
Rogue Aces,,not_interested,skip,no,PS4;PSV,no,,,,not_needed,,,
Rogue Galaxy,2007,not_interested,skip,no,PS+ Premium,no,,,,,,,
Rogue Heroes: Ruins of Tasos,,not_interested,skip,yes,Amazon,no,,,,not_needed,,,
Rogue Legacy,,not_interested,skip,no,Epic;PSV,no,,,,,,,
Rogue Legacy 2,2020,not_interested,skip,no,,no,,,,,,,
Rogue Stormers,,not_interested,skip,,PS+ Premium,,,,,,,,
Rogue Trip,,not_interested,skip,no,PSX,no,,,,,,,
Rogue Warrior,,not_interested,skip,,PS+ Premium,,,,,,,,
Roguebook,2021,not_interested,skip,,,,,,,,,,
Rohan Online,,played,,no,,no,,,,,,,
Rolando 2,,not_interested,skip,no,,no,,,,not_needed,,,
RollerCoaster Tycoon 2,,not_interested,skip,no,,no,,,,not_needed,,,
RollerCoaster Tycoon 3,,not_interested,skip,no,,no,,,,not_needed,,,
RollerCoaster Tycoon® 3: Complete Edition,,not_interested,skip,yes,Epic,no,,,,not_needed,,,
Rollerdome,2022,backlog,someday,yes,PS+,no,,,,,,emerytura;nie-pali-się,
Rolling Thunder,,not_interested,skip,no,,no,,,,not_needed,,,
Romance of the Three Kingdoms (seria),,backlog,someday,,,,,,,,,emerytura;chcę-zagrać,
Romance of The Three Kingdoms XIII,,not_interested,skip,,PS+ Premium,,,,,,,,
Rome II: Total War,,not_interested,skip,no,,no,,,,not_needed,,,
Rome: Total War,2004,played,,yes,Steam,no,,,,,yes,,
Rome: Total War - Alexander,,played,,no,Steam,no,,,,,,,
RONIN,,not_interested,skip,no,,no,,,,not_needed,,,
Rotastic,,not_interested,skip,,PS+ Premium,,,,,,,,
RotTK IV,,not_interested,skip,no,PSX,no,,,,,,,
Roundabout,,not_interested,skip,no,PS4;PSV,no,,,,not_needed,,,
RPG in a Box,,not_interested,skip,yes,Epic,no,,,,,,,
Ruiner,,not_interested,skip,no,Epic,no,,,,not_needed,,,
RUNE FACTORY OCEANS (SIEA: Rune Factory: Tides of Destiny),,not_interested,skip,,PS+ Premium,,,,,,,,
RUNE II,,not_interested,skip,no,,no,,,,not_needed,,,
Runes of Magic,,played,,no,,no,,,,,,,
Runescape,,played,,yes,Android,no,,,,,,,
RuneScape,,not_interested,skip,no,,no,,,,not_needed,,,
Rush for Berlin,,not_interested,skip,no,CDA,no,,,,not_needed,,,
Rush VR,,not_interested,skip,no,PSVR,,,,1,,,vr,
Rust,2016,played,,yes,Steam,no,,,,,,,
Rusty rabbit,,upcoming,,no,,no,,,,,,,
Ryse: Son of Rome,2014,completed,,no,PC,no,,,,,yes,,
République,2015,not_interested,skip,yes,Android,no,,,,not_needed,,,
République VR: Anniversary Edition,2022,not_interested,skip,no,PSVR,yes,,,5,,,vr,
Różowa Pantera Po skarb się wybiera,,not_interested,skip,no,PC,no,,,,not_needed,,,
Röki,2020,not_interested,skip,no,,no,,,,not_needed,,,
S.T.A.L.K.E.R. 2: Heart of Chornobyl,2024,completed,,no,Xbox Game Pass,no,,2024,,,,wrócić,
S.T.A.L.K.E.R. Cień Czarnobyla,2007,completed,high,yes,PS4;CDA,no,,2024,,,yes,,
S.T.A.L.K.E.R. Czyste Niebo,2008,completed,high,yes,PS4;CDA,no,,2024,8,,yes,,
S.T.A.L.K.E.R. Zew Prypeci,2009,completed,high,yes,PS4;Muve,no,,2024,8,,yes,,
Sable,2019,backlog,someday,yes,Epic;Xbox Game Pass,no,,,,,,emerytura,
Saboteur,2009,completed,,yes,PS3;Origin,no,,,,,yes,,
Sackboy's Big Adventure,2020,backlog,someday,yes,PS5,no,,,6,,,emerytura;nie-pali-się,
Sackboy's Prehistoric Moves,,not_interested,skip,no,,no,,,,not_needed,,,
Sacralith,2018,backlog,,no,PSVR,yes,,,7,,,vr;fabuła,
Sacred 2,,backlog,someday,no,,no,,,3,,,emerytura,
Sacred 3,,backlog,someday,no,PS3,no,,,3,,,emerytura,
Sacred Citadel,,backlog,someday,no,,no,,,3,not_needed,,emerytura,
Sacred: Złota Edycja,,backlog,someday,no,CDA,no,,,3,not_needed,,emerytura,
Sacrifice,,not_interested,skip,no,,no,,,,not_needed,,,
SaGa Frontier II,,not_interested,skip,no,PSX,no,,,,,,,
SAIKYOSHOGI GEKISASHI13*,,not_interested,skip,,PS+ Premium,,,,,,,,
Saint's Row IV,2013,completed,,yes,Steam;Epic,no,,,,,yes,,
Saint's Row: Gat out of Hell,2015,completed,,yes,PS4,no,,,,,yes,,
Saints Row,,backlog,someday,no,,no,,,3,,,emerytura,
Saints Row (2022),2022,backlog,someday,yes,PS5,no,,,7,,,emerytura,
Saints Row 2,,backlog,someday,yes,Steam;PS3,no,,,3,,,emerytura,
Saints Row: The Third,2011,completed,,yes,Steam;PS+;Epic,no,,,,done,yes,,
Sairento VR,2016,completed,,yes,PSVR,required,,2023,9,,,,
Saiyuki: Journey West,,not_interested,skip,no,PSX,no,,,,,,,
Salamander,,not_interested,skip,no,,no,,,,not_needed,,,
Salt & Sacrifice,,not_interested,skip,no,,no,,,,,,,
Salt and Sacrifice,2022,not_interested,skip,,,,,,,,,,
Salt and Sanctuary,,not_interested,skip,no,,no,,,,not_needed,,,
Sam & Max BTS,,not_interested,skip,,PS+ Premium,,,,,,,,
Sam & Max Hit the Road,1993,not_interested,skip,no,,no,,,,not_needed,,,
Sam & Max The Devil's Playhouse,,not_interested,skip,,PS+ Premium,,,,,,,,
Sam & Max: Sezon 1,,not_interested,skip,no,CDA,no,,,,not_needed,,,
Sam and Max 301-305,,not_interested,skip,no,,no,,,,not_needed,,,
Samba de Amigo,,not_interested,skip,no,,no,,,,not_needed,,,
Samorost,2003,completed,,no,,no,,,,,yes,,
Samorost 2,2005,completed,,no,,no,,,,,yes,,
Samorost 3,2016,not_interested,skip,no,,no,,,,not_needed,,,
Samurai Shodown II,,not_interested,skip,no,Prime Gaming,no,,,,,,,
Samurai Showdown NeoGeo Collection,1993,not_interested,skip,yes,Epic,no,,,,not_needed,,,
SAMURAI WARRIORS 2 Empires HD Version*,,not_interested,skip,,PS+ Premium,,,,,,,,
SAMURAI WARRIORS 3 Empires*,,not_interested,skip,,PS+ Premium,,,,,,,,
SAMURAI WARRIORS 4*,,not_interested,skip,,PS+ Premium,,,,,,,,
Sanctum 2*,,not_interested,skip,,PS+ Premium,,,,,,,,
Sand Land,,backlog,someday,no,,no,,,,,,emerytura;chcę-zagrać,
Sang-Froid: Tales of Werewolves,,not_interested,skip,no,,no,,,,not_needed,,,
Sanitarium,1998,backlog,someday,no,Android,no,,,,not_needed,,emerytura,
Satellite Reign,,not_interested,skip,yes,Steam,no,,,,not_needed,,,
Satisfactory,,not_interested,skip,no,,no,,,,not_needed,,,
Satisfactory,2024,not_interested,skip,,,,,,,,,,
Saturn Bomberman,,not_interested,skip,no,,no,,,,not_needed,,,
SATURNALIA,,not_interested,skip,no,,no,,,,not_needed,,,
Savage Lands,,played,,no,Steam,no,,,,,,,
Savage Moon,,not_interested,skip,no,PS3,no,,,,not_needed,,,
SAW,,not_interested,skip,no,CDA,no,,,,not_needed,,,
Saw: The Video Game,,not_interested,skip,no,,no,,,,not_needed,,,
Sayonara Wild Hearts,2019,playing,,no,,no,,,,,,,
SBX: Superbike World Championship,,not_interested,skip,no,,no,,,,not_needed,,,
Scarface: The World Is Yours,,not_interested,skip,no,,no,,,,not_needed,,,
Scarlet Nexus,2021,backlog,someday,no,Xbox Game Pass,no,,,,,,emerytura,
Scars Above,2023,backlog,someday,no,,no,,,7,,,emerytura,
Scavangers,,not_interested,skip,no,,no,,,,not_needed,,,
SCHiM,,backlog,someday,no,,,,,,,,emerytura,
SCORN,2022,backlog,someday,no,Xbox Game Pass,no,,,,,,emerytura,
Scott Pilgrim vs. The World,,not_interested,skip,no,PS+,no,,,,not_needed,,,
ScourgeBringer,,not_interested,skip,no,,no,,,,,,,
Scramble,,not_interested,skip,no,,no,,,,not_needed,,,
Scribblenauts,,not_interested,skip,no,,no,,,,not_needed,,,
SCUM,,not_interested,skip,no,,no,,,,not_needed,,,
SD Gundam Battle Alliance,2022,not_interested,skip,,,,,,,,,,
Sea of Solitude,,not_interested,skip,no,EA Access,no,,,,not_needed,,,
Sea of Stars,,not_interested,skip,no,,no,,,2,,,,
Sea of Thieves + Tall Tales,2018,limbo,,no,Xbox Game Pass,no,,,6,,,,
Sea Salt,2019,not_interested,skip,yes,,no,,,,not_needed,,,
Seaman,,not_interested,skip,no,,no,,,,not_needed,,,
Seaman 2,,not_interested,skip,no,,no,,,,not_needed,,,
Season: A Letter to the Future,,not_interested,skip,no,,no,,,,,,,
Seasons After Fall,,not_interested,skip,,PS+ Premium,,,,,,,,
Second Extinction,,not_interested,skip,yes,Epic,no,,,,not_needed,,,
Second Extinction,,not_interested,skip,no,,no,,,,not_needed,,,
Second Sight,,not_interested,skip,no,,no,,,,not_needed,,,
Second Sight,2004,backlog,someday,no,,no,,,3,not_needed,,emerytura,
Secret Agent Clank,2008,not_interested,skip,no,,no,,,,not_needed,,,
Secret Files 3,,not_interested,skip,yes,Amazon,no,,,,not_needed,,,
Secret Files: Sam Peters,,not_interested,skip,yes,Amazon,no,,,,not_needed,,,
Secret of Mana,,not_interested,skip,no,,no,,,,not_needed,,,
Secret Ponchos,,not_interested,skip,no,,no,,,,not_needed,,,
Sega Bass Fishing,,not_interested,skip,no,,no,,,,not_needed,,,
Sega Rally Championship,,not_interested,skip,no,,no,,,,not_needed,,,
Sekiro: Shadows Die Twice,2019,backlog,someday,no,PS4,no,,,,,,emerytura,
Sense - 不祥的预感: A Cyberpunk Ghost Story,2020,not_interested,skip,no,,no,,,,not_needed,,,
Sensible World of Soccer,,not_interested,skip,no,,no,,,,not_needed,,,
Senua's Saga: Hellblade II,2025,completed,,no,,no,3,2025,,,,,
Separation,,not_interested,skip,no,PSVR,,,,1,,,vr,
Septera Core,,not_interested,skip,no,,no,,,,not_needed,,,
Serial Cleaner,,not_interested,skip,no,Prime Gaming,no,,,,,,,
Serial Cleaner,2017,backlog,someday,no,Steam,no,,,,,,emerytura,
Serial Cleaners,2022,backlog,someday,no,,no,,,,not_needed,,emerytura,
Serious Sam,,not_interested,skip,no,,no,,,,not_needed,,,
Serious Sam 2,,not_interested,skip,no,,no,,,,not_needed,,,
Serious Sam 3:BFE,,not_interested,skip,no,PS3,no,,,,not_needed,,,
Serious Sam 4: Planet Badass,,not_interested,skip,no,,no,,,,not_needed,,,
Serious Sam Collection,,not_interested,skip,,PS+ Premium,,,,,,,,
Serious Sam: The First Encounter,2001,played,,no,,,,,,,,,
Session: Skate Sim,2022,backlog,someday,no,,no,,,,,,emerytura,
SEVEN: Enhanced Edition,2017,not_interested,skip,yes,GOG,no,,,,not_needed,,,
Severed,2016,played,,no,PSV,no,,,,,,,
Severed Steel,2022,backlog,someday,no,Epic,no,,,,,,emerytura,
Shadow Complex Remastered,,not_interested,skip,no,Steam,no,,,,not_needed,,,
Shadow Gambit: The Cursed Crew,2023,backlog,someday,no,,no,,,5,,,emerytura,
Shadow Hearts,,not_interested,skip,no,,no,,,,not_needed,,,
Shadow Hearts: Covenant,,not_interested,skip,no,,no,,,,not_needed,,,
Shadow Hearts: From the New World,,not_interested,skip,no,,no,,,,not_needed,,,
Shadow Labyrinth,,want_to_try,,no,,,,,,,,,
Shadow Legend,2019,completed,,yes,PSVR,required,,2024,7,,,,
Shadow Man,,not_interested,skip,no,,no,,,,not_needed,,,
Shadow of the Beast,,not_interested,skip,,PS+ Premium,,,,,,,,
Shadow of the Colossus,2005,completed,,yes,PS+,no,,,,,yes,,
Shadow of the Colossus (remake),2018,completed,,yes,PS4,no,,,,,,wrócić,
Shadow of the Tomb Raider,2018,completed,,yes,PS4;PS+;Epic,no,,,6,,yes,wrócić,
Shadow Point,,not_interested,skip,no,PSVR,,,,1,,,vr,
Shadow Tactics: Aiko's Choice,,not_interested,skip,no,,no,,,,,,,
Shadow Tactics: Blades of the Shogun,2016,not_interested,skip,yes,Epic,no,,,,not_needed,,,
Shadow Warrior,2014,playing,,yes,Steam,no,,,,,,,
Shadow Warrior 2,2016,backlog,someday,yes,GOG,no,,,,,,emerytura,
Shadow Warrior 3,2022,completed,,no,,no,,,,,yes,,
Shadow Warrior Classic Complete,,not_interested,skip,yes,GOG,no,,,,not_needed,,,
Shadowrun,,not_interested,skip,no,,no,,,,not_needed,,,
Shadowrun Collection,2013,not_interested,skip,yes,Epic,no,,,,not_needed,,,
Shadowrun Dragonfall,2014,not_interested,skip,,,,,,,,,,
Shadowrun Hong Kong,2014,not_interested,skip,,,,,,,,,,
Shadowrun Returns,2013,not_interested,skip,,,,,,,,,,
Shadows of Adam,,not_interested,skip,no,,no,,,,not_needed,,,
Shadows of Doubt,,not_interested,skip,no,,no,,,,,,,
Shadows of the Damned,2011,not_interested,skip,no,,no,,,,not_needed,,,
Shaiya,,played,,no,,no,,,,,,,
Shank,,not_interested,skip,no,Steam,no,,,,not_needed,,,
Shank 2,,not_interested,skip,no,Steam,no,,,,not_needed,,,
shapez,,not_interested,skip,no,Epic,no,,,,,,,
Shatter,,not_interested,skip,no,,no,,,,not_needed,,,
Shattered - Tale of the Forgotten King,,not_interested,skip,no,Prime Gaming,no,,,,,,,
She Remembered Caterpillars,2017,not_interested,skip,no,,no,,,,not_needed,,,
Sheltered,,not_interested,skip,yes,Epic,no,,,,not_needed,,,
Shenmue 2 HD,2001,backlog,someday,no,PS4,no,,,,,,emerytura,
Shenmue 3,2019,backlog,someday,no,,no,,,,,,emerytura,
Shenmue HD,1999,limbo,,no,PS4,no,,,6,,,,
Sherlock Holmes i Tajemnica Srebrnego Kolczyka,,not_interested,skip,no,PC,no,,,,not_needed,,,
Sherlock Holmes: Chapter One,2021,backlog,someday,no,,no,,,4,,,emerytura,
Sherlock Holmes: Crimes and Punishments,2014,not_interested,skip,yes,PS3;Epic,no,,,,not_needed,,,
Sherlock Holmes: The Awakened,2023,backlog,someday,no,,no,,,7,,,emerytura,
Sherlock Holmes: The Devil's Daughter,2016,not_interested,skip,no,,no,,,,not_needed,,,
Shift 2: Unleashed,2011,played,,no,PS3,no,,,,done,yes,,
Shiki-tei,,not_interested,skip,,PS+ Premium,,,,,,,,
Shin Megami Tensei V,,not_interested,skip,no,,no,,,,,,,
Shin Megami Tensei V: Vengeance,,want_to_try,,no,,,,,,,,,
Shin Megami Tensei: Persona 2: Eternal Punishment,,not_interested,skip,no,,no,,,,not_needed,,,
Shin Megami Tensei: Persona 2: Innocent Sin,,not_interested,skip,no,,no,,,,not_needed,,,
Shin Megami Tensei: Persona 3,,not_interested,skip,no,PSV,no,,,,not_needed,,,
Shin Megami Tensei: Persona 4 Golden,2008,not_interested,skip,no,,no,,,4,,,,
Shiness: The Lightning Kingdom,,not_interested,skip,no,,no,,,,not_needed,,,
Shining Force III,,not_interested,skip,no,,no,,,,not_needed,,,
Shinobi (1987),,not_interested,skip,no,,no,,,,not_needed,,,
Shinobi (2002),,not_interested,skip,no,,no,,,,not_needed,,,
Shinobi: Art of Vengeance,,want_to_try,,no,,,,,,,,,
Shogo: Mobile Armor Division,,not_interested,skip,no,,no,,,,not_needed,,,
Shogun II: Total War,,not_interested,skip,no,Steam,no,,,,not_needed,,,
Shogun: Total War,,not_interested,skip,no,,no,,,,not_needed,,,
Shooty Fruity,,not_interested,skip,no,PSVR,,,,1,,,vr,
Shovel Knight,,not_interested,skip,no,,no,,,,,,,
Showdown Bandit,,not_interested,skip,yes,Steam,no,,,,not_needed,,,
Shredders,,not_interested,skip,no,,no,,,,not_needed,,,
Shroud of the Avatar,,not_interested,skip,no,,no,,,,not_needed,,,
Shutshimi,,not_interested,skip,no,PSV,no,,,,,,,
Sid Mayer's Railroads!,,not_interested,skip,no,,no,,,,not_needed,,,
Sid Meier's Civilization Revolution*,2008,not_interested,skip,no,PS+ Premium,no,,,,,,,
Sid Meier's Civilization: Beyond Earth,2014,played,,no,,no,,,,,,,
Sid Meier’s Alpha Centauri,,not_interested,skip,no,,no,,,,not_needed,,,
Sid Meier’s Pirates!,,not_interested,skip,no,,no,,,,not_needed,,,
Sid Meier’s Railroad Tycoon,,not_interested,skip,no,,no,,,,not_needed,,,
Sifu,2022,completed,,yes,PS+,no,,2024,,,,wrócić,
SIGNALIS,2022,backlog,someday,no,,no,,,4,,,emerytura,
Silent Hill 1,1999,limbo,,yes,PSX;PSV,no,,,5,,,,
Silent Hill 1 Remake,,upcoming,,no,,no,,,,,,,
Silent Hill 2,2001,backlog,someday,no,,no,,,,,,emerytura,
Silent Hill 2 Remake,,playing,,no,PS5,no,,,,,,,
Silent Hill 3,2003,backlog,someday,no,,no,,,,,,emerytura,
Silent Hill 4,2004,backlog,someday,no,,no,,,3,,,emerytura,
Silent Hill f,,limbo,,,,,,,,,,,
Silent Hill Homecoming,2008,backlog,someday,no,,no,,,,,,emerytura,
Silent Hill Origins,2007,backlog,someday,no,,no,,,4,,,emerytura,
Silent Hill Shattered memories,2009,not_interested,skip,no,PSV,no,,,4,,,,
SILENT HILL: Ascension,,backlog,someday,no,,no,,,,,,emerytura,
Silent Hill: Downpour,2012,backlog,someday,no,,no,,,,,,emerytura,
Silent Hill: The Short Message,,backlog,someday,yes,,no,,,,,,emerytura,
Silent Hunter 4: Wolves of the Pacific,,not_interested,skip,no,CDA,no,,,,not_needed,,,
Silent Hunter III,,not_interested,skip,no,,no,,,,not_needed,,,
Silent Scope 2: Dark Silhouette,,not_interested,skip,no,,no,,,,not_needed,,,
Silica,,upcoming,,no,,no,,,,,,,
Silkroad Online,2004,completed,,no,,no,,,,,yes,,
Silthouette Mirage,,not_interested,skip,no,PSX,no,,,,,,,
SimCity,,not_interested,skip,no,,no,,,,not_needed,,,
SimCity 2000,,not_interested,skip,no,,no,,,,not_needed,,,
SimCity 2013,2013,not_interested,skip,no,,no,,,,not_needed,,,
SimCity 3000,,not_interested,skip,no,,no,,,,not_needed,,,
SimCity 4,,not_interested,skip,no,,no,,,,not_needed,,,
Simmetry,,not_interested,skip,no,,no,,,,not_needed,,,
Simon the Sorcerer,,not_interested,skip,no,,no,,,,not_needed,,,
Sin & Punishment,,not_interested,skip,no,,no,,,,not_needed,,,
Sin & Punishment: Successorto the Sky,,not_interested,skip,no,,no,,,,not_needed,,,
Sine Mora X,,not_interested,skip,,PS+ Premium,,,,,,,,
Singstar,,played,,no,,no,,,,,,,
Singularity,2010,completed,,no,PC,no,,,,,yes,,
Sinner: Sacrifice for Redemption,2018,not_interested,skip,no,,no,,,,not_needed,,,
Sins of a Solar Empire,,not_interested,skip,no,,no,,,,not_needed,,,
Sins of a Solar Empire: Rebellion,,not_interested,skip,no,Steam,no,,,,not_needed,,,
"Sir, You Are Being Hunted",,not_interested,skip,no,,no,,,,not_needed,,,
Siren,,not_interested,skip,,PS+ Premium,,,,,,,,
Siren: Blood Curse,,not_interested,skip,no,,no,,,,not_needed,,,
skate,2007,limbo,,no,Xbox Game Pass,no,,,6,,,,
Skate 2,2009,backlog,someday,no,Xbox Game Pass,no,,,,,,emerytura,
Skate 3,2010,backlog,someday,no,Xbox Game Pass,no,,,,not_needed,,emerytura,
Skate Story,,upcoming,,no,,no,,,,,,,
SKATEBIRD,,not_interested,skip,no,,no,,,,not_needed,,,
Skies of Arcadia,,not_interested,skip,no,,no,,,,not_needed,,,
Skoki narciarskie 2002: Polskie złoto,2002,played,,no,,,,,,,,,
Skool Daze,,not_interested,skip,no,,no,,,,not_needed,,,
Skull & Bones,,backlog,someday,no,,no,,,,,,emerytura,
Skullgirls Encore*,,not_interested,skip,,PS+ Premium,,,,,,,,
Skulls of the Shogun,,not_interested,skip,no,PS4,no,,,,not_needed,,,
Sky Fighter,,not_interested,skip,no,PS+,no,,,,not_needed,,,
Sky Force Anniversary,,not_interested,skip,yes,PS4,no,,,,not_needed,,,
Sky: Children of the Light,2019,not_interested,skip,yes,Android,no,,,,not_needed,,,
Skydive: Proximity Flight*,,not_interested,skip,,PS+ Premium,,,,,,,,
SkyDrift Infinity,,not_interested,skip,,PS+ Premium,,,,,,,,
SkyDrift*,,not_interested,skip,,PS+ Premium,,,,,,,,
Skyforge,,played,,no,,no,,,,,,,
SkyGunner,2002,not_interested,skip,,,,,,,,,,
Skylanders (franchise),,not_interested,skip,no,,no,,,,not_needed,,,
Skyworld,,not_interested,skip,no,PSVR,,,,1,,,vr,
Slaves to Armok II: Dwarf Fortress,,not_interested,skip,no,,no,,,,not_needed,,,
SLAY THE SPIRE,,not_interested,skip,yes,PS4,no,,,,not_needed,,,
Sleeping Dogs,2012,completed,,yes,Steam;PS+,no,,,,,yes,,
Slender,2012,played,,no,,,,,,,,,
Slender: The Arrival*,,not_interested,skip,,PS+ Premium,,,,,,,,
Slime Rancher,2016,not_interested,skip,no,Epic,no,,,,not_needed,,,
Slime Rancher 2,,not_interested,skip,no,,no,,,,not_needed,,,
Slitherlink,,not_interested,skip,no,,no,,,,not_needed,,,
Slitterhead,,want_to_try,,no,,,,,,,,,
Slitterhead,,backlog,someday,no,,no,,,,,,emerytura,
Sludge Life,2020,not_interested,skip,yes,Epic,no,,,,not_needed,,,
Sly 2: Band of Thieves,2004,backlog,someday,no,,no,,,3,,,emerytura,
Sly 3: Honor Among Thieves,2005,backlog,someday,no,,no,,,3,not_needed,,emerytura,
Sly Cooper and the Thievius Raccoonus,2002,backlog,someday,no,,no,,,3,,,emerytura,
Sly Cooper: Thieves in Time,2013,backlog,someday,yes,PS3;PSV,no,,,,,,emerytura,
Smash 'N' Survive,,not_interested,skip,no,,no,,,,not_needed,,,
Smash Cars*,,not_interested,skip,,PS+ Premium,,,,,,,,
Smash TV,,not_interested,skip,no,,no,,,,not_needed,,,
Smite,,played,,no,,no,,,,,,,
Snake,1998,completed,,no,,no,,,,,yes,,
Snake Pass,2017,not_interested,skip,yes,Steam,no,,,,not_needed,,,
Snake Rattle ’n’Roll,,not_interested,skip,no,,no,,,,not_needed,,,
Snakeball,,not_interested,skip,no,PS3,no,,,,not_needed,,,
Snapshot,,not_interested,skip,yes,Steam,no,,,,not_needed,,,
Sneaky Bears,2017,not_interested,skip,no,PSVR,yes,,,5,,,vr,
Sniper Elite,2005,completed,,yes,,no,,,,,yes,,
Sniper Elite 4,2017,not_interested,skip,yes,PS4,no,,,,,,,
Sniper Elite 5,2022,backlog,someday,no,,no,,,,,,emerytura,
Sniper Elite III,2014,not_interested,skip,no,PS4;PC,no,,,,not_needed,,,
Sniper Elite V2,2012,not_interested,skip,yes,Steam;PS+ Premium,no,,,,not_needed,,,
Sniper Elite VR,2021,completed,,yes,PSVR,required,,2024,7,,,,
Sniper Elite: Resistance,,limbo,,,,,,,,,,,
Sniper Ghost Warrior 2,2013,completed,,yes,,no,,,,,yes,,
Sniper: Ghost Warrior 3,2017,completed,,yes,PS4,no,,,,todo,yes,,
Sniper: Ghost Warrior Contracts,2019,backlog,someday,yes,PS4,no,,,,not_needed,,emerytura,
Sniper: Ghost Warrior Contracts 2,2021,backlog,someday,no,,no,,,,,,emerytura,
Sniper: Ghost Warrior Gold Edition,2008,completed,,yes,Steam,no,,,,,yes,,
SNK vs. Capcom: Card Fighters’ Clash,,not_interested,skip,no,,no,,,,not_needed,,,
Snuggle Truck,,not_interested,skip,no,Steam,no,,,,not_needed,,,
Sokoban,,not_interested,skip,no,,no,,,,not_needed,,,
Sokobond Express,,not_interested,skip,no,,no,,,,,,,
Solar 2,,not_interested,skip,no,Steam,no,,,,not_needed,,,
Solar Ash,2021,limbo,,no,Xbox Game Pass,no,,,,,,,
Soldiers: Ludzie Honoru,,not_interested,skip,no,Play,no,,,,not_needed,,,
Soldner-X 2: Final Prototype*,,not_interested,skip,,PS+ Premium,,,,,,,,
Soldner-X: Himmelssturmer*,,not_interested,skip,,PS+ Premium,,,,,,,,
Solitairica,,not_interested,skip,yes,Epic,no,,,,not_needed,,,
Solium Infernum,,not_interested,skip,no,,no,,,,,,,
Solomon’s Key,,not_interested,skip,no,,no,,,,not_needed,,,
SOMA,2015,backlog,someday,yes,PS4;Epic,no,,,,,,emerytura,
Someday You’ll Return,,not_interested,skip,no,,no,,,,not_needed,,,
Somerville,2022,backlog,someday,no,,no,,,,,,emerytura,
Song in the Smoke,2021,limbo,,no,PSVR;PSVR2,yes,,,7,,,vr;brak-sprzętu,
Song of Horror Complete Edition,,not_interested,skip,yes,Amazon,no,,,,not_needed,,,
Sonic & Knuckles,,not_interested,skip,no,,no,,,,not_needed,,,
Sonic Adventure,,not_interested,skip,no,,no,,,,not_needed,,,
Sonic Chronicles: The Dark Brotherhood,,not_interested,skip,no,,no,,,,not_needed,,,
Sonic Colours: Ultimate,2021,not_interested,skip,,,,,,,,,,
SONIC FORCES,2017,not_interested,skip,yes,PS4,no,,,,not_needed,,,
Sonic Frontiers,2023,backlog,someday,no,,no,,,,,,emerytura,
Sonic Generations,,not_interested,skip,no,,no,,,,not_needed,,,
Sonic Mania,2017,not_interested,skip,no,PS4;Epic,no,,,,not_needed,,,
Sonic The Hedgehog,1991,played,,no,,no,,,,,yes,,
Sonic the Hedgehog 2,,not_interested,skip,no,,no,,,,not_needed,,,
Sorcery: Świat magii,2012,completed,,no,,,,,,,,,
Sorry We're Closed,,want_to_try,,no,,,,,,,,,
Sorry We're Closed,2024,not_interested,skip,,,,,,,,,,
Soul Hackers,,want_to_try,,no,,,,,,,,,
Soul Hackers 2,,want_to_try,,no,,,,,,,,,
Soul Hackers 2,,not_interested,skip,no,,no,,,,,,,
Soul of the Samurai,,not_interested,skip,no,PSX,no,,,,,,,
Soul Sacrifice,2013,played,,yes,PSV,no,,,,,,,
Soulbringer,,not_interested,skip,no,,no,,,,not_needed,,,
SoulCalibur 4,,played,,no,PS3,no,,,,,,,
SoulCalibur I,,played,,no,,no,,,,,,,
SoulCalibur II,,played,,no,,no,,,,,,,
Soulcalibur VI,,played,,,PS+ Premium,,,,,,,,
Soulstice,2022,backlog,someday,no,,no,,,,,,emerytura,
Sound Shapes,2012,played,,no,,no,,,,,yes,,
Source of Madness,2022,not_interested,skip,,,,,,,,,,
South of midnight,,upcoming,,no,,no,,,,,,,
South Park: Kijek Prawdy,2014,completed,,yes,PS4;Steam,no,,,,,yes,,
South Park: Phone Destroyer,,played,,no,Android,no,,,,,,,
South Park: The Fractured But Whole,2017,limbo,,yes,PS4,no,,,,,,,
Space Ace*,,not_interested,skip,,PS+ Premium,,,,,,,,
Space Channel 5,,not_interested,skip,no,,no,,,,not_needed,,,
Space Crew: Legendary Edition,,not_interested,skip,,PS+ Premium,,,,,,,,
Space Engineers,2020,not_interested,skip,,,,,,,,,,
Space Giraffe,,not_interested,skip,no,,no,,,,not_needed,,,
Space Harrier,,not_interested,skip,no,,no,,,,not_needed,,,
SPACE HULK: Deathwing,2016,not_interested,skip,no,PSV,no,,,,not_needed,,,
Space Hulk: Tactics,,not_interested,skip,,PS+ Premium,,,,,,,,
Space Invaders,1978,played,,no,,no,,,,,yes,,
Space Invaders Extreme,,not_interested,skip,no,,no,,,,not_needed,,,
Space Invaders Infinity Gene,,not_interested,skip,no,,no,,,,not_needed,,,
Space Junkies,,not_interested,skip,yes,PSVR,,,,1,,,vr,
Space Junkies,,not_interested,skip,,PS+ Premium,,,,,,,,
Space Overlords,,not_interested,skip,no,PSV,no,,,,not_needed,,,
Space Pirate Trainer,,played,,no,PSVR,required,,,,,,,
Space Station Silicon Valley,,not_interested,skip,no,,no,,,,not_needed,,,
SpaceBourne,2018,backlog,someday,no,,no,,,,,,emerytura,
SpaceBourne 2,2023,backlog,someday,no,,no,,,3,not_needed,,emerytura,
Sparc,,not_interested,skip,no,PSVR,,,,1,,,vr,
Sparkle 2,,not_interested,skip,no,PS4;PS3;PSV,no,,,,not_needed,,,
Sparkle Unleashed,,not_interested,skip,,PS+ Premium,,,,,,,,
Spec Ops: The Line,2012,completed,,yes,Steam,no,,,,,yes,,
Speed Brawl,,not_interested,skip,yes,Epic,no,,,,not_needed,,,
Speedball 2: Brutal Deluxe,,not_interested,skip,no,,no,,,,not_needed,,,
Speedball 2: Tournament,,not_interested,skip,no,,no,,,,not_needed,,,
Speedrunners,,not_interested,skip,no,,no,,,,not_needed,,,
Speedway Liga,,not_interested,skip,no,,no,,,,not_needed,,,
Spellcaster University,,not_interested,skip,yes,Amazon,no,,,,not_needed,,,
Spelldrifter,,not_interested,skip,no,Epic,no,,,,,,,
SpellForce 2: Czas Mrocznych Wojen,,played,,no,CDA,no,,,2,not_needed,,,
SpellForce 2: Faith in Destiny,,backlog,someday,no,,no,,,3,not_needed,,emerytura,
SpellForce 2: Władca smoków,2007,played,,no,,,,,,,,,
Spellforce 3,,not_interested,skip,no,PS+ Premium,no,,,,not_needed,,,
SpellForce: Zakon Świtu,2003,completed,,no,CDA,no,,,,,yes,,
Spelunker Collection*,,not_interested,skip,,PS+ Premium,,,,,,,,
Spelunker HD,,not_interested,skip,no,,no,,,,not_needed,,,
Spelunky,2008,completed,,yes,PC,no,,,,,yes,,
Spider-Man (2000),2000,completed,,no,,no,,,,,yes,,
Spider-man (2018) GOTY,2018,completed,,yes,PS4,no,,,6,done,yes,wrócić,
Spider-Man 2,,not_interested,skip,no,,no,,,,not_needed,,,
Spider-Man 3,,not_interested,skip,no,,no,,,,not_needed,,,
Spider-Man Far from Home VR Experience,,completed,,yes,PSVR,required,,2023,,,,,
Spider-Man Homecoming VR Experience,,not_interested,skip,no,PSVR,,,,1,,,vr,
Spider-Man: Edge of Time,,not_interested,skip,no,,no,,,,not_needed,,,
Spider-Man: Shattered Dimensions,,not_interested,skip,no,,no,,,,not_needed,,,
Spider-Man: The Movie,,not_interested,skip,no,,no,,,,not_needed,,,
Spider-man: The Video Game - Arcade,,not_interested,skip,no,,no,,,,not_needed,,,
Spider-Man: Web of Shadows,,not_interested,skip,no,,no,,,,not_needed,,,
Spider: The Secret of Bryce Manor,,not_interested,skip,no,,no,,,,not_needed,,,
Spindizzy,,not_interested,skip,no,,no,,,,not_needed,,,
Spine,,upcoming,,no,,no,,,,,,,
Spirit of the North,2019,not_interested,skip,no,,no,,,,not_needed,,,
Spiritfarer,2020,not_interested,skip,no,,no,,,,,,,
Spitlings,,not_interested,skip,,PS+ Premium,,,,,,,,
Splasher,,not_interested,skip,no,,no,,,,not_needed,,,
Splatoon,,not_interested,skip,no,Wii U,no,,,,,,,
Splatoon 2,,not_interested,skip,no,,no,,,,,,,
Splatoon 3,,not_interested,skip,no,,no,,,2,,,,
Splatterhouse,,not_interested,skip,no,,no,,,,not_needed,,,
Splinter Cell: Blacklist,2013,completed,,yes,Uplay,no,,,,,yes,wrócić,
Splinter Cell: Conviction,2010,completed,,no,PC,no,,,,,yes,,
Splinter Cell: Double Agent,2006,completed,,yes,PC,no,,,6,,yes,,
Split Fiction,2025,limbo,,,,,,,,,,,
Split/Second Velocity,,played,,no,,no,,,,,,,
SpongeBob Kanciastoporty,,not_interested,skip,no,PS4,no,,,,,,,
Spore,2008,completed,,no,,no,,,,,yes,,
Sports Champions,2010,completed,,yes,PS3,no,,,,,yes,,
Sports Champions 2,2012,completed,,yes,PS3,no,,,,,yes,,
Sportsfriends,,played,,no,,no,,,,,,,
Sprint Vector,2018,backlog,high,yes,PSVR,required,,,6,,,vr;można-olać,
Spy Chameleon,,not_interested,skip,no,,no,,,,not_needed,,,
Spy Hunter,,not_interested,skip,no,,no,,,,not_needed,,,
Spy Party,,not_interested,skip,no,,no,,,,not_needed,,,
Spy vs. Spy,,not_interested,skip,no,,no,,,,not_needed,,,
Spyro Reignited Trilogy,2018,backlog,someday,no,,no,,,,,,emerytura,
Squad Assault: West Front,,not_interested,skip,no,CDA,no,,,,not_needed,,,
Squares,,not_interested,skip,no,PSV,no,,,,not_needed,,,
Squishies,,not_interested,skip,no,PSVR,,,,1,,,vr,
SSX,,played,,no,PS3,no,,,,,,,
SSX Tricky,,not_interested,skip,no,,no,,,,not_needed,,,
Star Child,,not_interested,skip,no,PSVR,,,,1,,,vr,
Star Citizen,,backlog,someday,no,,no,,,,,,emerytura,
Star Control 3,,not_interested,skip,no,,no,,,,not_needed,,,
Star Control: Origins,,not_interested,skip,no,,no,,,,not_needed,,,
Star Fox 64,,not_interested,skip,no,,no,,,,not_needed,,,
Star Ocean First Departure R,,not_interested,skip,,PS+ Premium,,,,,,,,
Star Ocean: TSS,,not_interested,skip,no,PSX,no,,,,,,,
Star Overdrive,,want_to_try,,no,,,,,,,,,
Star Raiders*,,not_interested,skip,,PS+ Premium,,,,,,,,
Star Trek Online,,played,,no,,no,,,,,,,
Star Trek: 25th Anniversary,,not_interested,skip,no,,no,,,,not_needed,,,
Star Trek: Bridge Crew,2017,played,,yes,PSVR;PS+ Premium,optional,,,5,,,,
Star Trek: Resurgence,,not_interested,skip,no,,no,,,,,,,
Star Wars,,not_interested,skip,no,,no,,,,not_needed,,,
Star Wars : Episode I - The Phantom Menace,1999,not_interested,skip,,,,,,,,,,
Star Wars : Rebel Assault II - The Hidden Empire,1995,not_interested,skip,,,,,,,,,,
Star Wars Battlefront - VR Mission,,completed,,yes,PSVR,required,,2023,,,,,
Star Wars Battlefront II (PSP),,not_interested,skip,no,PSV,no,,,,not_needed,,,
Star Wars Battlefront: Elite Squadron (PSP),2009,not_interested,skip,no,PSV,no,,,,not_needed,,,
Star Wars Battlefront: Renegade Squadron (PSP),2007,not_interested,skip,no,PSV,no,,,,not_needed,,,
STAR WARS Demolition,,not_interested,skip,no,PS+ Premium,no,,,,,,,
Star Wars Eclipse,,upcoming,,no,,no,,,,,,,
Star Wars Episode I: Battle for Naboo,,not_interested,skip,no,,no,,,,not_needed,,,
Star Wars Episode I: Racer,,not_interested,skip,no,,no,,,,not_needed,,,
Star Wars Episode III: Revenge of the Sith,,not_interested,skip,no,,no,,,,not_needed,,,
Star Wars Galaxies,2003,completed,,no,,no,,,,,yes,,
Star Wars Jedi Knight: Dark Forces 2,1997,backlog,someday,yes,,no,,,,not_needed,,emerytura,
Star Wars Jedi Knight: Jedi Academy,2003,limbo,,yes,PS4;Steam,no,,,7,,,,
Star Wars Jedi Knight: Jedi Outcast,2002,completed,high,yes,PS4,no,,2024,6,,,,
Star Wars Jedi Knight: Mysteries of the Sith,1997,backlog,someday,no,,no,,,,not_needed,,emerytura,
Star Wars Jedi: Fallen Order,2019,completed,,yes,PS4;EA Play;Origin,no,5,,7,,yes,wrócić,
Star Wars Jedi: Survivor,2023,completed,,no,,no,,2024,,,,wrócić,
Star Wars Pinball VR,,not_interested,skip,no,PSVR,,,,1,,,vr,
Star Wars Racer Revenge*,,not_interested,skip,,PS+ Premium,,,,,,,,
Star Wars Rogue Squadron II: Rogue Leader,,not_interested,skip,no,,no,,,,not_needed,,,
Star Wars Rogue Squadron III: Rebel Strike,,not_interested,skip,no,,no,,,,not_needed,,,
Star Wars Tales from the Galaxy's Edge,,limbo,,no,PSVR2,no,,,,,,vr;brak-sprzętu,
Star Wars Uprising,,played,,no,,no,,,,,,,
Star Wars: Battlefront (2015),2015,completed,,yes,PS4,no,,,,todo,yes,,
Star Wars: Battlefront 1,2004,completed,,no,,no,,,,,yes,,
Star Wars: Battlefront 2,2005,completed,,yes,Steam,no,,,,,yes,,
Star Wars: Battlefront II (2017) + DLC,2017,playing,,yes,PS4;Epic,no,4,,8,,yes,regularne;multiplayer,
Star Wars: Bounty Hunter,2002,backlog,someday,no,PS+ Premium,no,,,,not_needed,,emerytura,
Star Wars: Dark Forces,1996,backlog,someday,yes,,no,,,,,,emerytura,
Star Wars: Empire at War,,played,,no,,no,,,,,,,
Star Wars: Jedi Starfighter,,not_interested,skip,,PS+ Premium,,,,,,,,
Star Wars: Knights of the Old Republic,2003,completed,,yes,Steam,no,,,,,yes,,
Star Wars: Knights of the Old Republic II,2004,completed,,no,PC,no,,,,,yes,,
Star Wars: Lethal Allience,2006,not_interested,skip,no,,no,,,,not_needed,,,
Star Wars: Outlaws,2024,completed,,no,,no,,2025,,,,wrócić,
Star Wars: Republic Commando,2005,completed,,no,,no,,,,,yes,,
Star Wars: Rogue Squadron,,not_interested,skip,no,,no,,,,not_needed,,,
Star Wars: Squadrons (VR),2020,completed,,yes,PS4;PC;PSVR,optional,,2023,7,,,wrócić,
Star Wars: The Clone Wars,,backlog,someday,no,,no,,,,,,emerytura,
Star Wars: The Force Unleashed,2008,completed,,no,,no,,,,,yes,,
Star Wars: The Force Unleashed II,2010,completed,,no,PC,no,,,,,yes,,
Star Wars: The Old Republic,2011,completed,high,yes,Origin;Steam,no,,,7,done,,,
Star Wars: TIE Fighter,,not_interested,skip,no,,no,,,,not_needed,,,
Star Wars: X-Wing vs. TIE Fighter,,not_interested,skip,no,,no,,,,not_needed,,,
STARBLOOD ARENA,,not_interested,skip,no,PSVR,,,,1,,,vr,
StarCraft (+ Brood wars),1998,completed,,yes,Battle.net,no,,,,,,,
StarCraft II: Heart of the Swarm,2013,backlog,someday,no,,no,,,,,,emerytura,
StarCraft II: Legacy of the Void,2015,backlog,someday,no,,no,,,,,,emerytura,
StarCraft II: Wings of Liberty,2010,backlog,someday,yes,Battle.net,no,,,,,,emerytura,
Stardew Valley,,want_to_try,,no,,,,,,not_needed,,,
StarDrone*,,not_interested,skip,,PS+ Premium,,,,,,,,
Stardust Odyssey,,not_interested,skip,no,PSVR,,,,1,,,vr,
Starfield,2023,completed,,no,Xbox Game Pass,no,,2023,10,,,wrócić,
Starfield: Shattered Space,,want_to_try,,no,,,,,,,,,
Stargate,,not_interested,skip,no,,no,,,,not_needed,,,
Stargunner,,not_interested,skip,no,,no,,,,not_needed,,,
Starlink: Battle for Atlas,2018,backlog,someday,no,PS+ Premium;Uplay,,,,,,,emerytura,
Starsand,,not_interested,skip,no,,no,,,,,,można-olać,
Starship Patrol,,not_interested,skip,no,,no,,,,not_needed,,,
Starwhal,,not_interested,skip,no,PS3;PS4,no,,,,not_needed,,,
State of Decay,2013,backlog,someday,no,PC,no,,,,,,emerytura,
State of Mind,2018,completed,,no,Xbox Game Pass PC,no,,,,done,yes,,
Statik,2017,not_interested,skip,no,PSVR,yes,,,6,,,vr,
Stealth Inc 2: A Game of Clones,,not_interested,skip,no,,no,,,,not_needed,,,
Stealth Inc.,,not_interested,skip,no,PSV,no,,,,not_needed,,,
SteamWorld Dig,,not_interested,skip,no,PSV,no,,,,not_needed,,,
SteamWorld Quest: Hand of Gilgamech,,not_interested,skip,yes,Amazon Prime,no,,,,not_needed,,,
Steel Battalion,,not_interested,skip,no,,no,,,,not_needed,,,
Steelrising,2022,backlog,someday,no,,no,,,,,,emerytura,
Steep,,played,,no,Epic;PS4;Uplay,no,,,,,,,
Steins;Gate 0,,not_interested,skip,no,,no,,,,not_needed,,,
SteinsGate,,not_interested,skip,no,PS3,no,,,,not_needed,,,
Stellar Blade,2024,limbo,,yes,,no,3,,,,,,
Stellaris: Console Edition,,not_interested,skip,,PS+ Premium,,,,,,,,
Stellaris: Galaxy Command,,not_interested,skip,yes,Android,no,,,,not_needed,,,
Stephen's Sausage Roll,,not_interested,skip,no,,no,,,,not_needed,,,
Steredenn:Classic,,not_interested,skip,no,PS3,no,,,,not_needed,,,
Stick It to the Man,,not_interested,skip,yes,PS4;Epic,no,,,,not_needed,,,
Stifled,,not_interested,skip,no,PSVR,,,,1,,,vr,
Still Life,,not_interested,skip,no,CDA,no,,,,not_needed,,,
Still Life 2,,not_interested,skip,no,,no,,,,not_needed,,,
Still Wakes the Deep,2025,completed,,no,,no,4,2025,,,,,
Stories Untold,2017,backlog,someday,yes,Epic,no,,,,not_needed,,emerytura,
Stories: The Path of Destinies,2016,completed,,yes,PS4,no,,,,,yes,,
Stormland,,limbo,,no,,,,,,,,vr;brak-sprzętu,
Stranded : Alien Down,2023,not_interested,skip,,,,,,,,,,
Stranded Deep,2015,not_interested,skip,yes,Epic;PS4,no,,,,not_needed,,,
Strange Brigade,2018,backlog,someday,no,,no,,,,,,emerytura,
Strange Horticulture,,not_interested,skip,no,,no,,,2,,,,
Stranger of Paradise: Final Fantasy Origin,2022,backlog,someday,no,,no,,,,,,emerytura,
Stranger Things 3: The Game,,not_interested,skip,yes,Epic,no,,,,not_needed,,,
Stray,2022,completed,,no,PS+ Premium,no,,,,,yes,,
Stray Blade,2023,backlog,someday,no,,no,,,7,,,emerytura,
Street Fighter 6,,backlog,someday,no,,no,,,5,,,emerytura,
Street Fighter Alpha 3,,not_interested,skip,no,,no,,,,not_needed,,,
Street Fighter II Turbo: Hyper Fighting,,not_interested,skip,no,,no,,,,not_needed,,,
Street Fighter III: Third Strike,,not_interested,skip,no,,no,,,,not_needed,,,
Street Fighter IV,2009,played,,no,,,,,,,,,
Street Fighter lV,,not_interested,skip,no,,no,,,,not_needed,,,
Street Fighter V,2016,not_interested,skip,yes,PS4,no,,,,not_needed,,,
Street Fighter X Tekken,,not_interested,skip,no,,no,,,,not_needed,,,
Stretch Panic,,not_interested,skip,no,,no,,,,not_needed,,,
Stride,2020,backlog,high,yes,PSVR,yes,,,5,,,vr;można-olać,
Strider,,not_interested,skip,yes,PS4,no,,,,not_needed,,,
Strider (1989),,not_interested,skip,no,,no,,,,not_needed,,,
STRONG BAD'S COOL GAME FOR ATTRACTIVE PEOPLE,,not_interested,skip,,PS+ Premium,,,,,,,,
Stronghold,,played,,yes,GOG,no,,,,,,,
Stronghold Crusader 2,,played,,no,,no,,,,,,,
Stronghold Kingdoms,,played,,no,,no,,,,,,,
Stronghold: Crusader,2002,completed,,yes,GOG,no,,,,,yes,,
Stronghold: Warlords,2020,not_interested,skip,no,,no,,,,not_needed,,,
Stubbs the Zombie in Rebel Without a Pulse,,not_interested,skip,yes,Amazon,no,,,,,,,
Stubbs the Zombie in Rebel Without a Pulse,,not_interested,skip,yes,Epic,no,,,,not_needed,,,
Stunt Car Racer,,not_interested,skip,no,,no,,,,not_needed,,,
Styx: Master of Shadows,,not_interested,skip,no,PS4,no,,,,not_needed,,,
Suadow Gambit: The cursed crew,,backlog,someday,no,,no,,,,,,emerytura,
Sub-Terrania,,not_interested,skip,no,,no,,,,not_needed,,,
Sublustrum,,not_interested,skip,no,CDA,no,,,,not_needed,,,
Subnautica,2014,backlog,someday,yes,Epic;PS4,no,,,,,,emerytura,
Subnautica: Below Zero,2021,backlog,someday,yes,PS+,no,,,,,,emerytura,
Subsurface Circular,2017,not_interested,skip,no,,no,,,,,,,
Sudden Strike: Anthology,,not_interested,skip,no,CDA,no,,,,not_needed,,,
Suicide Squad: Kill The Justice League,2024,completed,,no,,no,,2025,,,,,
Suikoden,,backlog,someday,no,,no,,,,not_needed,,emerytura,
Suikoden 2,,backlog,someday,no,,no,,,,not_needed,,emerytura,
Suikoden 3,,backlog,someday,no,,no,,,,not_needed,,emerytura,
Suikoden 4,,not_interested,skip,no,,no,,,,not_needed,,,
Suikoden 5,,not_interested,skip,no,,no,,,,not_needed,,,
Summer Games II,,not_interested,skip,no,,no,,,,not_needed,,,
Summoner (PS2 Emulation),2002,not_interested,skip,,,,,,,,,,
Sundered: Eldritch Edition,2017,not_interested,skip,yes,Epic,no,,,,not_needed,,,
Sunless Sky,,not_interested,skip,no,,no,,,,not_needed,,,
Sunrider: Mask of Arcadius,2014,not_interested,skip,yes,GOG,no,,,,not_needed,,,
Sunset Overdrive,2014,backlog,someday,no,PC;Xbox One,no,,,,,,emerytura,
Super Castlevania IV,,not_interested,skip,no,,no,,,,not_needed,,,
Super Cloudbuilt,2017,not_interested,skip,no,,no,,,,,,,
Super Dungeons Bros,,not_interested,skip,no,,no,,,,not_needed,,,
Super Exploding Zoo!,,not_interested,skip,no,PS4;PSV,no,,,,not_needed,,,
Super Hang-On,,not_interested,skip,no,,no,,,,not_needed,,,
Super Mario 64,,not_interested,skip,no,,no,,,,not_needed,,,
Super Mario Bros.,1985,played,,no,,no,,,,,yes,,
Super Mario Bros. 2,,not_interested,skip,no,,no,,,,,,,
Super Mario Bros. 3,,not_interested,skip,no,,no,,,,,,,
Super Mario Bros. Wonder,2023,backlog,someday,,,,,,,,,emerytura;chcę-zagrać,
Super Mario Bros.: The Lost Levels,,not_interested,skip,no,,no,,,,,,,
Super Mario Galaxy,,not_interested,skip,no,,no,,,,not_needed,,,
Super Mario Kart,,not_interested,skip,no,,no,,,,not_needed,,,
SUPER MARIO MAKER,,not_interested,skip,no,,no,,,,not_needed,,,
Super Mario RPG: Legend of the Seven Stars,,not_interested,skip,no,,no,,,,not_needed,,,
Super Mario Sunshine,,not_interested,skip,no,,no,,,,not_needed,,,
Super Mario World,,not_interested,skip,no,,no,,,,not_needed,,,
Super Meat Boy,,not_interested,skip,no,Steam;PS4;PSV,no,,,,,,,
Super Metroid,,not_interested,skip,no,,no,,,,not_needed,,,
Super Monkey Ball,,not_interested,skip,no,,no,,,,not_needed,,,
Super Motherload,,not_interested,skip,no,PS3,no,,,,not_needed,,,
Super Mutant Alien Assault,,not_interested,skip,no,PSV,no,,,,not_needed,,,
Super Punch-Out!!,,not_interested,skip,no,,no,,,,not_needed,,,
Super Puzzle Fighter II Turbo,,not_interested,skip,no,PS Classic,no,,,,not_needed,,,
Super Rude Bear Resurrection,,not_interested,skip,no,,no,,,,not_needed,,,
Super Smash Bros. Brawl,,not_interested,skip,no,,no,,,,not_needed,,,
Super Smash Bros. Melee,,not_interested,skip,no,,no,,,,not_needed,,,
Super Sprint,,not_interested,skip,no,,no,,,,not_needed,,,
Super Star Wars,,not_interested,skip,,PS+ Premium,,,,,,,,
Super Stardust HD,,not_interested,skip,no,PSV,no,,,,not_needed,,,
Super Stardust HD,,not_interested,skip,no,PS3,no,,,,not_needed,,,
Super Stardust Portable,,not_interested,skip,yes,PS+,no,,,,not_needed,,,
Super Starust Ultra VR,,not_interested,skip,no,,,,,1,,,vr,
Super Street Fighter II Turbo HD Remix,,not_interested,skip,no,,no,,,,not_needed,,,
Super Tennis,,not_interested,skip,no,,no,,,,not_needed,,,
Super Time Force Ultra,,not_interested,skip,no,PS4,no,,,,not_needed,,,
Superbrothers: Sword and Sworcery EP,,not_interested,skip,yes,Steam;Epic,no,,,,not_needed,,,
superhexagon,,not_interested,skip,no,,no,,,,not_needed,,,
SUPERHOT,2016,completed,,no,Epic;PS4,no,5,,,,yes,,
SUPERHOT VR,2017,backlog,high,yes,PSVR,required,,,9,,,vr,
Superhot: Mind Control Delete,2020,completed,,yes,Stadia,no,,,,todo,yes,,
SUPERHYPERCUBE,,not_interested,skip,no,PSVR,,,,1,,,vr,
Superliminal,2019,backlog,someday,no,Xbox Game Pass,no,,,,,,emerytura,
Supraland,2018,backlog,someday,no,Epic,no,,,,,,emerytura,
Supreme Commander,,not_interested,skip,no,CDA,no,,,,not_needed,,,
Supreme Commander 2,,not_interested,skip,no,Steam,no,,,,not_needed,,,
Supreme Commander: Forged Alliance,,not_interested,skip,no,,no,,,,not_needed,,,
Surge Deluxe,,not_interested,skip,yes,PSV,no,,,,not_needed,,,
Surgeon Simulator: Anniversary Edition,,not_interested,skip,,PS+ Premium,,,,,,,,
Surgeon Simulator: Experience Reality,,not_interested,skip,no,PSVR,,,,1,,,vr,
SURV1V3,,not_interested,skip,no,PSVR,,,,1,,,vr,
Survive,,played,,no,Android,no,,,,,,,
Surviving Mars,2018,not_interested,skip,yes,Epic,no,,,,not_needed,,,
Suzerain,,not_interested,skip,no,Prime Gaming,no,,,,,,,
SWAT 4,2005,backlog,someday,no,,no,,,4,,,emerytura,
Switch Galaxy Ultra,,not_interested,skip,no,,no,,,,not_needed,,,
Sword and Fairy 7,2022,not_interested,skip,no,,no,,,,,,,
Sword Art Online Last Recollection,2023,not_interested,skip,,,,,,,,,,
Sword of the Sea,2025,completed,,yes,PS5,no,,2025,,,,,
Swords & Soldiers,,not_interested,skip,no,,no,,,,not_needed,,,
Swords of Gargantua,,not_interested,skip,no,PSVR,,,,1,,,vr,
Swords of Legends Online,2021,played,,no,PC,no,,,,,,,
Swordsman VR,2020,backlog,,yes,PSVR;PSVR2,yes,,,8,,,vr;psvr2,
Syberia 1 (Collection),2002,backlog,someday,no,PS3;CDA,no,,,3,,,emerytura,
Syberia 2 (Collection),2004,backlog,someday,no,PS3;CDA,no,,,3,,,emerytura,
Syberia 3,2017,backlog,someday,no,,no,,,,,,emerytura,
Syberia: The World Before,2022,backlog,someday,no,,no,,,,not_needed,,emerytura,
Symmetry,2018,not_interested,skip,yes,GOG,no,,,,not_needed,,,
Synapse,,limbo,,no,PSVR2,no,,,,,,vr;brak-sprzętu,
Syndicate,2012,completed,,no,PC,no,,,,,yes,,
Syndicate (1993),,not_interested,skip,no,,no,,,,not_needed,,,
Syndicate Wars,,not_interested,skip,no,,no,,,,not_needed,,,
SYNDROME,,not_interested,skip,no,PSVR,,,,1,,,vr,
SYNTH RIDERS,2018,limbo,,no,PSVR;PSVR2,required,,,7,,,vr;brak-sprzętu,
Syphon Filter (PS1/PS4/PS5),1999,not_interested,skip,,PS+ Premium;PS Classic,,,,,,,,
Syphon Filter 2,,not_interested,skip,,,,,,,,,,
Syphon Filter 3,,not_interested,skip,no,PS+ Premium,no,,,,,,,
Syphon Filter 3,,not_interested,skip,,,,,,,,,,
Syphon Filter: Dark Mirror,,not_interested,skip,,,,,,,,,,
Syphon Filter: Logan's Shadow,,not_interested,skip,,,,,,,,,,
Syren,,not_interested,skip,no,PSVR,,,,1,,,vr,
System Shock,,not_interested,skip,no,,no,,,,,,,
SYSTEM SHOCK (remake),2023,completed,,yes,Steam,no,,2025,8,,,,
System Shock 2 (remaster),1999,limbo,,no,GOG;Steam,no,,,6,,,,
Sąsiedzi z piekła rodem,2003,played,,no,,,,,,,,,
Sąsiedzi z piekła rodem 2,2004,played,,no,,,,,,,,,
Table Football,,played,,yes,PSS,no,,,,,,,
Table of Tales,,not_interested,skip,no,PSVR,,,,1,,,vr,
Table Top Racing: World Tour,,not_interested,skip,no,,no,,,,not_needed,,,
Tacoma,2017,completed,,yes,Epic;Xbox Game Pass PC,no,,,,,yes,,
Tactical Breach Wizards,2024,not_interested,skip,,,,,,,,,,
Tactics Ogre: Let Us Cling Together,,not_interested,skip,no,,no,,,,not_needed,,,
Tactics Ogre: LUCT,,not_interested,skip,no,PSX,no,,,,,,,
Tails Noir,2021,not_interested,skip,,,,,,,,,,
Tails of Iron,,not_interested,skip,no,PS4,no,,,,,,,
Tainted Grail: The Fall of Avalon,,limbo,,no,,no,,,,,,,
Tajne Akta Tunguska,,not_interested,skip,no,CDA,no,,,,not_needed,,,
Tale of Immortal,,not_interested,skip,no,,no,,,,,,,
Tales from Borderlands,2014,backlog,someday,yes,PS4,no,,,,not_needed,,emerytura,
Tales from Space: Mutant Blobs Attack,2012,completed,,yes,PS+,no,,,,,yes,,
Tales of Arise,2021,backlog,someday,no,,no,,,,,,emerytura,
Tales of Berseria,,not_interested,skip,no,,no,,,,not_needed,,,
Tales of Kenzera : ZAU,2024,not_interested,skip,,,,,,,,,,
Tales of Kenzera: Za,,want_to_try,,no,,,,,,,,,
Tales of Monkey Island,2009,not_interested,skip,yes,Amazon,no,,,,,,,
Tales of Symphonia,,not_interested,skip,no,,no,,,,not_needed,,,
Tales of the Neon Sea,2018,not_interested,skip,yes,Epic,no,,,,not_needed,,,
Tales of Zestiria,,not_interested,skip,no,,no,,,,not_needed,,,
Tangledeep,,not_interested,skip,no,Steam,no,,,,not_needed,,,
Tapper,,not_interested,skip,no,,no,,,,not_needed,,,
Tchia,2023,backlog,someday,no,PS+ Premium,no,,,4,,,emerytura,
Team Buddies,,not_interested,skip,no,PSX,no,,,,,,,
Team Fortress 2,,played,,yes,Steam,no,,,,,,,
Team Fortress: Classic,,played,,no,,no,,,,,,,
Team Sonic Racing™,,not_interested,skip,no,PS4,no,,,,not_needed,,,
Tearaway Unfolded,2015,completed,,yes,PS4,no,,,,todo,yes,,
Teardown,,played,,no,,no,,,,,,,
Tecmo Super Bowl,,not_interested,skip,no,,no,,,,not_needed,,,
Teenage Mutant Ninja Turtles : Shredder's Revenge,2022,not_interested,skip,,,,,,,,,,
Teenage Mutant Ninja Turtles: The Cowabunga Collection,2022,not_interested,skip,,,,,,,,,,
Teenagent,,not_interested,skip,no,,no,,,,not_needed,,,
Tehkan World Cup,,not_interested,skip,no,,no,,,,not_needed,,,
Tekken,,played,,no,,no,,,,,,,
Tekken 2 (PS1/PS4/PS5),,played,,,PS+ Premium,,,,,,,,
Tekken 3,,played,,no,PS Classic,no,,,,,,,
Tekken 5,,played,,no,,no,,,,,,,
Tekken 6,,played,,no,PS3,no,,,,,,,
Tekken 7,2017,not_interested,skip,no,,no,,,,not_needed,,,
Tekken 8,,want_to_try,,no,,,,,,,,,
Tekken Revolution,,played,,no,,no,,,,,,,
Telefrag VR,,not_interested,skip,no,PSVR,,,,1,,,vr,
Tell Me Why,2020,backlog,someday,yes,Steam;Xbox Game Pass,no,,,,,,emerytura,
Telling Lies,2019,not_interested,skip,no,,no,,,,not_needed,,,
Tempest,,not_interested,skip,no,,no,,,,not_needed,,,
Tempest 2000,,not_interested,skip,no,,no,,,,not_needed,,,
Tempest: Pirate Action RPG,2016,not_interested,skip,no,Steam,no,,,,not_needed,,,
Temple of Elemental Evil,,not_interested,skip,yes,CDA;GOG,no,,,,not_needed,,,
Temple Run,,not_interested,skip,no,,no,,,,not_needed,,,
Tenchu,1998,not_interested,skip,no,PSX,no,,,,,,,
Tenchu 2,2000,not_interested,skip,no,PSX,no,,,,,,,
Tenchu: Shadow Assassins,2008,not_interested,skip,no,,no,,,,,,,
Tenchu: Wrath of Heaven,2003,not_interested,skip,no,,no,,,,,,,
Tennis World Tour 2,,not_interested,skip,yes,PS4,no,,,,not_needed,,,
Tennis World Tour 2 - Complete Edition,2020,not_interested,skip,,,,,,,,,,
Tera,,played,,no,,no,,,,,,,
Terminator Salvation,2009,not_interested,skip,no,,no,,,,not_needed,,,
Terminator: Resistance,2019,backlog,someday,no,,no,,,,,,emerytura,
Terraforming Mars,2018,not_interested,skip,no,Epic,no,,,,,,,
Terraria,,not_interested,skip,no,,no,,,,not_needed,,,
TES III: Morrowind GOTY (OpenMW?),2003,limbo,,yes,Steam,no,,,5,,,,
TES V: Skyrim VR,2017,backlog,high,yes,PSVR,required,,,9,,,vr,
Teslagrad,,not_interested,skip,no,PS4,no,,,,not_needed,,,
Test Drive Unlimited,2006,completed,,no,,no,,,,,yes,,
Test Drive Unlimited 2,2011,completed,,no,PS3,no,,,,done,yes,,
Tethered,,not_interested,skip,no,PSVR,,,,1,,,vr,
Tetris,,played,,no,,no,,,,,,,
Tetris Effect,,not_interested,skip,no,PS4,no,,,,not_needed,,,
Tetris Effect: Connected,,played,,no,PS+ Premium,,,,,,,,
Tetris Effect: Connected (VR),2018,played,,yes,PS4;PSVR;PSVR2,optional,,,,,,,
Tetris Party,,not_interested,skip,no,,no,,,,not_needed,,,
Thank Goodness You're Here!,2024,not_interested,skip,,,,,,,,,,
Tharsis,,played,,no,Steam,no,,,,,,,
Tharsis,,not_interested,skip,yes,Epic,no,,,,not_needed,,,
"That Dragon, Cancer",2016,not_interested,skip,no,,no,,,,not_needed,,,
The 7th Guest,,not_interested,skip,no,,no,,,,not_needed,,,
The Age of Decadence,2015,not_interested,skip,no,,no,,,,not_needed,,,
The Alters,,limbo,,no,,no,,,,,,,
The ALTO Collection,,not_interested,skip,yes,Epic,no,,,,not_needed,,,
The Amazing Spider-Man,1990,played,,no,,,,,,,,,
The Amazing Spider-Man,2012,completed,,no,,no,,,,,yes,,
The Amazing Spider-Man 2,,not_interested,skip,no,,no,,,,not_needed,,,
The American Dream,2018,completed,,yes,PSVR,yes,,2023,,,,,
The anacrusis,,not_interested,skip,no,,no,,,,,,,
The ArcSlinger,,not_interested,skip,no,PSVR,,,,1,,,vr,
The Artful Escape,2021,backlog,someday,no,,no,,,,,,emerytura,
The Ascent,2021,backlog,someday,no,,no,,,,,,emerytura,
The Assembly,,not_interested,skip,no,PSVR,,,,1,,,vr,
The Assembly,,not_interested,skip,no,,no,,,,not_needed,,,
The Awakened Fate Ultimatum,,not_interested,skip,,PS+ Premium,,,,,,,,
The Awesome Adventures of Captain Spirit,2018,completed,,yes,PS4,no,,,,,yes,,
The Banner Saga,2014,backlog,someday,yes,PC;Android,no,,,,not_needed,,emerytura,
The Banner Saga 2,2016,backlog,someday,no,,no,,,,,,emerytura,
The Banner Saga 3,2018,backlog,someday,no,,no,,,,,,emerytura,
The Bard's Tale,2004,backlog,someday,yes,PC;Android,no,,,,,,emerytura,
The Bard's Tale IV: Barrows Deep,,not_interested,skip,no,,no,,,,not_needed,,,
The Bard’s Tale (1985),,not_interested,skip,no,,no,,,,not_needed,,,
The basement collection,,not_interested,skip,no,Steam,no,,,,not_needed,,,
The Beast Within: A Gabriel Knight Mystery,,not_interested,skip,no,,no,,,,not_needed,,,
The Beatles: Rock Band,,not_interested,skip,no,,no,,,,not_needed,,,
The Beginner's Guide,2015,completed,,yes,Steam,no,,,,,yes,,
The Binding of Isaac: Rebirth,,not_interested,skip,no,Steam;PS4;PSV,no,,,,not_needed,,,
The Book of Unwritten Tales,,not_interested,skip,yes,PC,no,,,,not_needed,,,
The Book of Unwritten Tales 2,,not_interested,skip,no,,no,,,,not_needed,,,
The Bourne Conspiracy,2008,completed,,no,PS3,no,,,,,yes,,
The Bradwell Conspiracy,2019,backlog,someday,no,,no,,,,,,emerytura,
The Bridge,,not_interested,skip,yes,PS4;PS3;PSV;Epic,no,,,,not_needed,,,
The Brookhaven Experiment,,not_interested,skip,no,PSVR,,,,1,,,vr,
The Bureau: XCOM Declassified,2013,completed,,yes,Steam,no,,,,,yes,,
The Caligula Effect: Overdose,,not_interested,skip,,PS+ Premium,,,,,,,,
THE CASE OF THE GOLDEN IDOL,2022,backlog,someday,no,,no,,,4,not_needed,,emerytura,
The Casting of Frank Stone,,want_to_try,,no,,,,,,,,,
The Cave,,not_interested,skip,no,PS+,no,,,,not_needed,,,
The Centennial Case: A Shijima Story,2022,backlog,someday,no,,no,,,,not_needed,,emerytura,
The Chant,2022,backlog,someday,no,,no,,,4,not_needed,,emerytura,
The Church in the Darkness,,not_interested,skip,no,,no,,,,not_needed,,,
The Climb,,limbo,,no,,,,,,,,vr;brak-sprzętu,
The Club,,not_interested,skip,no,,no,,,,not_needed,,,
The Council,2018,backlog,someday,yes,PS4,no,,,,,,emerytura,
The Crew,,played,,yes,Uplay,no,,,,,,,
The Crew 2,,played,,no,,no,,,,,,,
The Critter Chronicles,2012,not_interested,skip,no,GOG,no,,,,not_needed,,,
The Crow's Eye,,not_interested,skip,no,Prime Gaming,no,,,,,,,
The Curious Tale of the Stolen Pets,,not_interested,skip,no,PSVR,,,,1,,,vr,
The Curse of Monkey Island,,not_interested,skip,no,Prime Gaming,no,,,,not_needed,,,
The Cycle: Frontier,,not_interested,skip,no,,no,,,,,,,
The Dark Mod,2013,backlog,someday,no,,no,,,,,,emerytura,
The Dark Pictures: Devil in Me,,backlog,someday,no,,no,,,,,,emerytura,
The Dark Pictures: House of Ashes,2021,backlog,someday,no,,no,,,,,,emerytura,
The Dark Pictures: Little Hope,2020,backlog,someday,no,,no,,,,,,emerytura,
The Dark Pictures: Man of Medan,2019,backlog,someday,yes,PS4,no,,,,,,emerytura;nie-pali-się,
The Darkness,2007,completed,,no,PS3,no,,,,,yes,,
The Darkness II,2012,completed,,yes,PS3,no,,,,,yes,,
The Darkside Detective,,not_interested,skip,no,Prime Gaming,no,,,,,,,
The Darkside Detective: A Fumble in the Dark,,not_interested,skip,no,Prime Gaming,no,,,,not_needed,,,
The Darwin Project,,not_interested,skip,no,,no,,,,not_needed,,,
The Deadly Tower of Monsters,2016,played,,yes,PS4,no,,,,,,,
The Dig,,not_interested,skip,no,,no,,,,not_needed,,,
The Dishwasher: Dead Samurai,,not_interested,skip,no,,no,,,,not_needed,,,
The Dwarves,2016,not_interested,skip,yes,PS4,no,,,,not_needed,,,
The Elder Scrolls Adventures: Redguard,1998,backlog,someday,no,,no,,,1,,,emerytura,
The Elder Scrolls II: Daggerfall (Unity),1996,backlog,someday,yes,GOG,no,,,1,,,emerytura,
The Elder Scrolls IV: Oblivion GOTY,2006,completed,,no,PS3;GOG,no,,,,done,yes,,
The Elder Scrolls IV: Oblivion REMASTERED,2025,completed,,no,Xbox Game Pass,no,,,,,,wrócić,
The Elder Scrolls Online,2014,playing,,yes,PS5;PS4;Epic,no,5,,10,,yes,regularne;multiplayer,
The Elder Scrolls V: Skyrim (+ DLC),2011,completed,,yes,Steam,no,,2012,7,,yes,dodatki-do-ogrania,
The Elder Scrolls VI,,upcoming,,no,,no,,,,,,,
The Elder Scrolls: Arena,1994,backlog,someday,yes,,no,,,1,,,emerytura,
The Elder Scrolls: Blades,,played,,yes,Android,no,,,,,,,
The End is Nigh,,not_interested,skip,no,Epic,no,,,,not_needed,,,
The Entropy Centre,,backlog,someday,no,,no,,,,,,emerytura,
The Escapists,,not_interested,skip,yes,Epic,no,,,,not_needed,,,
The Escapists 2,,not_interested,skip,yes,Epic,no,,,,not_needed,,,
The Evil Within,2014,backlog,someday,no,,no,,,,not_needed,,emerytura,
The Evil Within 2,2017,backlog,someday,no,,no,,,,,,emerytura,
The Exorcist: Legion VR,,not_interested,skip,no,PSVR,,,,1,,,vr,
The Expanse: A Telltale Series,,backlog,someday,no,,no,,,,,,emerytura,
The Expanse: A Telltale Series,2023,backlog,someday,no,,no,,,,,,emerytura,
The Falconeer,2020,backlog,someday,no,Xbox Game Pass,no,,,,,,emerytura,
The Fall,2014,not_interested,skip,yes,Epic,no,,,,not_needed,,,
The Finals,,played,,no,,no,,,,,,,
The First Berserker: Khazan,,want_to_try,,no,,,,,,,,,
The first descendant,,backlog,someday,yes,,no,,,,,,emerytura,
The First Tree,2017,not_interested,skip,yes,Steam;Epic,no,,,,not_needed,,,
The Fisherman - Fishing Planet,,not_interested,skip,,PS+ Premium,,,,,,,,
The Flame in the Flood,2016,not_interested,skip,yes,Steam,no,,,,not_needed,,,
The Forgotten City,2021,completed,,no,Xbox Game Pass,no,,,,,yes,,
The Gardens Between,2018,backlog,someday,,,,,,,,,emerytura,
The Guided Fate Paradox Full Game*,,not_interested,skip,,PS+ Premium,,,,,,,,
The Guild 2,,not_interested,skip,no,,no,,,,not_needed,,,
The Gunk,2021,backlog,someday,yes,,no,,,,,,emerytura,
The hearts,,upcoming,,no,,no,,,,,,,
The Hitchhiker’s Guide to the Galaxy,,not_interested,skip,no,,no,,,,not_needed,,,
The Hobbit,,not_interested,skip,no,,no,,,,not_needed,,,
The Hobbit (1982),,not_interested,skip,no,,no,,,,not_needed,,,
The House of the Dead,,not_interested,skip,no,,no,,,,not_needed,,,
The House of the Dead 2,,not_interested,skip,no,,no,,,,not_needed,,,
The House of the Dead: Overkill,,not_interested,skip,no,,no,,,,not_needed,,,
The Hungry Horde,,not_interested,skip,no,PSV,no,,,,not_needed,,,
The Incredible Adventures of Van Helsing,2013,not_interested,skip,yes,,no,,,,not_needed,,,
The Incredible Machine,,not_interested,skip,no,,no,,,,not_needed,,,
The Inpatient,2018,backlog,high,yes,PSVR,yes,,,7,,,vr,
The Inquisitor,2024,limbo,someday,no,,no,,,,,,nie-pali-się,
The Invincible,2023,limbo,someday,no,,no,,,,,,nie-pali-się,
The Invisible Hours,2017,backlog,,no,PSVR,yes,,,6,,,vr;fabuła,
The Jackbox Party Pack 6,2019,not_interested,skip,no,,no,,,,not_needed,,,
The Jackbox Party Pack 9,2022,not_interested,skip,,,,,,,,,,
The King of Fighters 2000,,not_interested,skip,no,Prime Gaming,no,,,,,,,
The King of Fighters 2002,,not_interested,skip,no,Prime Gaming,no,,,,,,,
THE KING OF FIGHTERS XIII STEAM EDITION,,not_interested,skip,no,,no,,,,not_needed,,,
The Knight Witch,,not_interested,skip,no,,no,,,,,,,
The Lamplighters League,,backlog,someday,no,,no,,,,,,emerytura,
The last case of benedict fox,,backlog,someday,no,,no,,,,,,emerytura,
The Last Express,,not_interested,skip,no,,no,,,,not_needed,,,
The Last Guardian,2016,completed,,yes,PS4,no,,,5,,yes,wrócić,
The Last Guy,,not_interested,skip,no,PS3,no,,,,not_needed,,,
The Last Night,,upcoming,,no,,no,,,,,,,
The Last of Us Part I,2022,completed,,yes,PS5,no,,,,,,,
The Last of Us Part II,2020,completed,,yes,PS4,no,5,,7,done,yes,wrócić,
The Last of Us: Remastered,2013,completed,,yes,PS4;PS+,no,,,,todo,yes,,
The Last Oricru,2022,not_interested,skip,no,,no,,,,,,,
The Last Remnant Remastered,2008,backlog,someday,no,,no,,,,,,emerytura,
The Last Spell,,not_interested,skip,no,,no,,,2,,,,
The Last Tinker: City of Colors,,not_interested,skip,,PS+ Premium,,,,,,,,
The Legend of California,,upcoming,,no,,no,,,,,,,
The Legend of the Mystical Ninja,,not_interested,skip,no,,no,,,,not_needed,,,
The Legend of Zelda,,not_interested,skip,no,,no,,,,not_needed,,,
The Legend of Zelda: A Link to the Past,,not_interested,skip,no,,no,,,,not_needed,,,
The Legend of Zelda: Breath of the Wild,2017,completed,,no,Wii U,no,,2023,7,,,,
The Legend of Zelda: Four Swords Adventures,,not_interested,skip,no,,no,,,,not_needed,,,
The Legend of Zelda: Hyrule Warriors,2014,backlog,someday,no,Wii U,no,,,,,,emerytura,
The Legend of Zelda: Link's Awakening (remake),2019,backlog,someday,no,,no,,,,,,emerytura,
The Legend of Zelda: Link’s Awakening,,not_interested,skip,no,,no,,,,not_needed,,,
The Legend of Zelda: Majora's Mask,2000,backlog,someday,no,,no,,,,not_needed,,emerytura,
The Legend of Zelda: Ocarina of Time,1998,backlog,someday,no,Wii U,no,,,,,,emerytura,
The Legend of Zelda: Oracle of Seasons/Ages,,not_interested,skip,no,,no,,,,not_needed,,,
The Legend of Zelda: Phantom Hourglass,,not_interested,skip,no,,no,,,,not_needed,,,
The Legend of Zelda: Skyward Sword,2011,backlog,someday,no,Wii U,no,,,,,,emerytura,
The Legend of Zelda: Spirit Tracks,,not_interested,skip,no,,no,,,,not_needed,,,
The Legend of Zelda: Tears of the Kingdom,2023,backlog,someday,no,,no,,,9,,,emerytura;nie-pali-się,
The Legend of Zelda: The Minish Cap,,not_interested,skip,no,,no,,,,not_needed,,,
The Legend of Zelda: The Wind Waker,,not_interested,skip,no,,no,,,,not_needed,,,
The Legend of Zelda: Twilight Princess HD,2006,backlog,someday,no,Wii U,no,,,,,,emerytura,
The LEGO Movie Videogame,,not_interested,skip,,PS+ Premium,,,,,,,,
The Light Brigade,2023,limbo,,no,PSVR;PSVR2,yes,,,6,,,vr;brak-sprzętu,
The Lion's Song,,not_interested,skip,yes,Epic,no,,,,not_needed,,,
The Logical Journey of the Zoombinis,,not_interested,skip,no,,no,,,,not_needed,,,
The Long Dark,2017,not_interested,skip,yes,Epic,no,,,,,,,
The Longest Journey,1999,backlog,someday,no,,no,,,,not_needed,,emerytura,
The Lord of the Rings: Gollum,2023,backlog,someday,no,,no,,,,,,emerytura,
The Lost Bear,,not_interested,skip,no,PSVR,,,,1,,,vr,
The Lost Vikings,,not_interested,skip,no,,no,,,,not_needed,,,
The Mage's Tale,2017,backlog,high,yes,PSVR,yes,,,6,,,vr;można-olać,
The Magnificent Trufflepigs,2021,not_interested,skip,no,,no,,,,not_needed,,,
The Mark of Kri,,not_interested,skip,,PS+ Premium,,,,,,,,
The Mark of Kri,,not_interested,skip,no,,no,,,,not_needed,,,
The Mean Greens - Plastic Warfare,,played,,no,Steam,no,,,,,,,
The Medium,2021,backlog,someday,no,PS+ Premium,no,,,,,,emerytura,
The Messenger,,not_interested,skip,no,Epic,no,,,,not_needed,,,
The Metronomicon: Slay the Dance Floor,,not_interested,skip,no,,no,,,,not_needed,,,
The Metronomicon: Slay the Dance Floor,,not_interested,skip,no,Prime Gaming,no,,,,,,,
The Might Quest for Epic Loot,,not_interested,skip,no,,no,,,,not_needed,,,
The MISSING: J.J. Macfield and the Island of Memories,,not_interested,skip,,PS+ Premium,,,,,,,,
The Movies,,not_interested,skip,no,,no,,,,not_needed,,,
The Murder of Sonic the Hedgehog,2023,backlog,someday,no,,no,,,7,,,emerytura,
The Neverhood,1996,completed,,yes,PC,no,,,,,yes,,
The New Zealand Story,,not_interested,skip,no,,no,,,,not_needed,,,
The Next Big Thing,,not_interested,skip,no,CDA,no,,,,not_needed,,,
The Occupation,2019,backlog,someday,no,,no,,,,,,emerytura,
The Order 1886,2015,completed,,yes,PS4,no,,,,,yes,,
The Oregon Trail,,not_interested,skip,no,,no,,,,not_needed,,,
The Oriental Exorcist,,not_interested,skip,no,,no,,,,not_needed,,,
The Outer Worlds,2019,completed,,no,PC,no,,,,,yes,,
The Outer Worlds 2,2025,completed,,no,,no,,2025,,,,,
The Park,2015,not_interested,skip,no,,no,,,,not_needed,,,
The Path,2009,played,,no,Play,no,,,,,yes,,
The Pathless,2020,backlog,someday,no,,no,,,,,,emerytura,
The Pedestrian,2020,backlog,someday,,,,,,,,,emerytura,
The Perfect Sniper,,not_interested,skip,no,PSVR,,,,1,,,vr,
The Persistence (VR),2018,backlog,high,yes,PSVR;PS4;PS5,optional,,,6,,,vr;można-olać,
The Pirate: Caribbean Hunt,,not_interested,skip,no,Android,no,,,,not_needed,,,
The Pirate: Plague of the Dead,,not_interested,skip,no,Android,no,,,,not_needed,,,
THE PLAYROOM,,played,,no,,no,,,,,,,
The Playroom VR,2016,backlog,high,yes,PSVR,required,,,6,,,vr;można-olać,
The Plucky Squire,,backlog,someday,,,,,,,,,emerytura;chcę-zagrać,
The Plucky Squire,2024,not_interested,skip,,,,,,,,,,
The Precinct,,want_to_try,,no,,,,,,,,,
The Punisher,2005,not_interested,skip,no,,no,,,,,,,
The Quarry,2022,backlog,someday,no,,no,,,7,,,emerytura;nie-pali-się,
The Quiet Man,,not_interested,skip,no,,no,,,,not_needed,,,
The Raven Remastered,2018,backlog,someday,no,PS+ Premium,no,,,,,,emerytura,
THE RED LANTERN,2020,backlog,someday,no,,no,,,,,,emerytura,
The Republia Times,,not_interested,skip,no,,no,,,,,,,
The Riftbreaker,,not_interested,skip,no,,no,,,,,,,
The Rise of the Golden Idol,2024,not_interested,skip,,,,,,,,,,
The Room,2014,backlog,someday,yes,Android;Steam,no,,,4,,,emerytura,
The Room VR A Dark Matter,2020,not_interested,skip,no,PSVR,yes,,,5,,,vr,
The Sea Has No Claim,,not_interested,skip,no,,no,,,,,,,
The Secret of Monkey Island,,not_interested,skip,no,,no,,,,not_needed,,,
The Secret World: Legends,2012,not_interested,skip,no,,no,,,,,,,
The Sentinel,,not_interested,skip,no,,no,,,,not_needed,,,
The Settlers,,not_interested,skip,no,,no,,,,not_needed,,,
The Settlers II,,not_interested,skip,no,,no,,,,not_needed,,,
The Settlers III,,played,,no,,no,,,,not_needed,,,
The Settlers Online,2010,played,,no,,,,,,,,,
The Settlers VII,,not_interested,skip,no,,no,,,,not_needed,,,
The Sexy Brutale,,not_interested,skip,no,,no,,,,not_needed,,,
The Ship Remasted,,not_interested,skip,no,,no,,,,not_needed,,,
The Signal from Tolva,,not_interested,skip,no,,no,,,,not_needed,,,
The Simpsons Game,,not_interested,skip,no,,no,,,,,,,
The Simpsons: Hit and Run,,not_interested,skip,no,,no,,,,not_needed,,,
The Simpsons: Road Rage,,not_interested,skip,no,,no,,,,,,,
The Sims,2000,completed,,no,,no,,,,,yes,,
The Sims 2,2004,completed,,no,,no,,,,,yes,,
The Sims 3,2009,completed,,no,Origin,no,,,,,yes,,
The Sims 4,2014,completed,,no,Origin;PS4,no,,,,,yes,,
The Sims: Średniowiecze,,not_interested,skip,no,,no,,,,not_needed,,,
The Sinking City,2019,completed,,no,PS4,no,,,,,yes,,
THE SOLUS PROJECT,,limbo,,no,,,,,,,,vr;brak-sprzętu,
The Solus Project,,not_interested,skip,no,,no,,,,not_needed,,,
The Spectrum Retreat,2018,backlog,someday,yes,Epic,no,,,,,,emerytura,
The spirit of the samurai,,not_interested,skip,no,,no,,,,,,,
The Stanley Parable,2013,completed,,yes,Epic,no,,,,,yes,,
The Stillness of the Wind,,not_interested,skip,yes,Amazon Prime,no,,,,not_needed,,,
The Sting,2001,completed,,no,,no,,,,,yes,,
The Suffering,2004,backlog,someday,no,,no,,,,,,emerytura,
The Suicide of Rachel Foster,,not_interested,skip,no,,no,,,,not_needed,,,
The Suicide of Rachel Foster,2019,backlog,someday,no,,no,,,,,,emerytura,
The Surge,2017,not_interested,skip,no,PS4,no,,,,not_needed,,,
The Surge 2,2019,not_interested,skip,no,,no,,,,not_needed,,,
The Swapper,,not_interested,skip,no,,no,,,,,,,
The Swindle,,not_interested,skip,yes,PS4;PS3;PSV,no,,,,not_needed,,,
The Talos Principle,,not_interested,skip,no,Epic,no,,,,not_needed,,,
The Talos Principle 2,,backlog,someday,no,,no,,,,,,emerytura,
The Technomancer,2016,not_interested,skip,no,,no,,,4,,,,
The Testament of Sherlock Holmes,,not_interested,skip,yes,Steam,no,,,,not_needed,,,
The Texas Chain Saw Massacre,,backlog,someday,yes,PS+,no,,,,,,emerytura,
The Textorcist,,not_interested,skip,yes,Epic,no,,,,not_needed,,,
The Thaumaturge,,backlog,someday,no,,no,,,,,,emerytura,
The Thing,,backlog,someday,no,,no,,,,,,emerytura,
The Thing: Remastered,,want_to_try,,no,,,,,,,,,
The Tiny Bang Story,,not_interested,skip,no,CDA,no,,,,not_needed,,,
The Tomorrow Children,,played,,no,,no,,,,,,,
The Turing Test,2016,not_interested,skip,no,PS+ Premium,no,,,,,,,
The Typing of the Dead,,not_interested,skip,no,,no,,,,not_needed,,,
The UnderGarden*,,not_interested,skip,,PS+ Premium,,,,,,,,
The Vanishing of Ethan Carter,2014,completed,,yes,Steam;PS4;Epic,no,,,,,yes,,
The Walking Dead,2012,completed,,no,Steam,no,,,,,yes,,
The Walking Dead: Onslaught,2020,completed,,yes,PSVR,required,,2023,,,,,
The Walking Dead: Saints & Sinners,2020,backlog,,yes,PSVR;PSVR2,required,,,9,,,vr;psvr2,
The Walking Dead: Season 2,2014,completed,,yes,PS4,no,,,,,yes,,
The Walking Dead: The Final Season,2018,limbo,,no,,no,,,,,,,
The Warriors,,not_interested,skip,no,,no,,,,not_needed,,,
The Way,,not_interested,skip,yes,CDA,no,,,,not_needed,,,
The Wind Road,2020,not_interested,skip,no,,no,,,,not_needed,,,
The Witch and the Hundred Knight: Revival Edition,,not_interested,skip,,PS+ Premium,,,,,,,,
The Witness,2016,backlog,someday,yes,PS4;Epic,no,,,,,,emerytura,
The Wizards: Enhanced Edition,2017,backlog,high,yes,PSVR,yes,,,6,,,vr,
The Wolf Among Us,2013,completed,,yes,PS4;Epic,no,,,,,yes,,
The Wolf among Us 2,,upcoming,,no,,no,,,,,,,
The Wolf Among Us 2,,upcoming,,no,,no,,,,,,,
The Wonderful 101: Remastered,,not_interested,skip,,PS+ Premium,,,,,,,,
The World Ends with You,,not_interested,skip,no,,no,,,,not_needed,,,
The World Next Door,,not_interested,skip,yes,Epic,no,,,,not_needed,,,
Theatrhythm Final Bar Line,,not_interested,skip,no,,no,,,2,,,,
theHunter: Call of the Wild™,2017,not_interested,skip,yes,Epic,no,,,,,,,
Theme Park,,not_interested,skip,no,,no,,,,not_needed,,,
Theseus,,not_interested,skip,no,PSVR,,,,1,,,vr,
THIEF,2014,completed,,yes,Steam;PS3,no,,,5,,yes,wrócić,
Thief 2: The Metal Age,2000,completed,,yes,Steam,no,,2024,7,,,,
Thief 2X: Shadows of the Metal Age,,not_interested,skip,no,,no,,,,not_needed,,,
Thief 3: Deadly Shadows Gold,2004,playing,,yes,PC,no,,,5,,,,
Thief: The Dark Project (Gold),1998,completed,,yes,Steam,no,,2024,7,,,,
Thimbleweed Park,2017,not_interested,skip,no,Epic,no,,,,,,,
This is the Police,2016,backlog,someday,yes,PS4,no,,,,,,emerytura,
This is the Police 2,2018,backlog,someday,no,PS+ Premium,no,,,,,,emerytura,
This is the President,2021,backlog,someday,no,,no,,,,,,emerytura,
This War Of Mine: Final Cut,2014,completed,,yes,PS5;Epic,no,,,,,yes,,
This War of Mine: The Little Ones,2014,backlog,someday,yes,PS4,no,,,,,,emerytura,
Thomas Was Alone,2013,not_interested,skip,no,PSV;Steam,no,,,,not_needed,,,
Those Who Remains,2019,not_interested,skip,no,,no,,,,not_needed,,,
Threads of Fate,,not_interested,skip,no,,no,,,,not_needed,,,
Thrillville,2006,not_interested,skip,,,,,,,,,,
Thrillville : Off the rails,2007,not_interested,skip,,,,,,,,,,
Throne and Liberty,2024,completed,,yes,,no,4,2024,,,,,
Through the Darkest of Times,,not_interested,skip,,PS+ Premium,,,,,,,,
Thrust,,not_interested,skip,no,,no,,,,not_needed,,,
Thumper (VR),2016,backlog,someday,yes,PS4;PSVR;PSVR2,optional,,,4,,,emerytura,
Thunder Tier One,,not_interested,skip,no,,no,,,,,,,
Thunder Wolves*,,not_interested,skip,,PS+ Premium,,,,,,,,
Thymesia,2022,backlog,someday,no,,no,,,,not_needed,,emerytura,
Ticket to Ride,2008,played,,yes,Epic,no,,,,,,,
Tiger Woods PGA Tour 10,,not_interested,skip,no,,no,,,,not_needed,,,
TIGER WOODS PGA TOUR 13,,not_interested,skip,no,,no,,,,not_needed,,,
Time Carnage,,not_interested,skip,no,PSVR,,,,1,,,vr,
Time Crisis,,not_interested,skip,no,PSX,no,,,,,,,
"Time Gentlemen, Please!",,not_interested,skip,no,,no,,,,not_needed,,,
Time Pilot,,not_interested,skip,no,,no,,,,not_needed,,,
Timemelters,2024,backlog,someday,,,,,,,,,emerytura;chcę-zagrać,
Timeshift,2007,completed,,no,PS3,no,,,,done,yes,,
TimeSplitters,2000,backlog,someday,no,,no,,,,not_needed,,emerytura,
TimeSplitters 2,2002,backlog,someday,no,,no,,,,not_needed,,emerytura,
TimeSplitters: Future Perfect,2005,backlog,someday,no,,no,,,,not_needed,,emerytura,
Tin Hearts,2023,backlog,someday,,,,,,,,,emerytura,
Tinboy,,not_interested,skip,no,,no,,,,not_needed,,,
Tiny & Big: Grandpa's Leftovers,,not_interested,skip,no,Steam,no,,,,not_needed,,,
Tiny Robots Recharged,,not_interested,skip,yes,Amazon,no,,,,not_needed,,,
Tiny Tina's Assault on Dragon Keep: A Wonderlands One-shot Adventure,2021,not_interested,skip,yes,Epic;PS4,no,,,,,,,
Tiny Tina's Wonderlands,,backlog,someday,no,,no,,,5,,,emerytura,
Tiny Troopers Joint Ops,,not_interested,skip,no,,no,,,,not_needed,,,
Tinykin,2022,backlog,someday,no,,no,,,4,not_needed,,emerytura,
TIS-100,2015,backlog,someday,yes,Steam,no,,,,,,emerytura,
Titan Attacks,,not_interested,skip,no,,no,,,,not_needed,,,
Titan Quest,2006,backlog,someday,no,,no,,,,,,emerytura,
Titan Souls,2015,not_interested,skip,yes,PS4;PSV,no,,,,not_needed,,,
TitanFall,2014,played,,no,PC,no,,,,,,,
Titanfall 2,2017,completed,,no,PS4,no,,,,,yes,,
To Jesteś Ty!,2017,completed,,yes,PS4,no,,,,,yes,,
To the Moon,,not_interested,skip,no,CDA,no,,,,not_needed,,,
To The Top,2017,backlog,,no,PSVR,yes,,,5,,,vr;fabuła,
TOEM,,not_interested,skip,yes,PS5,no,,,,,,,
Toki Tori,,not_interested,skip,no,Steam,no,,,,not_needed,,,
Tokyo Jungle,,not_interested,skip,yes,PS3,no,,,,,,,
Tokyo Twilight Ghost Hunters*,,not_interested,skip,,PS+ Premium,,,,,,,,
Tom Clancy's EndWar,,not_interested,skip,no,PS3,no,,,,not_needed,,,
Tom Clancy's Ghost Recon Breakpoint,2019,completed,,yes,,no,3,2023,,,,,
Tom Clancy's Ghost Recon: Wildlands,2017,completed,,yes,PS4,no,4,,6,,,wrócić,
Tom Clancy's Rainbow Six,1998,not_interested,skip,no,PS Classic,no,,,,not_needed,,,
Tom Clancy's Rainbow Six: Siege,2015,completed,,no,,no,4,,,,,,
Tom Clancy's Splinter Cell,2002,completed,,yes,Uplay,no,,,,,,,
Tom Clancy's Splinter Cell: Chaos Theory,2005,completed,,yes,Uplay;CDA,no,,,6,,,,
Tom Clancy's Splinter Cell: Pandora Tomorrow,2004,completed,,no,PC,no,,2023,,,,,
Tom Clancy's The Division,2016,backlog,someday,yes,PS4;Uplay,no,,,,not_needed,,emerytura,
Tom Clancy's The Division 2,2019,backlog,someday,yes,,no,,,,,,emerytura,
TOM CLANCY’S RAINBOW SIX EXTRACTION,,not_interested,skip,no,,no,,,,,,,
Tomb Raider,,played,,no,,no,,,,,,,
Tomb Raider (2013),2013,completed,,yes,Steam;PS3;PS4;Epic,no,,,5,,yes,wrócić,
Tomb Raider Chronicles,,played,,no,,no,,,,,,,
TOMB RAIDER I-III Remastered,,want_to_try,,no,,,,,,,,,
Tomb Raider I-III Remastered,,backlog,someday,no,,no,,,,,,emerytura,
Tomb Raider II,,played,,no,,no,,,,,,,
Tomb Raider III,1998,played,,no,,no,,,,,yes,,
TOMB RAIDER IV-VI Remastered,,want_to_try,,no,,,,,,,,,
Tomb Raider: Angel of Darkness,,played,,no,,no,,,,,,,
Tomb Raider: Anniversary,2007,completed,,no,CDA,no,,,,,yes,,
Tomb Raider: Legend,2006,completed,,no,,no,,,,,yes,,
Tomb Raider: The Last Revelation,,played,,no,,no,,,,,,,
Tomb Raider: Underworld,2008,completed,,no,CDA;PS3,no,,,,,yes,,
Tomba! 2: TESR,,not_interested,skip,no,PSX,no,,,,,,,
Tony Hawk's Pro Skater 2,2000,completed,,no,PC,no,,,,,yes,,
Tony Hawk's Pro Skater 3,2001,played,,no,,,,,,,,,
Tony Hawk's Pro Skater 3 + 4,,want_to_try,,no,,,,,,,,,
Tony Hawk's Pro Skater 4,2002,played,,no,,,,,,,,,
Tony Hawk’s Pro Skater 1 + 2,2020,playing,,yes,PS4;PS5,no,,,4,,yes,regularne;multiplayer,
Tony Hawk’s Project 8,,not_interested,skip,no,,no,,,,not_needed,,,
Too Human,2008,not_interested,skip,no,,no,,,4,,,,
Tooth and Tail,2017,not_interested,skip,yes,Steam,no,,,,not_needed,,,
Top Spin 3,,not_interested,skip,no,,no,,,,not_needed,,,
TopSpin 2K25,2024,not_interested,skip,,,,,,,,,,
TORCHLIGHT,,not_interested,skip,yes,GOG;Epic,no,,,,not_needed,,,
TORCHLIGHT 2,,not_interested,skip,yes,Epic,no,,,,not_needed,,,
Torment: Tides of Numenera,2017,backlog,someday,yes,PS4,no,,,,,,emerytura,
Tormented Souls,2021,not_interested,skip,no,,no,,,,,,,
Tormentor X Punisher,,not_interested,skip,yes,Epic,no,,,,not_needed,,,
Torn,2018,not_interested,skip,no,PSVR,yes,,,5,,,vr,
Toro to MorMori*,,not_interested,skip,,PS+ Premium,,,,,,,,
TorqueL,,not_interested,skip,no,PSV;PS4,no,,,,not_needed,,,
Torus Trooper,,not_interested,skip,no,,no,,,,not_needed,,,
Total Annihilation: Commander Pack,,not_interested,skip,yes,,no,,,,not_needed,,,
Total Conflict: Resistance,,upcoming,,no,,no,,,,,,,
Total War: Attila,,not_interested,skip,no,,no,,,,not_needed,,,
TOTAL WAR: THREE KINGDOMS,,not_interested,skip,no,,no,,,,not_needed,,,
Total War: Warhammer,2016,backlog,someday,no,Epic,no,,,3,not_needed,,emerytura,
Total War: Warhammer II,,backlog,someday,no,,no,,,3,,,emerytura,
Total War: Warhammer III,,backlog,someday,no,,no,,,,,,emerytura,
Totally Accurate Battle Simulator,2019,played,,yes,Epic,no,,,,,,,
Totally Reliable Delivery Service,,not_interested,skip,yes,Epic,no,,,,not_needed,,,
Touch My Katamari,,not_interested,skip,yes,PSV,no,,,,not_needed,,,
Touhou Genso Rondo: Bullet Ballet,,not_interested,skip,,PS+ Premium,,,,,,,,
Toukiden 2,,not_interested,skip,no,PSV,no,,,,not_needed,,,
Toukiden: Kiwami,2015,not_interested,skip,no,PSV,no,,,,not_needed,,,
Tour de France 2021 (PS4/PS5),,not_interested,skip,,PS+ Premium,,,,,,,,
Tour de France 2023,2023,not_interested,skip,,,,,,,,,,
Tower Bloxx,,not_interested,skip,no,,no,,,,not_needed,,,
Tower Guns,,not_interested,skip,no,PS4;PS3,no,,,,not_needed,,,
Tower of Time,2017,not_interested,skip,yes,GOG,no,,,,not_needed,,,
Tower Wars,,not_interested,skip,yes,,no,,,,not_needed,,,
TowerFall Ascension,,not_interested,skip,yes,PS4,no,,,,not_needed,,,
Towers of Aghasba,,upcoming,,no,,no,,,,,,,
Town of Salem,,not_interested,skip,no,,no,,,,not_needed,,,
Townsmen - A Kingdom Rebuilt,,not_interested,skip,,PS+ Premium,,,,,,,,
Toy Home,,not_interested,skip,no,,no,,,,not_needed,,,
Toy Story 2: Buzz Lightyear to the Rescue!,1999,backlog,someday,no,PS+ Premium,no,,,,,,emerytura,
Toy Story 3,2010,backlog,someday,no,PS5;PS4,no,,,3,,,emerytura,
Track & Field,,not_interested,skip,no,,no,,,,not_needed,,,
Trackmania DS,,not_interested,skip,no,,no,,,,not_needed,,,
Trackmania Nations Forever,,played,,no,CDA,no,,,,,,,
Trackmania Turbo,,not_interested,skip,no,,no,,,,not_needed,,,
Trackmania: United Forever,,not_interested,skip,no,,no,,,,not_needed,,,
Trailer Park Boys: Greasy Money,,played,,no,,no,,,,,,,
Train Sim World® 2,,not_interested,skip,yes,Epic,no,,,,not_needed,,,
Trainz Classics,,not_interested,skip,no,,no,,,,not_needed,,,
Transference™ (VR),2018,backlog,high,yes,PSVR;PS+ Premium,optional,,,6,,,vr;można-olać,
Transformers,,not_interested,skip,no,,no,,,,not_needed,,,
Transformers: Devastation,2015,completed,,yes,PS4,no,,,,,yes,,
Transformers: Fall of Cyberthrone,2012,not_interested,skip,no,,no,,,,not_needed,,,
Transformers: War of Cyberthrone,2010,not_interested,skip,no,,no,,,,not_needed,,,
Transistor,2014,completed,,yes,PS4;Epic,no,,,,,yes,,
TRANSPOSE,,not_interested,skip,no,PSVR,,,,1,,,vr,
Trash Panic *,,not_interested,skip,,PS+ Premium,,,,,,,,
Trauma Center: Second Opinion,,not_interested,skip,no,,no,,,,not_needed,,,
Trauma Center: Under the Knife,,not_interested,skip,no,,no,,,,not_needed,,,
Treasure Adventure Game,,not_interested,skip,no,,no,,,,not_needed,,,
Treasures of Montezuma Blitz,,not_interested,skip,no,PS+,no,,,,not_needed,,,
Trek to Yomi,2022,completed,,no,Xbox Game Pass,no,,,,,yes,,
Trepang 2,2023,backlog,someday,no,,no,,,6,,,emerytura,
Trials Fusion,,not_interested,skip,no,,no,,,,not_needed,,,
Trials of Mana,,not_interested,skip,no,,no,,,,not_needed,,,
Trials of the Blood Dragon,,not_interested,skip,,PS+ Premium,,,,,,,,
Trials® Rising,,not_interested,skip,yes,Uplay,no,,,,not_needed,,,
Triangle Strategy,,not_interested,skip,no,,no,,,,,,,
Tribes 2,,not_interested,skip,no,,no,,,,not_needed,,,
Tribes of Midgard,,not_interested,skip,no,,no,,,,,,,
Tribes: Vengeance,,not_interested,skip,no,,no,,,,not_needed,,,
Trickster VR,,not_interested,skip,no,PSVR,,,,1,,,vr,
Tricky Towers,,not_interested,skip,no,PS3,no,,,,not_needed,,,
Trine,2009,completed,,yes,Steam,no,,,,,yes,,
Trine 2: Complete,,not_interested,skip,yes,PS4;Steam,no,,,,,,,
Trine 3: Artifacts of Power,2015,not_interested,skip,no,,no,,,,not_needed,,,
Trine 4: The Nightmare Prince,,not_interested,skip,,PS+ Premium,,,,,,,,
Trinity,,not_interested,skip,no,,no,,,,not_needed,,,
TRINITY: Souls of Zill O'll*,,not_interested,skip,,PS+ Premium,,,,,,,,
Trism,,not_interested,skip,no,,no,,,,not_needed,,,
Troll and I,,not_interested,skip,no,,no,,,,not_needed,,,
Tron,,not_interested,skip,no,,no,,,,not_needed,,,
TRON RUN/r,,not_interested,skip,,PS+ Premium,,,,,,,,
Tron: Evolution*,,not_interested,skip,,PS+ Premium,,,,,,,,
Tropico 3,,not_interested,skip,no,CDA,no,,,,not_needed,,,
Tropico 5,,not_interested,skip,yes,PS4;Epic,no,,,,,,,
Trover Saves the Universe (VR Mode),2019,backlog,high,yes,PS4;PSVR,yes,,,7,,,vr,
Troy: A Total War Saga,2020,not_interested,skip,yes,Epic,no,,,,not_needed,,,
Truck Racer,,not_interested,skip,no,PS3,no,,,,not_needed,,,
True Crime: New York City,,not_interested,skip,no,,no,,,,,,,
True Crime: Streets of LA,,not_interested,skip,no,,no,,,,,,,
Trüberbrook,2019,backlog,someday,no,,no,,,,,,emerytura,
TT Isle of Man: Ride on the Edge 2,,not_interested,skip,,PS+ Premium,,,,,,,,
Tumble VR,,not_interested,skip,no,PSVR,,,,1,,,vr,
Tunic,2022,backlog,someday,no,Xbox Game Pass,no,,,4,,,emerytura,
Turnip Boy Commits Tax Evasion,,not_interested,skip,no,Amazon Prime,no,,,,,,,
Turok,,not_interested,skip,no,,no,,,,not_needed,,,
Turok,2008,backlog,someday,no,,,,,,,,emerytura,
Turok 2: Seeds of Evil,,not_interested,skip,no,,no,,,,not_needed,,,
Turok 3: Shadow of Oblivion,,not_interested,skip,no,,no,,,,not_needed,,,
Turok: Dinosaur Hunter,,not_interested,skip,no,,no,,,,not_needed,,,
Turok: Evolution,,not_interested,skip,no,,no,,,,not_needed,,,
Turok: Rage Wars,,not_interested,skip,no,,no,,,,not_needed,,,
Twelve Minutes,2021,backlog,someday,no,,no,,,,,,emerytura,
Twilight Path,,not_interested,skip,no,PSVR,,,,1,,,vr,
Twin Mirror,2020,backlog,someday,no,,no,,,,,,emerytura,
Twisted Metal,2012,not_interested,skip,yes,,no,,,,not_needed,,,
Twisted Metal (PSX),1995,not_interested,skip,no,PS Classic,no,,,,not_needed,,,
Twisted Metal 2,,not_interested,skip,no,PSX,no,,,,,,,
TWO DOTS,,played,,yes,Android,no,,,,,,,
Two Point Campus,,backlog,someday,no,,no,,,5,,,emerytura,
Two Point Hospital,2018,not_interested,skip,yes,Amazon Prime;Xbox Game Pass,no,,,,,,,
Two Worlds,2007,completed,,yes,Muve;Steam,no,,,,,yes,,
Two Worlds II: GOTY,2010,backlog,someday,yes,Muve;Steam;PS3,no,,,,,,emerytura,
Type:Rider,2013,completed,,no,PS4;PSV,no,,,,,yes,,
Typoman,2015,not_interested,skip,no,PS4,no,,,,not_needed,,,
Tyranny,2016,backlog,someday,yes,Epic,no,,,,,,emerytura,
Tyrian 2000,,not_interested,skip,no,,no,,,,not_needed,,,
Tzar: Ciężar korony,2000,completed,,no,,,,,,,,,
UFC 2009: Undisputed,,not_interested,skip,no,,no,,,,not_needed,,,
UFC® 4,,not_interested,skip,no,PS4,no,,,,not_needed,,,
UFO: Enemy Unknown (1994),,not_interested,skip,no,,no,,,,not_needed,,,
Ultima 4: Quest of the Avatar,,not_interested,skip,no,,no,,,,not_needed,,,
Ultima I,,not_interested,skip,no,,no,,,,not_needed,,,
Ultima Online,,played,,no,,no,,,,,,,
Ultima Underworld II: Labyrinth of Worlds,,not_interested,skip,no,,no,,,,not_needed,,,
Ultima VII,,not_interested,skip,no,,no,,,,not_needed,,,
Ultima worlds of adventure 2: martian dreams,,not_interested,skip,no,GOG,no,,,,not_needed,,,
Ultima: The Savage Empire,,not_interested,skip,no,GOG,no,,,,not_needed,,,
Ultimate Epic Battle Simulator,,played,,yes,Epic,no,,,,,,,
Ultimate Ghosts ’n Goblins,,not_interested,skip,no,,no,,,,not_needed,,,
Ultimate Spider-Man,,not_interested,skip,no,,no,,,,not_needed,,,
Ultraflow,2014,played,,yes,Android,no,,,,,yes,,
Ultratron,,not_interested,skip,no,PS3;PS4;PSV,no,,,,not_needed,,,
Ultrawings,,not_interested,skip,no,PSVR,,,,1,,,vr,
Ultros,,not_interested,skip,yes,PS+,no,,,,,,,
Umbrella Corps*,,not_interested,skip,,PS+ Premium,,,,,,,,
Umurangi Generation,,not_interested,skip,no,,no,,,,,,,
Unavowed,2018,backlog,someday,no,,no,,,,,,emerytura,
Uncanny Valley,,not_interested,skip,no,PS4,no,,,,not_needed,,,
Uncharted 2: Among Thieves,2009,completed,,yes,PS3;PS4,no,,,,,yes,,
Uncharted 3: Oszustwo Drake'a,2011,completed,,yes,PS3;PS4,no,,,,done,yes,,
Uncharted 4: A Thief's End,2016,completed,,yes,PS4,no,,,6,,yes,wrócić,
Uncharted: Drakes Fortune,2007,completed,,yes,PS3;PS4,no,,,,,yes,,
Uncharted: The Lost Legacy,2017,completed,,yes,PS4,no,,,6,,yes,wrócić,
Uncharted: Złota Otchłań,2012,completed,,yes,PSV,no,4,,,,yes,,
Undecember,,not_interested,skip,no,,,,,,,,nie-pali-się;można-olać,
Undefeated,2019,backlog,someday,,,,,,,,,emerytura;chcę-zagrać,
Under Night In-Birth Exe:Late,,played,,no,PS3,no,,,,,,,
Under the waves,,backlog,someday,no,,no,,,,,,emerytura;chcę-zagrać,
Undercover: Operation Wintersun,,not_interested,skip,no,CDA,no,,,,not_needed,,,
Underhand,,not_interested,skip,no,Android,no,,,,not_needed,,,
Undertale,2015,played,,no,,no,,,,,yes,,
Underworld Ascendant,,not_interested,skip,no,,no,,,,not_needed,,,
Undisputed,,want_to_try,,yes,PS+,,,,,,,,
Unearthing Mars,,not_interested,skip,no,PSVR,,,,1,,,vr,
Unearthing Mars 2,,not_interested,skip,no,PSVR,,,,1,,,vr,
Unfinished Swan,2012,completed,,yes,PS4;PS3;PSV,no,,,,,yes,,
Unicorn Overlord,2024,not_interested,skip,,,,,,,,,,
Uniracers,,not_interested,skip,no,,no,,,,not_needed,,,
Unit 13,,not_interested,skip,yes,PSV,no,,,,not_needed,,,
UNIVERSAL PAPERCLIPS,,not_interested,skip,no,,no,,,,not_needed,,,
Unknown 9 Awakening,,not_interested,skip,no,,no,,,,,,,
Unknown 9: Awakening,,want_to_try,,no,,,,,,,,,
UNMECHANICAL: EXTENDED EDITION,,not_interested,skip,no,PS3;PS4,no,,,,not_needed,,,
unMetal,2021,not_interested,skip,no,,no,,,,,,,
Uno,,not_interested,skip,no,,no,,,,not_needed,,,
Unpacking,2021,backlog,someday,no,Xbox Game Pass,no,,,,,,emerytura,
Unrailed!,,not_interested,skip,no,Epic,no,,,,,,,
Unravel,2016,backlog,someday,yes,PS4,no,,,,not_needed,,emerytura,
Unravel 2,2018,completed,,yes,,no,,,,,yes,,Local coop
Unreal Tournament,1999,not_interested,skip,no,,,,,,,,,
Unreal Tournament 2004,,played,,no,,no,,,,,,,
Unreal Tournament 3,,played,,no,,no,,,,,,,
Unsighted,,not_interested,skip,no,,no,,,2,,,,
Unsolicited,2015,played,,no,,no,,,,,yes,,
Until Dawn,2015,completed,,yes,PS4,no,,,,todo,yes,,
Until Dawn (2024) Remake,,not_interested,skip,,,,,,,,,,
Until Dawn: Rush of Blood,2016,backlog,high,yes,PSVR,required,,,7,,,vr,
Until You Fall,2019,played,,yes,PSVR,yes,,,4,,,,
Untitled Goose Game,2019,backlog,someday,no,,no,,,,,,emerytura,
Unto the End,,not_interested,skip,no,,no,,,,not_needed,,,
Unturned,,not_interested,skip,,PS+ Premium,,,,,,,,
Uplink,,not_interested,skip,no,,no,,,,not_needed,,,
Urban Chaos,,not_interested,skip,no,PSX,no,,,,,,,
Urban Trial Freestyle,,played,,no,PSV,no,,,,,,,
Urban Trial Freestyle,,not_interested,skip,,PS+ Premium,,,,,,,,
Uru: Ages Beyond Myst,,not_interested,skip,no,,no,,,,not_needed,,,
Utopia,,not_interested,skip,no,,no,,,,not_needed,,,
V Rising,2022,backlog,someday,no,,no,,,,,,emerytura,
Vacation Simulator,2019,limbo,,no,PSVR;PSVR2,yes,,,6,,,vr;brak-sprzętu,
Vader Immortal: A Star Wars VR Series,2019,completed,,yes,PSVR,yes,,2023,,,,,
Vagrant Story,2000,backlog,someday,yes,PSX;PSV,no,,,4,,,emerytura,
Valheim,2021,played,,no,,no,,,,,,,
Valiant Hearts: Coming Home,,backlog,someday,no,,no,,,,,,emerytura,
Valiant Hearts: The Great War,2014,completed,,yes,,no,,,,,yes,,
Valkyria Chronicles,2008,backlog,someday,yes,PC;PS4,no,,,,,,emerytura,
Valkyria Chronicles 4,2018,backlog,someday,no,,no,,,,,,emerytura,
Valkyria Chronicles II,,not_interested,skip,no,PSV,no,,,,not_needed,,,
Valkyria Chronicles III,,not_interested,skip,no,PSV,no,,,,not_needed,,,
Valkyrie Elysium,2022,backlog,someday,no,,no,,,,not_needed,,emerytura,
Valkyrie Profile,,not_interested,skip,no,PSX,no,,,,,,,
Valley,2016,completed,,yes,PS4,no,,,,,yes,,
Valorant,2020,played,normal,yes,,no,,,,,,,
Vampire Survivors,2021,completed,,no,,no,,,,,,,
Vampire The Masquarade - Bloodlines,2004,completed,,no,PC,no,,,,,yes,,
Vampire The Masquarade - Bloodlines 2,,limbo,,no,,no,,,,,,,
Vampire The Masquarade - Redemption,2000,not_interested,skip,no,,no,,,,not_needed,,,
Vampire The Masquarade - Swansong,2022,backlog,someday,no,,no,,,3,,,emerytura,
Vampire: The Masquerade - Bloodhunt,2022,played,,no,,no,,,,,,,
Vampire: The Masquerade - Justice,,limbo,,no,,,,,,,,vr;brak-sprzętu,
Vampyr,2018,completed,,yes,PS4;Epic,no,,,,,yes,,
Vandal Hearts,,not_interested,skip,no,PSX,no,,,,,,,
Vane,2019,not_interested,skip,no,,no,,,,,,,
Vanguard Bandits,,not_interested,skip,no,PSX,no,,,,,,,
Vanquish,2010,completed,,yes,PS3,no,,,,,yes,,
Vaporum: Steampunk Dungeon Crawler,,not_interested,skip,no,,no,,,,not_needed,,,
Vectorman 2,,not_interested,skip,no,,no,,,,not_needed,,,
Velocibox,,not_interested,skip,,PS+ Premium,,,,,,,,
Velocity 2X,,played,,no,PSV,no,,,,,,,
VelocityUltra,,not_interested,skip,,PS+ Premium,,,,,,,,
Velvet Assassin,,not_interested,skip,no,Play,no,,,,not_needed,,,
Vengeful Guardian: Moonride,,want_to_try,,no,,,,,,,,,
Venture,,not_interested,skip,no,,no,,,,not_needed,,,
Verdun,,played,,yes,Epic,no,,,,,,,
Vessel,,not_interested,skip,yes,PS3,no,,,,,,,
Vib-Ribbon,,not_interested,skip,no,,no,,,,not_needed,,,
Victor Vran,,not_interested,skip,no,,no,,,,not_needed,,,
Victor Vran Overkill Edition,,not_interested,skip,,PS+ Premium,,,,,,,,
Victoria II,,not_interested,skip,no,,no,,,,not_needed,,,
Viewfinder,2023,backlog,someday,no,,no,,,7,,,emerytura,
Viewtiful Joe,,not_interested,skip,no,,no,,,,not_needed,,,
Vigilante 8,,not_interested,skip,no,PSX,no,,,,,,,
Vigilante 8: 2nd Offence,,not_interested,skip,no,PSX,no,,,,,,,
Vigor,,not_interested,skip,no,,no,,,,not_needed,,,
Viking Battle for Asgard,,not_interested,skip,yes,,no,,,,not_needed,,,
Vikings - Wolves of Midgard,,not_interested,skip,,PS+ Premium,,,,,,,,
Vindictus,2010,played,,no,,,,,,,,,
Virginia,2016,completed,,yes,PS4,no,,,,todo,yes,,
Virtua Cop 2,,not_interested,skip,no,,no,,,,not_needed,,,
Virtua Fighter,,played,,no,,no,,,,,,,
Virtua Fighter 5,,played,,yes,Play,no,,,,,,,
Virtua Fighter 5 Ultimate Showdown,,played,,yes,PS4,no,,,,,,,
Virtua Racing,,played,,no,,no,,,,,,,
Virtua Tennis 3,,played,,no,,no,,,,,,,
Virtua Tennis 4,,played,,no,,no,,,,,,,
Virtual Virtual Reality,,not_interested,skip,no,PSVR,,,,1,,,vr,
Visions of Mana,,want_to_try,,no,,,,,,,,,
Visions of mana,,not_interested,skip,no,,no,,,,,,,
Viva Piñata,,not_interested,skip,no,,no,,,,not_needed,,,
Vivisector: Dusza Bestii,,not_interested,skip,no,Muve,no,,,,not_needed,,,
Void Bastards,2019,backlog,someday,yes,Epic,no,,,,,,emerytura,
Volume,2016,not_interested,skip,yes,Steam,no,,,,not_needed,,,
Voodoo Chronicles: The First Sign*,,not_interested,skip,,PS+ Premium,,,,,,,,
VR Invaders,,not_interested,skip,no,PSVR,,,,1,,,vr,
VVVVVV,,not_interested,skip,yes,Steam;PSV,no,,,,not_needed,,,
Wacki,1998,completed,,yes,PC,no,,,,,yes,,
Wake-up Club,,played,,no,,no,,,,,,,
Wakeboarding HD*,,not_interested,skip,,PS+ Premium,,,,,,,,
Waking,,not_interested,skip,no,,no,,,,not_needed,,,
Walking Dead: 400 days,2013,backlog,someday,no,,no,,,,,,emerytura,
Wallace & Gromit,,not_interested,skip,no,,no,,,,not_needed,,,
Wallace & Gromit: Fright of the Bumblebees,,not_interested,skip,yes,Amazon,no,,,,not_needed,,,
Wallace & Gromit: Muzzled!,,not_interested,skip,yes,Amazon,no,,,,not_needed,,,
Wallace & Gromit: The Bogey Man,,not_interested,skip,yes,Amazon,no,,,,not_needed,,,
Wallace & Gromit: The Last Resort,,not_interested,skip,yes,Amazon,no,,,,not_needed,,,
Waltz of the Wizard,,not_interested,skip,no,PSVR,,,,1,,,vr,
Wanderer,,completed,,yes,PSVR,required,,2023,,,,,
Wands VR,,not_interested,skip,no,PSVR,,,,1,,,vr,
Wanted Corp.,,not_interested,skip,no,,no,,,,not_needed,,,
Wanted: Dead,,not_interested,skip,no,,no,,,,,,,
War Mongrels,2021,backlog,someday,no,,no,,,,,,emerytura,
War of the Monsters,,not_interested,skip,,PS+ Premium,,,,,,,,
War Thunder,2013,played,,no,,,,,,,,,
Warcraft 2: Dark Saga,,not_interested,skip,no,PSX,no,,,,,,,
Warcraft Adventures: Lord of the Clans,1998,played,,no,,no,,,,,,,
Warcraft II: Tides of Darkness,,played,high,no,,no,,,,,,,
Warcraft III: Reign of Chaos (+ The Frozen Throne ),2002,completed,,yes,PC;Battle.net,no,,,,,,,
Warcraft: Orcs & Humans,,played,high,no,,no,,,,,,,
Warframe,,played,,yes,PS4,no,,,,,,,
Wargame: European Escalation,2012,played,,yes,Steam,no,,,,done,yes,,
Wargame: Red Dragon,,not_interested,skip,yes,Epic,no,,,,not_needed,,,
"Warhammer 40,000: Boltgun",,want_to_try,,no,,,,,,,,,
"Warhammer 40,000: Chaos Gate - Daemonhunters",2022,backlog,someday,no,,no,,,6,,,emerytura,
"Warhammer 40,000: Darktide",,backlog,someday,no,,no,,,,,,emerytura,
"Warhammer 40,000: Darktide",2022,backlog,someday,no,,no,,,,not_needed,,emerytura,
"Warhammer 40,000: Gladius — Relics of War",2018,not_interested,skip,yes,Epic,no,,,,,,,
"Warhammer 40,000: Inquisitor - Martyr",,not_interested,skip,,PS+ Premium,,,,,,,,
"Warhammer 40,000: Rogue Trade",,want_to_try,,no,,,,,,,,,
"Warhammer 40,000: Space Marine II",2024,playing,,no,PS5,no,,,,,,,
Warhammer 40.000: Dawn of War GOTY,2004,backlog,someday,no,Steam,no,,,3,not_needed,,emerytura,
Warhammer 40.000: Dawn of War II,2009,backlog,someday,no,Steam,no,,,3,not_needed,,emerytura,
Warhammer 40000: Space Marine,2011,completed,,yes,PS+;Steam,no,,,,,yes,,
Warhammer 40K: Eternal Crusade,,not_interested,skip,no,,no,,,,not_needed,,,
Warhammer : Chaosbane,2019,not_interested,skip,,,,,,,,,,
Warhammer Online,2008,played,,no,PC,no,,,,,,,
Warhammer: Chaosbane (PS4/PS5),,not_interested,skip,,PS+ Premium,,,,,,,,
Warhammer: End Times - Vermintide,2015,played,,yes,PS4,no,,,,todo,,,
Warhammer: Vermintide 2,,not_interested,skip,no,,no,,,,not_needed,,,
Warhawk,,played,,no,,no,,,,,,,
Wario World,,not_interested,skip,no,,no,,,,not_needed,,,
"WarioWare, Inc.: Mega MicroGames!",,not_interested,skip,no,,no,,,,not_needed,,,
WarioWare: Twisted!,,not_interested,skip,no,,no,,,,not_needed,,,
Warlords,,not_interested,skip,no,,no,,,,not_needed,,,
WARRIORS ALL-STARS,,not_interested,skip,,PS+ Premium,,,,,,,,
WARRIORS OROCHI 3*,,not_interested,skip,,PS+ Premium,,,,,,,,
Warriors: Legends of Troy*,,not_interested,skip,,PS+ Premium,,,,,,,,
Warsow,,not_interested,skip,no,,no,,,,not_needed,,,
Wartales,,backlog,someday,no,,no,,,,,,emerytura,
WarTales,2021,not_interested,skip,no,,no,,,,,,,
WarZone 2100,,not_interested,skip,no,PSX,no,,,,,,,
Wasteland 1: The Original Classic,,not_interested,skip,no,,no,,,,not_needed,,,
Wasteland 2 Director's Cut Digital Classic Edition,,not_interested,skip,yes,GOG,no,,,,not_needed,,,
WASTELAND 3,,not_interested,skip,no,,no,,,,not_needed,,,
Wasteland Remastered,,not_interested,skip,no,,no,,,,not_needed,,,
Watch Dogs (+ DLC Bad Blood),2014,completed,,yes,PS4;Uplay;Epic,no,4,,7,done,yes,dodatki-do-ogrania,
Watch Dogs 2,2016,completed,,yes,PS4;Epic,no,,,,todo,yes,,
Watch Dogs: Legion (+ DLC),2020,completed,,yes,PS4;PS5,no,4,,7,done,yes,dodatki-do-ogrania,
Wave Race 64,,not_interested,skip,no,,no,,,,not_needed,,,
Way of the Samurai 3 Plus*,,not_interested,skip,,PS+ Premium,,,,,,,,
WAY OF THE SAMURAI 4 PlUS*,,not_interested,skip,,PS+ Premium,,,,,,,,
Way to the woods,,upcoming,,no,,no,,,,,,,
Wayward Sky,,not_interested,skip,no,PSVR,,,,1,,,vr,
WE ARE DOOMED,,not_interested,skip,no,PSV;PS4,no,,,,not_needed,,,
We Happy Few,2016,completed,,yes,,no,,,,,yes,,
We Happy Few: Uncle Jack Live VR,,completed,,yes,PSVR,required,,2023,,,,,
We Love Katamari,,not_interested,skip,no,,no,,,,not_needed,,,
We. The Revolution,2019,completed,,yes,PS4,no,,,,,yes,,
Weird West,2022,backlog,someday,no,Xbox Game Pass,no,,,,not_needed,,emerytura,
Weird Worlds: Return to Infinite Space,,not_interested,skip,yes,,no,,,,not_needed,,,
Werewolf: The Apocalypse - Earthblood (PS4/PS5),,not_interested,skip,,PS+ Premium,,,,,,,,
Werewolves Within,,played,,yes,PSVR,,,,,,,,
Werewolves Within,,not_interested,skip,,PS+ Premium,,,,,,,,
West of Death,,not_interested,skip,no,,no,,,,not_needed,,,
West of Loathing,2017,backlog,someday,yes,,no,,,,not_needed,yes,emerytura,
Westerado (flash),2012,backlog,someday,no,Flash;web,no,,,,,yes,emerytura,
WET,2009,completed,,no,PS3,no,,,,done,yes,,
Wetrix,,not_interested,skip,no,,no,,,,not_needed,,,
What lies in the multiverse,,not_interested,skip,no,,no,,,,,,,
What Remains of Edith Finch,2017,completed,,yes,PS4,no,,,,,yes,,
Wheelman,,not_interested,skip,no,,no,,,,not_needed,,,
Wheels of Aurelia,2016,completed,,yes,Epic,no,,,,,yes,,
Wheels of Destruction,,not_interested,skip,no,,no,,,,not_needed,,,
When Vikings Attack!,,not_interested,skip,no,,no,,,,not_needed,,,
Where the Water Tastes Like Wine,,not_interested,skip,no,,no,,,,not_needed,,,
Where Winds Meet,,playing,,yes,PS5,no,,,,,,,
while True: learn(),2022,not_interested,skip,yes,Epic,no,,,,,,,
Whiskey & Zombies: Great Southern Zombie Escape,,not_interested,skip,yes,Amazon,no,,,,not_needed,,,
Whispering Willows,,not_interested,skip,,PS+ Premium,,,,,,,,
White Knight Chronicles II*,,not_interested,skip,,PS+ Premium,,,,,,,,
White Knight Chronicles*,,not_interested,skip,,PS+ Premium,,,,,,,,
White Shadows,,not_interested,skip,no,,no,,,,,,,
Wicca,,upcoming,,no,,no,,,,,,,
Wicked Lair,,not_interested,skip,no,Android,no,,,,not_needed,,,
Wiedza to potęga,2017,completed,,yes,PS4,no,,,,,yes,,
Wiedźmin 2: Zabójcy Królów,2011,completed,,yes,Steam;GOG;PC,no,,,,done,yes,,
Wiedźmin 3: Dziki Gon GOTY,2015,completed,,yes,PS4,no,,2015,9,done,yes,wrócić,
Wiedźmin: Edycja Rozszerzona,2007,completed,,yes,Steam;GOG;PC,no,,,,,yes,,
Wiedźmińskie opowieści: Wojna Krwi,2018,completed,,no,PC,no,,,,,yes,,
Wii Fit,,not_interested,skip,no,,no,,,,not_needed,,,
Wii Sports,,not_interested,skip,no,,no,,,,not_needed,,,
Wii Sports Resort,,not_interested,skip,no,,no,,,,not_needed,,,
Wild Arms,,not_interested,skip,no,PSX,no,,,,,,,
Wild Arms (PS1/PS4/PS5),1996,not_interested,skip,no,PS Classic,no,,,,not_needed,,,
Wild Arms 3,,not_interested,skip,,PS+ Premium,,,,,,,,
Wild Guns Reloaded,,not_interested,skip,,PS+ Premium,,,,,,,,
Wild Hearts,2023,backlog,someday,no,,no,,,3,not_needed,,emerytura,
Wildcat Gun Machine,,not_interested,skip,no,Epic,no,,,,,,,
Wildermyth,2019,not_interested,skip,no,,no,,,,,,,
WildStar,,played,,no,,no,,,,,,,
Wilmot's Warehouse,,not_interested,skip,yes,Epic,no,,,,not_needed,,,
Wilson's Heart,,not_interested,skip,no,PSVR,,,,1,,,vr,
Windbound,2020,not_interested,skip,yes,Epic,no,,,,not_needed,,,
Windlands,2016,backlog,,no,PSVR,yes,,,5,,,vr;fabuła,
Windlands 2,2018,backlog,,no,PSVR,yes,,,5,,,vr;fabuła,
Winds and Leaves,2021,backlog,someday,no,PSVR,yes,,,5,,,emerytura,
Wing Commander IV: The Price of Freedom,,not_interested,skip,no,,no,,,,not_needed,,,
Wing_Commander I,,not_interested,skip,no,,no,,,,not_needed,,,
Winter Ember,2022,backlog,someday,no,,no,,,,not_needed,,emerytura,
Wipeout,,not_interested,skip,no,,no,,,,not_needed,,,
Wipeout 2048,2012,played,,yes,PSV,no,,,,,,,
Wipeout 2097,,not_interested,skip,no,,no,,,,not_needed,,,
WipEout HD,,played,,yes,PSS,no,,,,,,,
WIPEOUT OMEGA COLLECTION (VR),2017,played,,yes,PS4;PSVR,optional,,,,,,,
Wipeout Pulse,,not_interested,skip,no,,no,,,,not_needed,,,
WipEout™ Omega Collection,2017,not_interested,skip,no,PS4,no,,,,not_needed,,,
Witchfire,,backlog,someday,no,,no,,,,,,emerytura,
Witching Tower VR,2019,backlog,,no,PSVR,yes,,,6,,,vr;fabuła,
Wizardry: Labyrinth of Lost Souls*,,not_interested,skip,,PS+ Premium,,,,,,,,
Wizball,,not_interested,skip,no,,no,,,,not_needed,,,
Wo Long: Fallen Dynasty,2023,backlog,someday,no,Xbox Game Pass,no,,,7,,,emerytura;nie-pali-się,
Woah Dave!,,not_interested,skip,no,PSV,no,,,,not_needed,,,
Wolfenstein,2009,limbo,,no,PC,yes,,,,,,,
Wolfenstein 3D,1992,played,,no,,no,,,,not_needed,yes,,
Wolfenstein Cyberpilot,,completed,,yes,PSVR,required,,2023,,,,,
Wolfenstein II: The New Colossus,2017,completed,,no,,no,,,,,yes,,
Wolfenstein: Enemy Territory,,played,,no,Steam,no,,,,,,,
Wolfenstein: The New Order,2013,completed,,yes,PC,no,,,,,yes,,
Wolfenstein: The Old Blood,2015,completed,,yes,PS4,no,,,,,yes,,
Wolfenstein: Youngblood,2019,completed,,yes,PS4,no,,,,,yes,,
Wonder Boy: The Dragons Trap,,not_interested,skip,yes,Epic,no,,,,,,,
Wonderboy III: The Dragon’s Trap,,not_interested,skip,no,,no,,,,not_needed,,,
Wooden Nickel (demo),,played,,no,,no,,,,,,,
World Games,,not_interested,skip,no,,no,,,,not_needed,,,
World in Conflict,,not_interested,skip,no,,no,,,,not_needed,,,
World of Final Fantasy,,not_interested,skip,,PS+ Premium,,,,,,,,
World of Goo,,not_interested,skip,no,Epic,no,,,,,,,
WORLD OF HORROR,2019,completed,,no,Xbox Game Pass,no,,,,,yes,,
World of Tanks,,played,,no,PC;PS4,no,,,,,,,
World of Warcraft,2004,completed,,yes,Battle.net,no,,2024,,,yes,wrócić,
World War 3,,not_interested,skip,no,,no,,,,not_needed,,,
World War Z,,not_interested,skip,yes,Epic,no,,,,not_needed,,,
World War Z: Aftermath,,not_interested,skip,yes,Epic,no,,,,not_needed,,,
Worlds Adrift,,not_interested,skip,no,,no,,,,not_needed,,,
Worms,,not_interested,skip,no,,no,,,,not_needed,,,
Worms 2,1997,played,,no,,,,,,,,,
Worms 2 Armageddon,2009,completed,,no,,no,,,,,yes,,
Worms 3D,2003,played,,no,,,,,,,,,
Worms Battlegrounds,,played,,no,PS4,no,,,,,,,
Worms Pinball (PS1 Emulation),1998,not_interested,skip,,,,,,,,,można-olać,
Worms Revolution,2012,played,,no,,,,,,,,,
Worms Rumble,,played,,no,PS4;PS5,no,,,,,,,
Worms Ultimate Mayhem,,not_interested,skip,no,,no,,,,not_needed,,,
Worms World Party,2001,completed,,no,,no,,,,,yes,,
Wraith: The Oblivion,,not_interested,skip,no,PSVR,,,,1,,,vr,
WRC 10 FIA World Rally Championship,,not_interested,skip,,PS+ Premium,,,,,,,,
WRC 2,,not_interested,skip,no,CDA,no,,,,not_needed,,,
WRC 5 FIA,,not_interested,skip,no,,no,,,,not_needed,,,
WRC 7,,not_interested,skip,yes,Amazon Prime,no,,,,not_needed,,,
WRC 8 FIA World Rally Championship,,not_interested,skip,no,Amazon Prime,no,,,,,,,
WRC: FIA World Rally Championship,,not_interested,skip,no,,no,,,,not_needed,,,
Wreckfest,,not_interested,skip,yes,PS5,no,,,,not_needed,,,
Wuchang: Fallen Feathers,,want_to_try,,no,,,,,,,,,
Wuchang: Fallen Feathers,,limbo,,no,,no,,,,,,,
WWE 2K Battlegrounds,,not_interested,skip,yes,PS4,no,,,,not_needed,,,
WWE Smackdown vs Raw 2010,,not_interested,skip,no,,no,,,,not_needed,,,
Wytchwood (PS4/PS5),,not_interested,skip,,PS+ Premium,,,,,,,,
Władca Pierścieni: Drużyna Pierścienia,2002,played,,no,,,,,,,,,
Włóczykij: Melodia Doliny Muminków,,not_interested,skip,no,,no,,,,,,,
X-COM: Apocalypse,,not_interested,skip,no,,no,,,,not_needed,,,
X-COM: UFO Defense,,not_interested,skip,no,,no,,,,not_needed,,,
X-Men Origins: Wolverine,2009,completed,,no,PS3,no,,,,,yes,,
X3: Reunion,,not_interested,skip,no,,no,,,,not_needed,,,
XBLAZE Code:Embryo*,,not_interested,skip,,PS+ Premium,,,,,,,,
XBlaze Lost: Memories,,not_interested,skip,no,,no,,,,not_needed,,,
XCOM 2,2016,not_interested,skip,yes,Epic,no,,,4,,,,
XCOM: Enemy Unknown,2012,not_interested,skip,yes,Steam;PS3,no,,,4,,,,
xDefiant,2024,completed,normal,yes,,no,3,,,,,,
Xenoblade Chronicles,2010,backlog,someday,no,Wii U,no,,,,,,emerytura,
Xenoblade Chronicles 2,2017,backlog,someday,no,,no,,,,,,emerytura,
Xenoblade Chronicles 3,,backlog,someday,no,,no,,,,,,emerytura,
Xenoblade Chronicles X,2015,backlog,someday,no,Wii U,no,,,,,,emerytura,
Xenogears,1998,not_interested,skip,no,,no,,,,not_needed,,,
Xeodrifter,,not_interested,skip,no,,no,,,,not_needed,,,
Xevious,,not_interested,skip,no,,no,,,,not_needed,,,
XIII,2003,not_interested,skip,yes,CDA;GOG,no,,,,not_needed,,,
Xing: The Land Beyond,2017,not_interested,skip,no,PSVR,yes,,,5,,,vr,
Xybots,,not_interested,skip,no,,no,,,,not_needed,,,
Yaga,2019,not_interested,skip,no,,no,,,,not_needed,,,
Yaiba: Ninja Gaiden Z*,,not_interested,skip,,PS+ Premium,,,,,,,,
Yakuza 0,2015,backlog,someday,no,,no,,,,,,emerytura,
Yakuza 1,,not_interested,skip,no,,no,,,,not_needed,,,
Yakuza 2,2006,not_interested,skip,no,,no,,,,not_needed,,,
Yakuza 3,2009,backlog,someday,no,,no,,,,,,emerytura,
Yakuza 4,2010,backlog,someday,yes,PS3,no,,,,,,emerytura,
Yakuza 5,2012,backlog,someday,no,,no,,,,,,emerytura,
Yakuza 6,2016,backlog,someday,no,,no,,,,,,emerytura,
Yakuza Kiwami,2016,limbo,,yes,PS4,no,,,6,,,,
Yakuza Kiwami 2,2017,backlog,someday,no,PS+ Premium,no,,,,todo,,emerytura,
Yakuza: Like a Dragon,2020,backlog,someday,yes,PS4;PS5,no,,,,,,emerytura,
Year Walk,2013,not_interested,skip,no,,no,,,,not_needed,,,
Yet Another Zombie Defense,,not_interested,skip,,PS+ Premium,,,,,,,,
Yie Ar Kung-Fu,,not_interested,skip,no,,no,,,,not_needed,,,
Yoku's Island Express,,not_interested,skip,yes,,no,,,,not_needed,,,
Yooka-Laylee,,not_interested,skip,yes,Epic,no,,,,not_needed,,,
Yooka-Laylee i Niemożliwe Legowisko,,not_interested,skip,yes,Epic,no,,,,not_needed,,,
Yoshi: Touch & Go,,not_interested,skip,no,,no,,,,not_needed,,,
Yoshi’s Island,,not_interested,skip,no,,no,,,,not_needed,,,
YOU ARE BEING FOLLOWED,,completed,,yes,PSVR,required,,2023,,,,,
You Are Empty,,not_interested,skip,no,Muve,no,,,,not_needed,,,
"You, Me & the Cubes",,not_interested,skip,no,,no,,,,not_needed,,,
Youtubers Life,,not_interested,skip,yes,Amazon,no,,,,not_needed,,,
Ys IX: Monstrum Nox,,not_interested,skip,,PS+ Premium,,,,,,,,
Ys VIII: Lacrimosa of DANA,,not_interested,skip,,PS+ Premium,,,,,,,,
Yu-Gi-Oh! Duel Generation,,played,,no,,no,,,,,,,
Yu-Gi-Oh! Legacy of the Duelist,,not_interested,skip,no,,no,,,,not_needed,,,
Yu-Gi-Oh! Master Duel,2022,played,,yes,PS4;PS5;Steam,no,,,,todo,,,
Yu-Gi-Oh! Power of Chaos,2003,completed,,no,,no,,,,,yes,,
Yuki,,not_interested,skip,no,PSVR,,,,1,,,vr,
Yupitergrad,2020,completed,,yes,PSVR,yes,,,7,,,,
Z/X,,not_interested,skip,,PS+ Premium,,,,,,,,
Zack & Wiki: Quest for Barbaros’ Treasure,,not_interested,skip,no,,no,,,,not_needed,,,
Zack Zero*,,not_interested,skip,,PS+ Premium,,,,,,,,
Zaga-33,,not_interested,skip,no,,no,,,,not_needed,,,
Zak McKracken and the Alien Mindbenders,,not_interested,skip,no,,no,,,,not_needed,,,
ZAX,,not_interested,skip,no,PC,no,,,,not_needed,,,
Zen Bound,,not_interested,skip,no,,no,,,,not_needed,,,
Zen Bound 2,,not_interested,skip,no,Steam,no,,,,,,,
Zen Pinball 2,,not_interested,skip,,PS+ Premium,,,,,,,,
Zenith,,not_interested,skip,no,,no,,,,not_needed,,,
Zenless zone zero,,not_interested,skip,no,,no,,,,,,,
Zeno Clash,,not_interested,skip,yes,Steam,no,,,,not_needed,,,
ZENZIZENZIC,,not_interested,skip,no,,no,,,,not_needed,,,
"Zero Escape: Nine Hours, Nine Persons, Nine Doors",,not_interested,skip,no,PSV,no,,,,not_needed,,,
Zero Escape: Virtue's Last Reward,2012,not_interested,skip,yes,PSV,no,,,,not_needed,,,
Zero Escape: Zero Time Dilemma,2016,not_interested,skip,no,PSV,no,,,,not_needed,,,
Zeus: Pan Olimpu,2000,played,,no,,,,,,,,,
Ziggurat,,not_interested,skip,no,,no,,,,not_needed,,,
Zombi,2015,not_interested,skip,yes,PS4,no,,,,not_needed,,,
Zombie Army 4: Dead War,2020,not_interested,skip,yes,PS4,no,,,,not_needed,,,
Zombie Army Trilogy,,not_interested,skip,no,,no,,,,not_needed,,,
Zombie Driver,,not_interested,skip,no,,no,,,,not_needed,,,
Zombie Tycoon II: Brainhov's Revenge,,not_interested,skip,,PS+ Premium,,,,,,,,
Zombies Ate My Neighbors,,not_interested,skip,no,,no,,,,not_needed,,,
Zone of the Enders HD,2001,completed,,yes,PS3,no,,,,,yes,,
ZONE OF THE ENDERS THE 2nd RUNNER : M∀RS [VR Mode],2018,backlog,high,yes,PS4;PSVR,optional,,,7,,,vr,
Zoneless Zone Zero,,not_interested,skip,no,,,,,,,,nie-pali-się;można-olać,
Zoo Keeper,,not_interested,skip,no,,no,,,,not_needed,,,
Zoo Tycoon,,played,,no,,no,,,,,,,
Zoo Tycoon: Ultimate Animal Collection,,played,,no,,no,,,,,,,
Zork I,,not_interested,skip,no,,no,,,,not_needed,,,
Zuma,,not_interested,skip,no,,no,,,,not_needed,,,
Śródziemie: Cień Wojny,2017,completed,,yes,PS4,no,,,,,yes,,
