title,source,source_id,source_slug,source_name,released,genres,metacritic,playtime,cover,score,checked
.detuned,igdb,239317,detuned,Detuned,2023-06-15,Adventure;Indie,,,https://images.igdb.com/igdb/image/upload/t_cover_big/co7csd.jpg,1.00,2026-07-26
10 Classic SEGA Genesis Games,,,,,,,,,,0.00,2026-07-26
10 Second Ninja X,igdb,18686,10-second-ninja-x,10 Second Ninja X,2016-07-19,Fighting;Platform;Puzzle;Indie;Arcade,77,,https://images.igdb.com/igdb/image/upload/t_cover_big/co1o34.jpg,1.00,2026-07-26
1000x resist,,,,,,,,,,0.00,2026-07-26
1080° Snowboarding,igdb,3328,1080-snowboarding,1080° Snowboarding,1998-02-28,Racing;Sport,70,,https://images.igdb.com/igdb/image/upload/t_cover_big/co2f8m.jpg,1.00,2026-07-26
11-11 Memories Retold,igdb,103249,11-11-memories-retold,11-11: Memories Retold,2018-11-08,Adventure,74,,https://images.igdb.com/igdb/image/upload/t_cover_big/co28r9.jpg,1.00,2026-07-26
18 Floors,igdb,104939,18-floors,18 Floors,2018-07-03,Puzzle;Adventure;Indie,60,,https://images.igdb.com/igdb/image/upload/t_cover_big/co1lzk.jpg,1.00,2026-07-26
18 Wheels of Steel: Convoy,igdb,31696,18-wheels-of-steel-convoy,18 Wheels of Steel: Convoy,2005-09-01,Racing;Real Time Strategy (RTS);Simulator,,,https://images.igdb.com/igdb/image/upload/t_cover_big/co77nd.jpg,1.00,2026-07-26
1943,,,,Battlefield 1943,,,,,,0.40,2026-07-26
198X,igdb,100562,198x,198X,2019-06-20,Shooter;Racing;Role-playing (RPG);Hack and slash/Beat 'em up;Adventure;Indie;Arcade,70,,https://images.igdb.com/igdb/image/upload/t_cover_big/co1m2h.jpg,1.00,2026-07-26
2064: Read Only Memories,igdb,13171,2064-read-only-memories,2064: Read Only Memories,2014-07-13,Point-and-click;Role-playing (RPG);Adventure;Indie;Visual Novel,83,,https://images.igdb.com/igdb/image/upload/t_cover_big/co3wwn.jpg,1.00,2026-07-26
2084,igdb,113154,2084,2084,2018-12-13,Shooter;Indie,,,https://images.igdb.com/igdb/image/upload/t_cover_big/co54i9.jpg,1.00,2026-07-26
20XX,igdb,17828,20xx,20XX,2017-08-16,Shooter;Platform;Adventure;Indie;Arcade,75,,https://images.igdb.com/igdb/image/upload/t_cover_big/co22jc.jpg,1.00,2026-07-26
2Dark,igdb,26847,2dark,2Dark,2017-03-10,Adventure;Indie,59,,https://images.igdb.com/igdb/image/upload/t_cover_big/co22je.jpg,1.00,2026-07-26
2Xtreme,igdb,45105,2xtreme,2Xtreme,1996-10-31,Racing;Sport,,,https://images.igdb.com/igdb/image/upload/t_cover_big/coaapw.jpg,1.00,2026-07-26
3 Out of 10,,,,"3 out of 10: EP 5 - ""The Rig Is Up!""",,,,,,0.62,2026-07-26
3 out of 10: Season Two,igdb,145349,3-out-of-10-season-two,3 out of 10: Season Two,2021-04-08,Adventure,,,https://images.igdb.com/igdb/image/upload/t_cover_big/co2xk7.jpg,1.00,2026-07-26
300: March to Glory,igdb,23086,300-march-to-glory,300: March to Glory,2007-03-27,Adventure,45,,https://images.igdb.com/igdb/image/upload/t_cover_big/co8cpi.jpg,1.00,2026-07-26
33 Immortals,igdb,252828,33-immortals,33 Immortals,2026-06-10,Role-playing (RPG);Hack and slash/Beat 'em up;Indie,,,https://images.igdb.com/igdb/image/upload/t_cover_big/co6lxk.jpg,1.00,2026-07-26
50 Cent: Blood on the Sand,igdb,5472,50-cent-blood-on-the-sand,50 Cent: Blood on the Sand,2009-02-20,Shooter,61,,https://images.igdb.com/igdb/image/upload/t_cover_big/co25gw.jpg,1.00,2026-07-26
6 Degrees of Sabotage,igdb,185645,6-degrees-of-sabotage,6 Degrees of Sabotage,2012-12-31,Adventure;Visual Novel,,,https://images.igdb.com/igdb/image/upload/t_cover_big/co86b4.jpg,1.00,2026-07-26
720°,,,,Mind 720,,,,,,0.55,2026-07-26
8-Bit Armies,igdb,18907,8-bit-armies,8-Bit Armies,2016-04-22,Real Time Strategy (RTS);Simulator;Strategy;Tactical;Indie,,,https://images.igdb.com/igdb/image/upload/t_cover_big/co7ecu.jpg,1.00,2026-07-26
868-HACK,igdb,17034,868-hack,868-Hack,2013-08-12,Strategy;Indie,80,,https://images.igdb.com/igdb/image/upload/t_cover_big/co509r.jpg,1.00,2026-07-26
8Doors: Arum's Afterlife Adventure,igdb,137635,8doors-arums-afterlife-adventure,8Doors: Arum's Afterlife Adventure,2021-04-08,Platform;Adventure;Indie,,,https://images.igdb.com/igdb/image/upload/t_cover_big/co2hh3.jpg,1.00,2026-07-26
9 Monkeys of Shaolin,igdb,94078,9-monkeys-of-shaolin,9 Monkeys of Shaolin,2020-10-16,Fighting;Role-playing (RPG);Hack and slash/Beat 'em up;Adventure;Indie;Arcade,68,,https://images.igdb.com/igdb/image/upload/t_cover_big/co1xlo.jpg,1.00,2026-07-26
99Vidas,igdb,26678,99vidas,99Vidas,2016-12-25,Fighting;Hack and slash/Beat 'em up;Indie;Arcade,59,,https://images.igdb.com/igdb/image/upload/t_cover_big/co1ix2.jpg,1.00,2026-07-26
A Boy and His Blob,igdb,4656,a-boy-and-his-blob--1,A Boy and His Blob,2009-10-13,Platform;Puzzle;Adventure,53,,https://images.igdb.com/igdb/image/upload/t_cover_big/co1omr.jpg,1.00,2026-07-26
A Farewell to Dragons,igdb,20667,a-farewell-to-dragons,A Farewell to Dragons,2010-02-19,Role-playing (RPG);Adventure,50,,https://images.igdb.com/igdb/image/upload/t_cover_big/co7npq.jpg,1.00,2026-07-26
A Fisherman's Tale,igdb,106992,a-fishermans-tale,A Fisherman's Tale,2019-01-10,Puzzle;Adventure;Indie,,,https://images.igdb.com/igdb/image/upload/t_cover_big/co1iaz.jpg,1.00,2026-07-26
A Hat in Time,igdb,6705,a-hat-in-time,A Hat in Time,2017-10-05,Platform;Adventure;Indie,80,,https://images.igdb.com/igdb/image/upload/t_cover_big/cob1uc.jpg,1.00,2026-07-26
A Mind Forever Voyaging,igdb,2295,a-mind-forever-voyaging,A Mind Forever Voyaging,1985-08-14,Adventure,,,https://images.igdb.com/igdb/image/upload/t_cover_big/co211d.jpg,1.00,2026-07-26
A New Beginning,igdb,7147,a-new-beginning,A New Beginning,2011-06-03,Point-and-click;Adventure,,,https://images.igdb.com/igdb/image/upload/t_cover_big/co2pd1.jpg,1.00,2026-07-26
A new beginning Odrodzenie,,,,,,,,,,0.00,2026-07-26
A Plague Tale Requiem,igdb,152242,a-plague-tale-requiem,A Plague Tale: Requiem,2022-10-18,Role-playing (RPG);Adventure,86,,https://images.igdb.com/igdb/image/upload/t_cover_big/co5pwb.jpg,1.00,2026-07-26
A Plague Tale: Innocence,igdb,27316,a-plague-tale-innocence,A Plague Tale: Innocence,2019-05-14,Adventure,81,,https://images.igdb.com/igdb/image/upload/t_cover_big/co1lat.jpg,1.00,2026-07-26
A Q*bert Rebooted Game,,,,,,,,,,0.00,2026-07-26
A Quiet Place: The Road Ahead,igdb,294453,a-quiet-place-the-road-ahead,A Quiet Place: The Road Ahead,2024-10-17,Adventure,70,,https://images.igdb.com/igdb/image/upload/t_cover_big/co8gtp.jpg,1.00,2026-07-26
A Short Hike,igdb,116753,a-short-hike,A Short Hike,2019-07-30,Adventure;Indie,78,,https://images.igdb.com/igdb/image/upload/t_cover_big/co6e83.jpg,1.00,2026-07-26
A Space for the Unbound,igdb,110039,a-space-for-the-unbound,A Space for the Unbound,2023-01-19,Puzzle;Adventure;Indie,,,https://images.igdb.com/igdb/image/upload/t_cover_big/co62kn.jpg,1.00,2026-07-26
A Story About My Uncle,igdb,7211,a-story-about-my-uncle,A Story About My Uncle,2014-05-28,Platform;Puzzle;Adventure;Indie,69,,https://images.igdb.com/igdb/image/upload/t_cover_big/co21sm.jpg,1.00,2026-07-26
A Twisted Path to Renown,igdb,275923,a-twisted-path-to-renown,A Twisted Path To Renown,2024-12-17,Shooter;Role-playing (RPG);Simulator,,,https://images.igdb.com/igdb/image/upload/t_cover_big/co7d0t.jpg,1.00,2026-07-26
A Vampyre Story,igdb,3116,a-vampyre-story,A Vampyre Story,2008-11-21,Point-and-click;Puzzle;Adventure,55,,https://images.igdb.com/igdb/image/upload/t_cover_big/co3diy.jpg,1.00,2026-07-26
A Virus Named Tom,igdb,3040,a-virus-named-tom,A Virus Named Tom,2012-08-01,Puzzle;Strategy;Indie;Arcade,,,https://images.igdb.com/igdb/image/upload/t_cover_big/co2xmj.jpg,1.00,2026-07-26
A Way Out,igdb,84080,way-out,Way Out,2018-02-08,Racing;Simulator;Strategy;Indie,,,https://images.igdb.com/igdb/image/upload/t_cover_big/cob5us.jpg,0.95,2026-07-26
A-Tech Cybernetic VR,igdb,29806,a-tech-cybernetic,A-Tech Cybernetic,2017-03-15,Indie,,,https://images.igdb.com/igdb/image/upload/t_cover_big/co1r1k.jpg,0.92,2026-07-26
A.P.B.,igdb,288029,apb--3,A.P.B.,1991-12-31,Shooter;Racing;Arcade,,,https://images.igdb.com/igdb/image/upload/t_cover_big/co7sr3.jpg,1.00,2026-07-26
Aaero,igdb,18637,aaero,Aaero,2017-04-11,Shooter;Music;Indie,70,,https://images.igdb.com/igdb/image/upload/t_cover_big/co1lji.jpg,1.00,2026-07-26
Aaru's Awakening,igdb,7171,aaru-s-awakening,Aaru's Awakening,2015-02-23,Platform;Adventure;Indie,68,,https://images.igdb.com/igdb/image/upload/t_cover_big/co1woi.jpg,1.00,2026-07-26
Abandon Ship,igdb,30647,abandon-ship,Abandon Ship,2019-10-22,Role-playing (RPG);Strategy;Tactical;Adventure;Indie,88,,https://images.igdb.com/igdb/image/upload/t_cover_big/co4qfa.jpg,1.00,2026-07-26
Abiotic Factor,igdb,219126,abiotic-factor,Abiotic Factor,2025-07-22,Shooter;Role-playing (RPG);Simulator;Adventure;Indie,92,,https://images.igdb.com/igdb/image/upload/t_cover_big/co85d2.jpg,1.00,2026-07-26
Absolute Drift: Zen Edition,igdb,23835,absolute-drift-zen-edition,Absolute Drift: Zen Edition,2016-08-16,Racing;Sport;Indie,70,,https://images.igdb.com/igdb/image/upload/t_cover_big/co1nel.jpg,1.00,2026-07-26
Absolver,igdb,19333,absolver,Absolver,2017-08-29,Fighting;Role-playing (RPG);Adventure;Indie,75,,https://images.igdb.com/igdb/image/upload/t_cover_big/co45wq.jpg,1.00,2026-07-26
Abyss Odyssey,igdb,14414,abyss-odyssey,Abyss Odyssey,2014-07-15,Platform;Adventure;Indie,70,,https://images.igdb.com/igdb/image/upload/t_cover_big/co1s8q.jpg,1.00,2026-07-26
Abzu,igdb,7352,abzu,Abzu,2016-08-02,Puzzle;Adventure;Indie,81,,https://images.igdb.com/igdb/image/upload/t_cover_big/co28sy.jpg,1.00,2026-07-26
AC: Pirates!,,,,Assassin's Creed: Pirates,,,,,,0.59,2026-07-26
Accounting Plus,igdb,76881,accounting-plus,Accounting+,2017-12-19,Simulator;Adventure;Indie,80,,https://images.igdb.com/igdb/image/upload/t_cover_big/co22m0.jpg,0.88,2026-07-26
Ace Combat 6: Fires of Liberation,igdb,5476,ace-combat-6-fires-of-liberation,Ace Combat 6: Fires of Liberation,2007-10-23,Simulator;Arcade,82,,https://images.igdb.com/igdb/image/upload/t_cover_big/co2sal.jpg,1.00,2026-07-26
Ace Combat 7: Skies Unknown - (+ VR Mode),igdb,14758,ace-combat-7-skies-unknown,Ace Combat 7: Skies Unknown,2019-01-18,Shooter;Simulator;Arcade,81,,https://images.igdb.com/igdb/image/upload/t_cover_big/co1ilk.jpg,1.00,2026-07-26
Ace Combat Assault Horizon,igdb,531,ace-combat-assault-horizon,Ace Combat: Assault Horizon,2011-10-11,Shooter;Simulator;Arcade,82,,https://images.igdb.com/igdb/image/upload/t_cover_big/co2egz.jpg,1.00,2026-07-26
Ace of Seafood,igdb,33309,ace-of-seafood,Ace of Seafood,2014-10-22,Fighting;Shooter;Role-playing (RPG);Strategy;Adventure;Indie;Arcade,,,https://images.igdb.com/igdb/image/upload/t_cover_big/co1tjm.jpg,1.00,2026-07-26
Achilles: Legend Untold,igdb,160293,achilles-legends-untold,Achilles: Legends Untold,2023-11-02,Role-playing (RPG);Hack and slash/Beat 'em up;Adventure;Indie,55,,https://images.igdb.com/igdb/image/upload/t_cover_big/co3i89.jpg,0.98,2026-07-26
Across the Grooves,igdb,121711,across-the-grooves,Across the Grooves,2020-06-17,Adventure;Indie;Visual Novel,,,https://images.igdb.com/igdb/image/upload/t_cover_big/co1oji.jpg,1.00,2026-07-26
ActRaiser,igdb,23597,actraiser--1,Actraiser,2004-09-01,Platform,37,,https://images.igdb.com/igdb/image/upload/t_cover_big/co8i5i.jpg,1.00,2026-07-26
Actual Sunlight,igdb,13230,actual-sunlight,Actual Sunlight,2013-01-03,Adventure;Indie,,,https://images.igdb.com/igdb/image/upload/t_cover_big/co1y5q.jpg,1.00,2026-07-26
Adios,igdb,138270,adios,Adios,2021-03-17,Simulator;Adventure;Indie,,,https://images.igdb.com/igdb/image/upload/t_cover_big/co6kmu.jpg,1.00,2026-07-26
Adr1ft,igdb,8654,adr1ft,Adr1ft,2016-03-28,Puzzle;Adventure;Indie,68,,https://images.igdb.com/igdb/image/upload/t_cover_big/co3wo2.jpg,1.00,2026-07-26
Advance Wars,igdb,1691,advance-wars,Advance Wars,2001-09-10,Simulator;Strategy;Turn-based strategy (TBS);Tactical,100,,https://images.igdb.com/igdb/image/upload/t_cover_big/cob9nu.jpg,1.00,2026-07-26
Advance Wars 1+2: Re-Boot Camp,igdb,152360,advance-wars-1-plus-2-re-boot-camp,Advance Wars 1+2: Re-Boot Camp,2023-04-21,Real Time Strategy (RTS);Strategy;Turn-based strategy (TBS),84,,https://images.igdb.com/igdb/image/upload/t_cover_big/cobblq.jpg,1.00,2026-07-26
Advance Wars: Dual Strike,igdb,1693,advance-wars-dual-strike,Advance Wars: Dual Strike,2005-06-23,Simulator;Strategy;Turn-based strategy (TBS);Tactical,91,,https://images.igdb.com/igdb/image/upload/t_cover_big/cob9nk.jpg,1.00,2026-07-26
Adventure,,,,Sonic Adventure: Sonic Adventure DX Upgrade,,,,,,0.35,2026-07-26
Adventure Time: Pirates of the Enchiridion,igdb,78149,adventure-time-pirates-of-the-enchiridion,Adventure Time: Pirates of the Enchiridion,2018-07-17,Fighting;Role-playing (RPG);Adventure,53,,https://images.igdb.com/igdb/image/upload/t_cover_big/co3wma.jpg,1.00,2026-07-26
AEGIS DEFENDERS,igdb,35210,aegis-defenders,Aegis Defenders,2018-02-08,Platform;Role-playing (RPG);Strategy;Adventure;Indie,80,,https://images.igdb.com/igdb/image/upload/t_cover_big/co1o35.jpg,1.00,2026-07-26
AER Memories of Old,igdb,11560,aer-memories-of-old,AER: Memories of Old,2017-10-25,Puzzle;Adventure;Indie,68,,https://images.igdb.com/igdb/image/upload/t_cover_big/co1v8z.jpg,1.00,2026-07-26
Afrika,igdb,130826,afrika--1,Afrika,1994-12-31,Simulator;Strategy,,,https://images.igdb.com/igdb/image/upload/t_cover_big/co5304.jpg,1.00,2026-07-26
After the Fall,igdb,119330,after-the-fall,After the Fall,2021-12-09,Adventure,77,,https://images.igdb.com/igdb/image/upload/t_cover_big/co4a5m.jpg,1.00,2026-07-26
After Us,igdb,228524,after-us,After Us,2023-05-23,Platform;Puzzle;Adventure,69,,https://images.igdb.com/igdb/image/upload/t_cover_big/co5val.jpg,1.00,2026-07-26
Afterfall Insanity Extended Edition,igdb,25479,afterfall-insanity-extended-edition,Afterfall: InSanity - Extended Edition,2012-12-03,Shooter;Adventure,,,https://images.igdb.com/igdb/image/upload/t_cover_big/co1tru.jpg,1.00,2026-07-26
Aftermath,igdb,269957,aftermath--4,Aftermath,2023-10-16,Role-playing (RPG);Strategy;Adventure,,,https://images.igdb.com/igdb/image/upload/t_cover_big/co76gz.jpg,1.00,2026-07-26
Afterparty,igdb,78152,afterparty,Afterparty,2019-10-29,Adventure;Indie,75,,https://images.igdb.com/igdb/image/upload/t_cover_big/co1tys.jpg,1.00,2026-07-26
Agains All Odds,,,,,,,,,,0.00,2026-07-26
Agains the Storm,,,,,,,,,,0.00,2026-07-26
Agatha Christie - The ABC Murders*,igdb,19657,agatha-christie-the-abc-murders,Agatha Christie: The ABC Murders,2009-11-09,Puzzle;Adventure,66,,https://images.igdb.com/igdb/image/upload/t_cover_big/co2sdd.jpg,1.00,2026-07-26
Age of Conan,,,,Age of Conan: Unchained,,,,,,0.79,2026-07-26
Age of Empires,igdb,289,age-of-empires,Age of Empires,1997-10-15,Strategy,,,https://images.igdb.com/igdb/image/upload/t_cover_big/co1zsh.jpg,1.00,2026-07-26
Age of Empires 4,igdb,55029,age-of-empires-iv,Age of Empires IV,2021-10-28,Real Time Strategy (RTS);Strategy,82,,https://images.igdb.com/igdb/image/upload/t_cover_big/co39tg.jpg,0.91,2026-07-26
Age of Empires II,igdb,144346,age-of-empires-ii-mobile,Age of Empires II Mobile,2005-07-01,Point-and-click;Real Time Strategy (RTS);Strategy,,,https://images.igdb.com/igdb/image/upload/t_cover_big/co80rg.jpg,0.83,2026-07-26
Age of Empires: Mythologies,igdb,21221,age-of-empires-mythologies,Age of Empires: Mythologies,2008-11-24,Strategy;Turn-based strategy (TBS),60,,https://images.igdb.com/igdb/image/upload/t_cover_big/co80re.jpg,1.00,2026-07-26
Age of Mythology,igdb,324,age-of-mythology,Age of Mythology,2002-10-30,Real Time Strategy (RTS);Strategy,76,,https://images.igdb.com/igdb/image/upload/t_cover_big/co907c.jpg,1.00,2026-07-26
AGE OF WONDERS,igdb,589,age-of-wonders,Age of Wonders,1999-11-11,Role-playing (RPG);Strategy;Turn-based strategy (TBS),90,,https://images.igdb.com/igdb/image/upload/t_cover_big/co1qle.jpg,1.00,2026-07-26
Age of Wonders 3,igdb,5652,age-of-wonders-iii,Age of Wonders III,2014-03-31,Role-playing (RPG);Strategy;Turn-based strategy (TBS);Tactical,80,,https://images.igdb.com/igdb/image/upload/t_cover_big/co1rbq.jpg,0.88,2026-07-26
Age of Wonders 4,igdb,232571,age-of-wonders-4,Age of Wonders 4,2023-05-02,Strategy;Turn-based strategy (TBS),86,,https://images.igdb.com/igdb/image/upload/t_cover_big/co612o.jpg,1.00,2026-07-26
Age of Wonders: Planetfall,igdb,102057,age-of-wonders-planetfall,Age of Wonders: Planetfall,2019-08-06,Simulator;Strategy;Turn-based strategy (TBS);Tactical,84,,https://images.igdb.com/igdb/image/upload/t_cover_big/co1r6n.jpg,1.00,2026-07-26
Agents of Mayhem,igdb,19440,agents-of-mayhem,Agents of Mayhem,2017-08-15,Shooter;Adventure,73,,https://images.igdb.com/igdb/image/upload/t_cover_big/co22mh.jpg,1.00,2026-07-26
Agony,igdb,11890,agony,Agony,1992-12-31,Shooter,,,https://images.igdb.com/igdb/image/upload/t_cover_big/co2jht.jpg,1.00,2026-07-26
Aion,igdb,563,aion,Aion,2008-11-25,Role-playing (RPG);Strategy;Adventure,80,,https://images.igdb.com/igdb/image/upload/t_cover_big/co1sig.jpg,1.00,2026-07-26
Air Conflicts: Pacific Carriers (PS4),igdb,3831,air-conflicts-pacific-carriers,Air Conflicts: Pacific Carriers,2012-09-21,Simulator;Strategy;Arcade,,,https://images.igdb.com/igdb/image/upload/t_cover_big/co5dx1.jpg,1.00,2026-07-26
Air Conflicts: Secret Wars*,igdb,3830,air-conflicts-secret-wars,Air Conflicts: Secret Wars,2011-07-08,Shooter;Simulator;Arcade,65,,https://images.igdb.com/igdb/image/upload/t_cover_big/co8cpb.jpg,1.00,2026-07-26
Air Conflicts: Vietnam*,igdb,3828,air-conflicts-vietnam,Air Conflicts: Vietnam,2013-09-12,Fighting;Simulator,50,,https://images.igdb.com/igdb/image/upload/t_cover_big/co5zzj.jpg,1.00,2026-07-26
Airfix: Dogfighter,igdb,24702,airfix-dogfighter,Airfix: Dogfighter,2000-01-14,Simulator,,,https://images.igdb.com/igdb/image/upload/t_cover_big/co2peo.jpg,1.00,2026-07-26
Airline Tycoon,igdb,9957,airline-tycoon,Airline Tycoon,1998-08-01,Simulator,,,https://images.igdb.com/igdb/image/upload/t_cover_big/co3dl3.jpg,1.00,2026-07-26
Akalabeth: World of Doom,igdb,131719,akalabeth-world-of-doom--1,Akalabeth: World of Doom,1998-12-31,Role-playing (RPG),,,https://images.igdb.com/igdb/image/upload/t_cover_big/co5xgi.jpg,1.00,2026-07-26
Akiba's Beat*,igdb,19465,akibas-beat,Akiba's Beat,2016-12-15,Role-playing (RPG),46,,https://images.igdb.com/igdb/image/upload/t_cover_big/co22mu.jpg,1.00,2026-07-26
AKIBA'S TRIP: Undead & Undressed *,igdb,7268,akiba-s-trip-undead-undressed,Akiba's Trip: Undead & Undressed,2013-11-07,Role-playing (RPG);Adventure,64,,https://images.igdb.com/igdb/image/upload/t_cover_big/co6g5s.jpg,1.00,2026-07-26
Alan Wake (Remastered),igdb,1062,alan-wake,Alan Wake,2010-05-14,Shooter;Adventure,83,,https://images.igdb.com/igdb/image/upload/t_cover_big/co2dft.jpg,1.00,2026-07-26
Alan Wake 2,igdb,185246,alan-wake-ii,Alan Wake II,2023-10-27,Shooter;Adventure,93,,https://images.igdb.com/igdb/image/upload/t_cover_big/co6jar.jpg,0.95,2026-07-26
Alan Wake's American Nightmare,igdb,2602,alan-wake-s-american-nightmare,Alan Wake's American Nightmare,2012-02-22,Shooter;Adventure,79,,https://images.igdb.com/igdb/image/upload/t_cover_big/co2eh1.jpg,1.00,2026-07-26
Alba - A Wildlife Adventure,igdb,135919,alba-a-wildlife-adventure,Alba: A Wildlife Adventure,2020-12-11,Adventure;Indie,82,,https://images.igdb.com/igdb/image/upload/t_cover_big/co3uyi.jpg,1.00,2026-07-26
Albion Online,igdb,19698,albion-online,Albion Online,2017-07-17,Role-playing (RPG),88,,https://images.igdb.com/igdb/image/upload/t_cover_big/cobx5a.jpg,1.00,2026-07-26
Alder's Blood,igdb,90277,alders-blood,Alder's Blood,2020-04-10,Role-playing (RPG);Strategy;Turn-based strategy (TBS);Tactical;Adventure;Indie,,,https://images.igdb.com/igdb/image/upload/t_cover_big/co1m94.jpg,1.00,2026-07-26
Alder's Blood Prologue,igdb,129232,alders-blood-prologue,Alder's Blood: Prologue,2020-02-12,Role-playing (RPG);Strategy;Turn-based strategy (TBS);Adventure;Indie,,,https://images.igdb.com/igdb/image/upload/t_cover_big/co7m1w.jpg,1.00,2026-07-26
Alekhine's Gun,igdb,15691,alekhines-gun,Alekhine's Gun,2016-02-09,Shooter;Strategy;Tactical;Adventure,33,,https://images.igdb.com/igdb/image/upload/t_cover_big/co5x8i.jpg,1.00,2026-07-26
Alex Kidd in Miracle World,igdb,26778,alex-kidd-in-miracle-world,Alex Kidd in Miracle World,1986-11-01,Platform;Hack and slash/Beat 'em up;Adventure,,,https://images.igdb.com/igdb/image/upload/t_cover_big/co7ewj.jpg,1.00,2026-07-26
Alex Kidd in Miracle World DX,igdb,134561,alex-kidd-in-miracle-world-dx,Alex Kidd in Miracle World DX,2021-06-22,Platform;Adventure;Indie;Arcade,62,,https://images.igdb.com/igdb/image/upload/t_cover_big/co3c4f.jpg,1.00,2026-07-26
Alice: Madness Returns,igdb,1040,alice-madness-returns,Alice: Madness Returns,2011-06-14,Platform;Puzzle;Hack and slash/Beat 'em up;Adventure,72,,https://images.igdb.com/igdb/image/upload/t_cover_big/co2n91.jpg,1.00,2026-07-26
Alien Rage,,,,Alien Rage: Unlimited,,,,,,0.67,2026-07-26
Alien Resurrection,igdb,44995,alien-resurrection,Alien Resurrection,2000-10-11,Shooter;Tactical;Adventure,,,https://images.igdb.com/igdb/image/upload/t_cover_big/coaszn.jpg,1.00,2026-07-26
Alien Shooter: Gold Edition,,,,,,,,,,0.00,2026-07-26
Alien Soldier,igdb,4490,alien-soldier,Alien Soldier,1995-02-24,Shooter;Platform;Arcade,,,https://images.igdb.com/igdb/image/upload/t_cover_big/co1xv8.jpg,1.00,2026-07-26
Alien Spidy*,igdb,9965,alien-spidy,Alien Spidy,2013-03-20,Platform;Adventure;Indie,58,,https://images.igdb.com/igdb/image/upload/t_cover_big/spce1t6leoda19m8vctt.jpg,1.00,2026-07-26
Alien Zombie Death,igdb,15189,alien-zombie-death,Alien Zombie Death,2010-02-18,Shooter,,,https://images.igdb.com/igdb/image/upload/t_cover_big/co70ox.jpg,1.00,2026-07-26
Alien: Isolation,igdb,4754,alien-isolation,Alien: Isolation,2014-10-06,Adventure,86,,https://images.igdb.com/igdb/image/upload/t_cover_big/co1vzu.jpg,1.00,2026-07-26
ALIENATION,,,,Alien Arena 2011,,,,,,0.54,2026-07-26
Aliens vs Predator,igdb,560,aliens-vs-predator,Aliens vs. Predator,2010-02-16,Shooter,74,,https://images.igdb.com/igdb/image/upload/t_cover_big/co2a29.jpg,1.00,2026-07-26
Aliens vs Predator 2,igdb,594,aliens-versus-predator-2,Aliens versus Predator 2,2001-10-22,Shooter,,,https://images.igdb.com/igdb/image/upload/t_cover_big/co2eh6.jpg,0.91,2026-07-26
Aliens vs Predator 2010,,,,,,,,,,0.00,2026-07-26
Aliens: Colonial Marines,igdb,1021,aliens-colonial-marines,Aliens: Colonial Marines,2013-02-12,Shooter,45,,https://images.igdb.com/igdb/image/upload/t_cover_big/co2sj6.jpg,1.00,2026-07-26
Aliens: Dark Descent,igdb,204354,aliens-dark-descent,Aliens: Dark Descent,2023-06-20,Strategy;Adventure,84,,https://images.igdb.com/igdb/image/upload/t_cover_big/co6liu.jpg,1.00,2026-07-26
All Zombies Must Die!*,igdb,9971,all-zombies-must-die--1,All Zombies Must Die!,2011-12-27,Shooter;Role-playing (RPG);Arcade,66,,https://images.igdb.com/igdb/image/upload/t_cover_big/co4v75.jpg,1.00,2026-07-26
Allods Online,igdb,13157,allods-online,Allods Online,2010-10-21,Role-playing (RPG),,,https://images.igdb.com/igdb/image/upload/t_cover_big/co21mz.jpg,1.00,2026-07-26
Alone in the Dark,igdb,213237,alone-in-the-dark--1,Alone in the Dark,2024-03-20,Puzzle;Adventure,75,,https://images.igdb.com/igdb/image/upload/t_cover_big/coa1g8.jpg,1.00,2026-07-26
Alone in the Dark (original),igdb,213237,alone-in-the-dark--1,Alone in the Dark,2024-03-20,Puzzle;Adventure,75,,https://images.igdb.com/igdb/image/upload/t_cover_big/coa1g8.jpg,1.00,2026-07-26
Alone in the Dark 2,igdb,340383,alone-in-the-dark-2--1,Alone in the Dark 2,2025-04-15,Puzzle;Adventure,,,https://images.igdb.com/igdb/image/upload/t_cover_big/co9ole.jpg,1.00,2026-07-26
Alone in the Dark 3,igdb,1959,alone-in-the-dark-3,Alone in the Dark 3,1994-12-31,Puzzle;Role-playing (RPG);Adventure,,,https://images.igdb.com/igdb/image/upload/t_cover_big/co82bg.jpg,1.00,2026-07-26
Alone in the Dark : The New Nightmare (2001),igdb,266501,alone-in-the-dark-the-new-nightmare--2,Alone in the Dark: The New Nightmare,2001-06-22,Puzzle;Adventure,,,https://images.igdb.com/igdb/image/upload/t_cover_big/co7ldv.jpg,1.00,2026-07-26
Alone in the Dark: Inferno*,igdb,21303,alone-in-the-dark-inferno,Alone in the Dark: Inferno,2008-11-18,Adventure,75,,https://images.igdb.com/igdb/image/upload/t_cover_big/co82bn.jpg,1.00,2026-07-26
Alone in the Dark: The New Nightmare,igdb,320336,alone-in-the-dark-the-new-nightmare--3,Alone in the Dark: The New Nightmare,2024-04-16,Puzzle;Adventure,,,https://images.igdb.com/igdb/image/upload/t_cover_big/co9nug.jpg,1.00,2026-07-26
Along Together,igdb,102166,along-together,Along Together,2018-05-29,Puzzle;Adventure;Indie,,,https://images.igdb.com/igdb/image/upload/t_cover_big/co2cjm.jpg,1.00,2026-07-26
Alpacalypse,igdb,240819,alpacalypse,Alpacalypse,2023-03-10,Adventure,,,https://images.igdb.com/igdb/image/upload/t_cover_big/co69q9.jpg,1.00,2026-07-26
Alpha Protocol,igdb,2539,alpha-protocol,Alpha Protocol,2010-05-27,Shooter;Role-playing (RPG),59,,https://images.igdb.com/igdb/image/upload/t_cover_big/co25mo.jpg,1.00,2026-07-26
Alter Ego,igdb,246772,alter-ego--4,Alter Ego,2023-04-24,Point-and-click;Puzzle;Adventure;Indie,,,https://images.igdb.com/igdb/image/upload/t_cover_big/co6qix.jpg,1.00,2026-07-26
Alter Ego (2010),igdb,246772,alter-ego--4,Alter Ego,2023-04-24,Point-and-click;Puzzle;Adventure;Indie,,,https://images.igdb.com/igdb/image/upload/t_cover_big/co6qix.jpg,1.00,2026-07-26
Alundra,igdb,1175,alundra,Alundra,1997-04-11,Platform;Role-playing (RPG);Adventure,,,https://images.igdb.com/igdb/image/upload/t_cover_big/co3tlr.jpg,1.00,2026-07-26
Alvo VR,,,,Alvo,,,,,,0.81,2026-07-26
American Fugitive,igdb,115785,american-fugitive,American Fugitive,2019-05-21,Shooter;Racing;Adventure;Indie,72,,https://images.igdb.com/igdb/image/upload/t_cover_big/co1rdk.jpg,1.00,2026-07-26
American Mcgee's Alice,igdb,337,american-mcgee-s-alice,American McGee's Alice,2000-12-06,Platform;Puzzle;Adventure,,,https://images.igdb.com/igdb/image/upload/t_cover_big/co2bwl.jpg,1.00,2026-07-26
Amnesia: A Machine for Pigs,igdb,1882,amnesia-a-machine-for-pigs,Amnesia: A Machine for Pigs,2013-09-10,Puzzle;Adventure;Indie,73,,https://images.igdb.com/igdb/image/upload/t_cover_big/co1rdf.jpg,1.00,2026-07-26
Amnesia: Justine,igdb,15534,amnesia-justine,Amnesia: Justine,2011-04-12,Puzzle;Adventure;Indie,,,https://images.igdb.com/igdb/image/upload/t_cover_big/co1jiy.jpg,1.00,2026-07-26
Amnesia: Memories,igdb,13199,amnesia-memories,Amnesia: Memories,2013-12-19,Simulator;Adventure;Visual Novel,70,,https://images.igdb.com/igdb/image/upload/t_cover_big/co1wst.jpg,1.00,2026-07-26
Amnesia: Rebirth,igdb,131785,amnesia-rebirth,Amnesia: Rebirth,2020-10-20,Puzzle;Adventure;Indie,82,,https://images.igdb.com/igdb/image/upload/t_cover_big/co2iuo.jpg,1.00,2026-07-26
Amnesia: The Bunker,igdb,228258,amnesia-the-bunker,Amnesia: The Bunker,2023-06-06,Shooter;Puzzle;Adventure;Indie,84,,https://images.igdb.com/igdb/image/upload/t_cover_big/co5us3.jpg,1.00,2026-07-26
Amnesia: The Dark Descent,igdb,111,amnesia-the-dark-descent,Amnesia: The Dark Descent,2010-09-08,Puzzle;Adventure;Indie,89,,https://images.igdb.com/igdb/image/upload/t_cover_big/co1qq5.jpg,1.00,2026-07-26
Among the Sleep - Enhanced Edition,igdb,114411,among-the-sleep-enhanced-edition,Among the Sleep: Enhanced Edition,2017-11-02,Puzzle;Adventure;Indie,,,https://images.igdb.com/igdb/image/upload/t_cover_big/co1iuh.jpg,1.00,2026-07-26
Among Us,igdb,111469,among-us,Among Us,2018-06-15,Strategy;Indie,82,,https://images.igdb.com/igdb/image/upload/t_cover_big/co6kqt.jpg,1.00,2026-07-26
Amplitude,igdb,2141,amplitude,Amplitude,2003-03-24,Music;Adventure,73,,https://images.igdb.com/igdb/image/upload/t_cover_big/co1wwi.jpg,1.00,2026-07-26
Amplitude (2015),igdb,11081,amplitude--1,Amplitude,2016-01-05,Music;Arcade,78,,https://images.igdb.com/igdb/image/upload/t_cover_big/co1wse.jpg,1.00,2026-07-26
An Elder Scrolls Legend: Battlespire,igdb,54,an-elder-scrolls-legend-battlespire,An Elder Scrolls Legend: Battlespire,1997-11-30,Role-playing (RPG),,,https://images.igdb.com/igdb/image/upload/t_cover_big/co53qh.jpg,1.00,2026-07-26
Anachronox,igdb,5622,anachronox,Anachronox,2001-06-27,Puzzle;Role-playing (RPG),70,,https://images.igdb.com/igdb/image/upload/t_cover_big/co25mt.jpg,1.00,2026-07-26
Anacrusis,igdb,152067,the-anacrusis,The Anacrusis,2023-12-05,Shooter;Adventure;Indie,,,https://images.igdb.com/igdb/image/upload/t_cover_big/co4bgn.jpg,0.82,2026-07-26
Anarchy: Rush Hour*,igdb,44602,anarchy-rush-hour,Anarchy: Rush Hour,2009-05-04,Racing,,,https://images.igdb.com/igdb/image/upload/t_cover_big/co3bd0.jpg,1.00,2026-07-26
Ancestors Legacy,igdb,28794,ancestors-legacy,Ancestors Legacy,2018-05-22,Real Time Strategy (RTS);Strategy;Tactical,78,,https://images.igdb.com/igdb/image/upload/t_cover_big/co1n25.jpg,1.00,2026-07-26
ANCESTORS THE HUMANKIND ODYSSEY,igdb,10032,ancestors-the-humankind-odyssey,Ancestors: The Humankind Odyssey,2019-08-27,Role-playing (RPG);Adventure;Indie,65,,https://images.igdb.com/igdb/image/upload/t_cover_big/co1rg8.jpg,1.00,2026-07-26
Ancient Amuletor,igdb,36767,ancient-amuletor,Ancient Amuletor,2017-06-27,Shooter;Arcade,67,,https://images.igdb.com/igdb/image/upload/t_cover_big/co23ai.jpg,1.00,2026-07-26
Ancient enemy,igdb,111842,ancient-enemy,Ancient Enemy,2020-04-09,Role-playing (RPG);Strategy;Turn-based strategy (TBS);Adventure;Indie;Card & Board Game,,,https://images.igdb.com/igdb/image/upload/t_cover_big/co1io6.jpg,1.00,2026-07-26
And Yet It Moves,igdb,9772,and-yet-it-moves--1,And Yet It Moves,2009-04-02,Platform;Puzzle;Indie,78,,https://images.igdb.com/igdb/image/upload/t_cover_big/co2j93.jpg,1.00,2026-07-26
Aneurism IV,igdb,297064,aneurism-iv,Aneurism IV,2025-03-11,Role-playing (RPG);Simulator;Indie,,,https://images.igdb.com/igdb/image/upload/t_cover_big/co9jo5.jpg,1.00,2026-07-26
Anger Foot,igdb,147184,anger-foot,Anger Foot,2024-07-11,Shooter;Hack and slash/Beat 'em up;Indie,87,,https://images.igdb.com/igdb/image/upload/t_cover_big/co5ylv.jpg,1.00,2026-07-26
Anger foot,igdb,147184,anger-foot,Anger Foot,2024-07-11,Shooter;Hack and slash/Beat 'em up;Indie,87,,https://images.igdb.com/igdb/image/upload/t_cover_big/co5ylv.jpg,1.00,2026-07-26
Angry Birds,igdb,2035,angry-birds,Angry Birds,2009-12-11,Puzzle;Strategy;Arcade,75,,https://images.igdb.com/igdb/image/upload/t_cover_big/co4adm.jpg,1.00,2026-07-26
Angry Birds 2,igdb,19273,angry-birds-2,Angry Birds 2,2015-07-30,Puzzle;Strategy;Arcade,65,,https://images.igdb.com/igdb/image/upload/t_cover_big/coaoay.jpg,1.00,2026-07-26
Angry Birds Rio,igdb,19271,angry-birds-rio,Angry Birds Rio,2011-03-21,Puzzle;Strategy;Arcade,60,,https://images.igdb.com/igdb/image/upload/t_cover_big/co4pg3.jpg,1.00,2026-07-26
Angry Birds Seasons,igdb,19275,angry-birds-seasons,Angry Birds Seasons,2010-10-21,Puzzle;Strategy;Arcade,,,https://images.igdb.com/igdb/image/upload/t_cover_big/co4cuu.jpg,1.00,2026-07-26
Angry Birds Space,igdb,16365,angry-birds-space,Angry Birds Space,2012-03-22,Puzzle;Strategy;Arcade,80,,https://images.igdb.com/igdb/image/upload/t_cover_big/co4cro.jpg,1.00,2026-07-26
Angry Birds Star Wars,igdb,247344,angry-birds-star-wars--1,Angry Birds: Star Wars,2013-12-31,Puzzle,,,https://images.igdb.com/igdb/image/upload/t_cover_big/co7ynv.jpg,1.00,2026-07-26
Angry Birds Star Wars 2,igdb,19272,angry-birds-star-wars-ii,Angry Birds Star Wars II,2013-09-18,Puzzle;Strategy;Arcade,100,,https://images.igdb.com/igdb/image/upload/t_cover_big/co2hr1.jpg,0.94,2026-07-26
Animal Crossing,igdb,2655,animal-crossing,Animal Crossing,2002-09-16,Simulator,80,,https://images.igdb.com/igdb/image/upload/t_cover_big/co3wmn.jpg,1.00,2026-07-26
ANIMAL CROSSING: NEW LEAF,igdb,2687,animal-crossing-new-leaf,Animal Crossing: New Leaf,2012-11-08,Simulator,88,,https://images.igdb.com/igdb/image/upload/t_cover_big/cob8m6.jpg,1.00,2026-07-26
Animal Crossing: Wild World,igdb,2645,animal-crossing-wild-world,Animal Crossing: Wild World,2005-11-23,Simulator,75,,https://images.igdb.com/igdb/image/upload/t_cover_big/co3wms.jpg,1.00,2026-07-26
Animal Well,igdb,191435,animal-well,Animal Well,2024-05-09,Platform;Puzzle;Adventure;Indie,89,,https://images.igdb.com/igdb/image/upload/t_cover_big/co4hdh.jpg,1.00,2026-07-26
Anna: Extended Edition,igdb,9977,anna-extended-edition,Anna: Extended Edition,2013-02-07,Puzzle;Adventure;Indie,,,https://images.igdb.com/igdb/image/upload/t_cover_big/co21si.jpg,1.00,2026-07-26
Anno 1404,,,,Anno 1404: Gold Edition,,,,,,0.58,2026-07-26
Anno 1701: Dawn of Discovery,igdb,23077,anno-1701-dawn-of-discovery,Anno 1701: Dawn of Discovery,2007-06-08,Real Time Strategy (RTS);Simulator;Strategy,82,,https://images.igdb.com/igdb/image/upload/t_cover_big/co3vr8.jpg,1.00,2026-07-26
Anno 1800,,,,Anno 1800: Deluxe Pack,,,,,,0.68,2026-07-26
Anno 1800 - Console Edition,igdb,231778,anno-1800-console-edition,Anno 1800: Console Edition,2023-03-16,Real Time Strategy (RTS);Simulator;Strategy,85,,https://images.igdb.com/igdb/image/upload/t_cover_big/co69jr.jpg,1.00,2026-07-26
ANNO : Mutationem,igdb,106980,anno-mutationem,Anno: Mutationem,2022-03-17,Role-playing (RPG);Hack and slash/Beat 'em up;Adventure;Indie,85,,https://images.igdb.com/igdb/image/upload/t_cover_big/co6vn1.jpg,1.00,2026-07-26
Anodyne 2: Return to Dust,igdb,104890,anodyne-2-return-to-dust,Anodyne 2: Return to Dust,2019-08-12,Platform;Role-playing (RPG);Adventure;Indie,70,,https://images.igdb.com/igdb/image/upload/t_cover_big/coa2ux.jpg,1.00,2026-07-26
Anomaly 2,igdb,9212,anomaly-2,Anomaly 2,2013-05-15,Strategy;Indie,79,,https://images.igdb.com/igdb/image/upload/t_cover_big/co2sl9.jpg,1.00,2026-07-26
Anomaly Korea,igdb,8760,anomaly-korea,Anomaly Korea,2012-12-20,Real Time Strategy (RTS);Strategy,,,https://images.igdb.com/igdb/image/upload/t_cover_big/co1rkw.jpg,1.00,2026-07-26
Anomaly Warzone Earth,igdb,8758,anomaly-warzone-earth,Anomaly: Warzone Earth,2011-04-08,Real Time Strategy (RTS);Strategy;Indie,85,,https://images.igdb.com/igdb/image/upload/t_cover_big/co1rkx.jpg,1.00,2026-07-26
Another World - 20th Anniversary Edition,igdb,16493,another-world-20th-anniversary-edition,Another World: 20th Anniversary Edition,2011-09-06,Platform;Adventure;Arcade,60,,https://images.igdb.com/igdb/image/upload/t_cover_big/co1ucg.jpg,0.92,2026-07-26
Anthem,igdb,36950,anthem,Anthem,2019-02-22,Shooter;Role-playing (RPG);Adventure,60,,https://images.igdb.com/igdb/image/upload/t_cover_big/co2n94.jpg,1.00,2026-07-26
Antichamber,igdb,2064,antichamber,Antichamber,2013-01-31,Platform;Puzzle;Adventure;Indie,83,,https://images.igdb.com/igdb/image/upload/t_cover_big/coado3.jpg,1.00,2026-07-26
Antstream Arcade,,,,,,,,,,0.00,2026-07-26
AO Tennis 2,igdb,125479,ao-tennis-2,AO Tennis 2,2020-01-09,Simulator;Sport,63,,https://images.igdb.com/igdb/image/upload/t_cover_big/co1xwu.jpg,1.00,2026-07-26
Ape Escape (PS1/PS4/PS5),igdb,3762,ape-escape,Ape Escape,1999-06-22,Platform,,,https://images.igdb.com/igdb/image/upload/t_cover_big/co2gzc.jpg,1.00,2026-07-26
Ape Escape 2,igdb,6063,ape-escape-2,Ape Escape 2,2002-07-18,Platform;Adventure,78,,https://images.igdb.com/igdb/image/upload/t_cover_big/co2zhl.jpg,1.00,2026-07-26
Ape Out,igdb,27719,ape-out,Ape Out,2019-02-28,Fighting;Hack and slash/Beat 'em up;Adventure;Indie;Arcade,82,,https://images.igdb.com/igdb/image/upload/t_cover_big/co1zta.jpg,1.00,2026-07-26
Apex Construct,igdb,75283,apex-construct,Apex Construct,2018-02-20,Shooter;Adventure,59,,https://images.igdb.com/igdb/image/upload/t_cover_big/co28u8.jpg,1.00,2026-07-26
Apocalypse,igdb,15598,apocalypse--2,Apocalypse,1983-12-31,Shooter;Turn-based strategy (TBS),,,https://images.igdb.com/igdb/image/upload/t_cover_big/co9upa.jpg,1.00,2026-07-26
Apotheon,igdb,9016,apotheon,Apotheon,2015-02-03,Platform;Role-playing (RPG);Hack and slash/Beat 'em up;Adventure;Indie,84,,https://images.igdb.com/igdb/image/upload/t_cover_big/co1opc.jpg,1.00,2026-07-26
Aqua Panic!*,igdb,364355,aqua-panic--1,Aqua Panic,,,,,,1.00,2026-07-26
Ar nosurge: Ode to an Unborn Star*,igdb,7273,ar-nosurge-ode-to-an-unborn-star,Ar nosurge: Ode to an Unborn Star,2014-03-06,Role-playing (RPG),78,,https://images.igdb.com/igdb/image/upload/t_cover_big/co2fax.jpg,1.00,2026-07-26
Aragami 2,igdb,138031,aragami-2,Aragami 2,2021-09-17,Adventure;Indie,74,,https://images.igdb.com/igdb/image/upload/t_cover_big/co2lk1.jpg,1.00,2026-07-26
Aragami: Shadow Edition,igdb,100437,aragami-shadow-edition,Aragami: Shadow Edition,2018-06-05,Platform;Strategy;Adventure;Indie,79,,https://images.igdb.com/igdb/image/upload/t_cover_big/co1jc8.jpg,1.00,2026-07-26
Arashi: Castles of Sin - Final Cut,igdb,253196,arashi-castles-of-sin-final-cut,Arashi: Castles of Sin - Final Cut,2023-12-04,Role-playing (RPG);Adventure,62,,https://images.igdb.com/igdb/image/upload/t_cover_big/co6mgn.jpg,1.00,2026-07-26
ARC RAIDERS,igdb,185258,arc-raiders,ARC Raiders,2025-10-30,Shooter,89,,https://images.igdb.com/igdb/image/upload/t_cover_big/co9rk1.jpg,1.00,2026-07-26
Arc the Lad: Twilight of the Spirits,igdb,21558,arc-the-lad-twilight-of-the-spirits,Arc the Lad: Twilight of the Spirits,2003-03-20,Role-playing (RPG);Turn-based strategy (TBS);Tactical;Adventure,80,,https://images.igdb.com/igdb/image/upload/t_cover_big/co1osr.jpg,1.00,2026-07-26
Arca's Path,igdb,103053,arcas-path,Arca's Path,2018-12-04,Platform;Adventure,82,,https://images.igdb.com/igdb/image/upload/t_cover_big/co28ub.jpg,1.00,2026-07-26
Arcadegeddon,igdb,154814,arcadegeddon,Arcadegeddon,2022-07-05,Shooter;Adventure;Indie,68,,https://images.igdb.com/igdb/image/upload/t_cover_big/co6qk6.jpg,1.00,2026-07-26
Arcana Heart 3 LOVE MAX!!!!!*,igdb,24608,arcana-heart-3-love-max,Arcana Heart 3: Love Max!!!!!,2014-09-23,Fighting,75,,https://images.igdb.com/igdb/image/upload/t_cover_big/co8m0e.jpg,1.00,2026-07-26
Arcana Heart 3*,igdb,5490,arcana-heart-3,Arcana Heart 3,2009-12-22,Fighting,70,,https://images.igdb.com/igdb/image/upload/t_cover_big/co1vm1.jpg,1.00,2026-07-26
Arcania: Gothic 4,igdb,3234,arcania-gothic-4,Arcania: Gothic 4,2010-10-12,Role-playing (RPG),64,,https://images.igdb.com/igdb/image/upload/t_cover_big/co20kx.jpg,1.00,2026-07-26
Arcanum: Of Steamworks and Magick Obscura,igdb,255,arcanum-of-steamworks-and-magick-obscura,Arcanum: of Steamworks and Magick Obscura,2001-08-21,Role-playing (RPG),,,https://images.igdb.com/igdb/image/upload/t_cover_big/co26ed.jpg,1.00,2026-07-26
Archangel,igdb,74276,archangel--2,Archangel,2017-07-22,Shooter;Role-playing (RPG);Arcade,62,,https://images.igdb.com/igdb/image/upload/t_cover_big/co29ii.jpg,1.00,2026-07-26
ArcheAge,igdb,6451,archeage,ArcheAge,2013-01-15,Role-playing (RPG);Adventure,94,,https://images.igdb.com/igdb/image/upload/t_cover_big/co5w7l.jpg,1.00,2026-07-26
Archer: The Witch’s Wrath,,,,,,,,,,0.00,2026-07-26
Archlord,igdb,20598,archlord,ArchLord,2006-11-03,Role-playing (RPG),40,,https://images.igdb.com/igdb/image/upload/t_cover_big/co6jvo.jpg,1.00,2026-07-26
Archon,igdb,5539,archon,Archon,1983-11-01,Strategy;Tactical,,,https://images.igdb.com/igdb/image/upload/t_cover_big/co6zdp.jpg,1.00,2026-07-26
Arco,igdb,263903,arco,Arco,2024-08-15,Role-playing (RPG);Strategy;Turn-based strategy (TBS);Tactical;Adventure;Indie,,,https://images.igdb.com/igdb/image/upload/t_cover_big/co8um5.jpg,1.00,2026-07-26
Arctic Awakening,igdb,145041,arctic-awakening,Arctic Awakening,2025-09-18,Adventure;Indie,,,https://images.igdb.com/igdb/image/upload/t_cover_big/co6kfg.jpg,1.00,2026-07-26
Arise: A Simple Story,igdb,122563,arise-a-simple-story,Arise: A Simple Story,2019-12-03,Platform;Adventure;Indie,86,,https://images.igdb.com/igdb/image/upload/t_cover_big/co9ekb.jpg,1.00,2026-07-26
Arizona Sunshine,igdb,18303,arizona-sunshine,Arizona Sunshine,2016-12-06,Shooter;Adventure;Indie,64,,https://images.igdb.com/igdb/image/upload/t_cover_big/co1m3a.jpg,1.00,2026-07-26
Ark: Survival Evolved,igdb,10239,ark-survival-evolved,Ark: Survival Evolved,2017-08-27,Shooter;Role-playing (RPG);Simulator;Adventure;Indie,69,,https://images.igdb.com/igdb/image/upload/t_cover_big/co493k.jpg,1.00,2026-07-26
Arkanoid,igdb,341271,arkanoid--17,Arkanoid,1986-12-01,Arcade,,,https://images.igdb.com/igdb/image/upload/t_cover_big/co9vrj.jpg,1.00,2026-07-26
ARKEDO SERIES,igdb,99819,arkedo-series,Arkedo Series,2012-10-16,Platform;Puzzle;Arcade,,,https://images.igdb.com/igdb/image/upload/t_cover_big/co4r5x.jpg,1.00,2026-07-26
Arktika 1,igdb,24833,arktika-dot-1,Arktika.1,2017-10-10,Shooter;Arcade,,,https://images.igdb.com/igdb/image/upload/t_cover_big/co270p.jpg,1.00,2026-07-26
Arma II,,,,Arma 2,,,,,,0.77,2026-07-26
ArmA: Armed Assault,igdb,15626,arma-armed-assault,ARMA: Armed Assault,2006-11-10,Shooter;Simulator;Tactical,75,,https://images.igdb.com/igdb/image/upload/t_cover_big/co583o.jpg,1.00,2026-07-26
Armadillo Run,igdb,23137,armadillo-run,Armadillo Run,2006-04-22,Puzzle,90,,https://images.igdb.com/igdb/image/upload/t_cover_big/co38tf.jpg,1.00,2026-07-26
Armageddon Riders,igdb,84152,armageddon-riders,Armageddon Riders,2011-06-02,Racing;Arcade,,,https://images.igdb.com/igdb/image/upload/t_cover_big/co3byv.jpg,1.00,2026-07-26
Armies of Exigo,igdb,18855,armies-of-exigo,Armies of Exigo,2004-11-30,Real Time Strategy (RTS);Strategy,69,,https://images.igdb.com/igdb/image/upload/t_cover_big/co2n88.jpg,1.00,2026-07-26
Armikrog,igdb,11093,armikrog,Armikrog,2015-09-30,Point-and-click;Platform;Puzzle;Strategy;Adventure;Indie,57,,https://images.igdb.com/igdb/image/upload/t_cover_big/co2pg7.jpg,1.00,2026-07-26
Armored Core VI: Fires of Rubicon,igdb,228542,armored-core-vi-fires-of-rubicon,Armored Core VI: Fires of Rubicon,2023-08-24,Shooter,87,,https://images.igdb.com/igdb/image/upload/t_cover_big/coc408.jpg,1.00,2026-07-26
Arms,igdb,26759,arms,Arms,2017-06-16,Fighting,78,,https://images.igdb.com/igdb/image/upload/t_cover_big/co1mxn.jpg,1.00,2026-07-26
Army of Two,igdb,996,army-of-two,Army of Two,2008-03-04,Shooter;Tactical,71,,https://images.igdb.com/igdb/image/upload/t_cover_big/co5x88.jpg,1.00,2026-07-26
Army of Two: Devil's Cartel,igdb,1832,army-of-two-the-devil-s-cartel,Army of Two: The Devil's Cartel,2013-03-26,Shooter,56,,https://images.igdb.com/igdb/image/upload/t_cover_big/co2n8c.jpg,0.93,2026-07-26
Army of Two: The 40th Day,igdb,997,army-of-two-the-40th-day,Army of Two: The 40th Day,2010-01-08,Shooter;Tactical,78,,https://images.igdb.com/igdb/image/upload/t_cover_big/co2n8d.jpg,1.00,2026-07-26
Art Style: Intersect,,,,Art Style: Digidrive,,,,,,0.63,2026-07-26
Art Style: Orbient,igdb,21181,art-style-orbient,Art Style: Orbient,2008-09-29,Puzzle,80,,https://images.igdb.com/igdb/image/upload/t_cover_big/co5tju.jpg,1.00,2026-07-26
Arx Fatalis,igdb,602,arx-fatalis,Arx Fatalis,2002-06-28,Puzzle;Role-playing (RPG);Adventure,78,,https://images.igdb.com/igdb/image/upload/t_cover_big/co2zpp.jpg,1.00,2026-07-26
As Dusk Falls,igdb,135995,as-dusk-falls,As Dusk Falls,2022-07-19,Point-and-click;Role-playing (RPG);Adventure,88,,https://images.igdb.com/igdb/image/upload/t_cover_big/co4v2t.jpg,1.00,2026-07-26
As Far as the Eye,igdb,129107,as-far-as-the-eye,As Far as the Eye,2020-09-10,Simulator;Strategy;Turn-based strategy (TBS);Indie,,,https://images.igdb.com/igdb/image/upload/t_cover_big/co2g7d.jpg,1.00,2026-07-26
Asgard's Wrath 2,igdb,251569,asgards-wrath-ii,Asgard’s Wrath II,2023-12-15,Role-playing (RPG);Adventure,95,,https://images.igdb.com/igdb/image/upload/t_cover_big/co95kf.jpg,0.91,2026-07-26
Ash of Gods Redemption,igdb,28006,ash-of-gods-redemption,Ash of Gods: Redemption,2018-03-23,Role-playing (RPG);Strategy;Turn-based strategy (TBS);Tactical;Adventure;Indie;Card & Board Game,70,,https://images.igdb.com/igdb/image/upload/t_cover_big/co1ye1.jpg,1.00,2026-07-26
Ashen,igdb,17001,ashen--1,Ashen,2018-12-07,Role-playing (RPG);Adventure;Indie,83,,https://images.igdb.com/igdb/image/upload/t_cover_big/co4o0i.jpg,1.00,2026-07-26
Ashes of the Singularity: Escalation,igdb,25741,ashes-of-the-singularity-escalation,Ashes of the Singularity: Escalation,2016-11-10,Real Time Strategy (RTS);Role-playing (RPG);Simulator;Strategy;Indie,86,,https://images.igdb.com/igdb/image/upload/t_cover_big/co1ijl.jpg,1.00,2026-07-26
Ashwalkers: A Survival Journey,igdb,138669,ashwalkers-a-survival-journey,Ashwalkers: A Survival Journey,2021-04-15,Adventure;Indie,79,,https://images.igdb.com/igdb/image/upload/t_cover_big/co459q.jpg,1.00,2026-07-26
Assassin's Creed,igdb,216319,assassins-creed-jade,Assassin's Creed Jade,,Role-playing (RPG);Hack and slash/Beat 'em up;Adventure,,,https://images.igdb.com/igdb/image/upload/t_cover_big/co6zkr.jpg,0.86,2026-07-26
Assassin's Creed 2 GOTY (Ezio Collection),,,,,,,,,,0.00,2026-07-26
Assassin's Creed 2: Discovery,igdb,18865,assassins-creed-ii-discovery,Assassin's Creed II: Discovery,2009-11-17,Adventure,60,,https://images.igdb.com/igdb/image/upload/t_cover_big/co1xic.jpg,0.95,2026-07-26
Assassin's Creed Bloodlines,igdb,10661,assassins-creed-bloodlines,Assassin's Creed: Bloodlines,2009-11-17,Adventure,45,,https://images.igdb.com/igdb/image/upload/t_cover_big/co1xia.jpg,1.00,2026-07-26
Assassin's Creed Chronicles: China,igdb,8223,assassins-creed-chronicles-china--1,Assassin's Creed Chronicles: China,2015-04-21,Platform;Role-playing (RPG);Adventure,70,,https://images.igdb.com/igdb/image/upload/t_cover_big/co1qy6.jpg,1.00,2026-07-26
Assassin's Creed Chronicles: India,igdb,14902,assassins-creed-chronicles-india,Assassin's Creed Chronicles: India,2016-01-12,Platform;Adventure,60,,https://images.igdb.com/igdb/image/upload/t_cover_big/co1qy4.jpg,1.00,2026-07-26
Assassin's Creed Chronicles: Russia,igdb,14903,assassins-creed-chronicles-russia,Assassin's Creed Chronicles: Russia,2016-02-09,Platform;Adventure,56,,https://images.igdb.com/igdb/image/upload/t_cover_big/co1qy5.jpg,1.00,2026-07-26
Assassin's Creed Identity,igdb,17028,assassins-creed-identity,Assassin's Creed Identity,2016-02-25,Role-playing (RPG);Adventure,60,,https://images.igdb.com/igdb/image/upload/t_cover_big/co4jqg.jpg,1.00,2026-07-26
Assassin's Creed III Edycja Washingtona,,,,,,,,,,0.00,2026-07-26
Assassin's Creed III: Freedom Cry,,,,,,,,,,0.00,2026-07-26
Assassin's Creed III: Liberation (HD Remastered),igdb,3195,assassin-s-creed-iii-liberation,Assassin's Creed III: Liberation,2012-10-30,Strategy;Hack and slash/Beat 'em up;Adventure,69,,https://images.igdb.com/igdb/image/upload/t_cover_big/co1xim.jpg,1.00,2026-07-26
Assassin's Creed IV Black Flag,igdb,1970,assassins-creed-iv-black-flag,Assassin's Creed IV Black Flag,2013-10-29,Adventure,85,,https://images.igdb.com/igdb/image/upload/t_cover_big/co4qfn.jpg,1.00,2026-07-26
Assassin's Creed Mirage,,,,Assassin's Creed Mirage: Master Assassin Pack,,,,,,0.77,2026-07-26
Assassin's Creed Odyssey (+ DLC),igdb,103054,assassins-creed-odyssey,Assassin's Creed Odyssey,2018-10-05,Role-playing (RPG);Adventure,88,,https://images.igdb.com/igdb/image/upload/t_cover_big/co2nul.jpg,1.00,2026-07-26
Assassin's Creed Origins (+ DLC),igdb,28540,assassins-creed-origins,Assassin's Creed Origins,2017-10-26,Role-playing (RPG);Adventure,86,,https://images.igdb.com/igdb/image/upload/t_cover_big/co1rbe.jpg,1.00,2026-07-26
Assassin's Creed Rogue,igdb,7570,assassins-creed-rogue,Assassin's Creed Rogue,2014-11-11,Role-playing (RPG);Adventure,71,,https://images.igdb.com/igdb/image/upload/t_cover_big/co1xir.jpg,1.00,2026-07-26
Assassin's Creed Unity,igdb,5606,assassins-creed-unity,Assassin's Creed Unity,2014-11-11,Role-playing (RPG);Adventure,71,,https://images.igdb.com/igdb/image/upload/t_cover_big/co1xiq.jpg,1.00,2026-07-26
Assassin's Creed Valhalla (+ DLC),igdb,133004,assassins-creed-valhalla,Assassin's Creed Valhalla,2020-11-10,Role-playing (RPG);Adventure,85,,https://images.igdb.com/igdb/image/upload/t_cover_big/co2ed3.jpg,1.00,2026-07-26
Assassin's Creed: Altair's Chronicles,igdb,21349,assassins-creed-altairs-chronicles,Assassin's Creed: Altair's Chronicles,2008-02-05,Platform;Adventure,60,,https://images.igdb.com/igdb/image/upload/t_cover_big/co8yvv.jpg,1.00,2026-07-26
Assassin's Creed: Brotherhood (Ezio Collection),igdb,113,assassins-creed-brotherhood,Assassin's Creed Brotherhood,2010-11-16,Puzzle;Adventure,83,,https://images.igdb.com/igdb/image/upload/t_cover_big/cocdky.jpg,1.00,2026-07-26
Assassin's Creed: Revelations (Ezio Collection),igdb,537,assassins-creed-revelations,Assassin's Creed Revelations,2011-11-14,Adventure,82,,https://images.igdb.com/igdb/image/upload/t_cover_big/co1xih.jpg,1.00,2026-07-26
Assassin's Creed: Shadows,igdb,300976,assassins-creed-shadows,Assassin's Creed Shadows,2025-03-20,Role-playing (RPG);Adventure,85,,https://images.igdb.com/igdb/image/upload/t_cover_big/co87cu.jpg,1.00,2026-07-26
Assassin's Creed: Syndicate (+ DLC Kuba Rozpruwacz),igdb,8263,assassins-creed-syndicate,Assassin's Creed Syndicate,2015-10-23,Adventure,72,,https://images.igdb.com/igdb/image/upload/t_cover_big/co1xis.jpg,1.00,2026-07-26
Assetto Corsa Competizione,igdb,89444,assetto-corsa-competizione,Assetto Corsa Competizione,2019-05-29,Racing;Simulator;Sport,70,,https://images.igdb.com/igdb/image/upload/t_cover_big/co790f.jpg,1.00,2026-07-26
Astebreed,igdb,8356,astebreed,Astebreed,2013-12-31,Shooter;Indie;Arcade,82,,https://images.igdb.com/igdb/image/upload/t_cover_big/co2lfq.jpg,1.00,2026-07-26
Asterix,,,,Asterix at the Olympic Games,,,,,,0.40,2026-07-26
Asteroids,igdb,376807,asteroids--14,Asteroids,2025-11-18,,,,https://images.igdb.com/igdb/image/upload/t_cover_big/coatlh.jpg,1.00,2026-07-26
Astral Chain,igdb,115283,astral-chain,Astral Chain,2019-08-30,Hack and slash/Beat 'em up;Adventure,89,,https://images.igdb.com/igdb/image/upload/t_cover_big/cobd39.jpg,1.00,2026-07-26
Astro Bot,igdb,303811,astro-bot,Astro Bot,2024-09-06,Platform;Adventure,94,,https://images.igdb.com/igdb/image/upload/t_cover_big/coba3k.jpg,1.00,2026-07-26
Astro Bot Rescue Mission,igdb,102129,astro-bot-rescue-mission,Astro Bot: Rescue Mission,2018-10-02,Platform;Adventure,89,,https://images.igdb.com/igdb/image/upload/t_cover_big/co2eao.jpg,1.00,2026-07-26
Astro Boy: Omega Factor,igdb,6310,astro-boy-omega-factor,Astro Boy: Omega Factor,2003-12-18,Shooter;Platform;Hack and slash/Beat 'em up,,,https://images.igdb.com/igdb/image/upload/t_cover_big/co2lir.jpg,1.00,2026-07-26
Astro's Playroom,igdb,134597,astros-playroom,Astro's Playroom,2020-11-12,Platform;Adventure,81,,https://images.igdb.com/igdb/image/upload/t_cover_big/co9hb4.jpg,1.00,2026-07-26
Astrologaster,igdb,68390,astrologaster,Astrologaster,2019-05-02,Strategy;Adventure;Indie;Visual Novel,60,,https://images.igdb.com/igdb/image/upload/t_cover_big/co1i6a.jpg,1.00,2026-07-26
Astroneer,igdb,13205,astroneer,Astroneer,2019-02-06,Simulator;Adventure;Indie,81,,https://images.igdb.com/igdb/image/upload/t_cover_big/cobyfe.jpg,1.00,2026-07-26
Asura's Wrath,igdb,5495,asura-s-wrath,Asura's Wrath,2012-02-21,Hack and slash/Beat 'em up,75,,https://images.igdb.com/igdb/image/upload/t_cover_big/co4961.jpg,1.00,2026-07-26
Atari Flashback Classics Vol. 1*,igdb,24891,atari-flashback-classics-vol-1,Atari Flashback Classics Vol. 1,2016-10-13,Simulator;Strategy;Arcade,75,,https://images.igdb.com/igdb/image/upload/t_cover_big/co5byn.jpg,1.00,2026-07-26
Atari Flashback Classics Vol. 2*,igdb,24962,atari-flashback-classics-vol-2,Atari Flashback Classics Vol. 2,2016-10-11,Simulator;Strategy;Arcade,70,,https://images.igdb.com/igdb/image/upload/t_cover_big/co5byo.jpg,1.00,2026-07-26
Atelier Ayesha: The Alchemist of Dusk*,igdb,7278,atelier-ayesha-the-alchemist-of-dusk,Atelier Ayesha: The Alchemist of Dusk,2012-06-28,Role-playing (RPG);Adventure,73,,https://images.igdb.com/igdb/image/upload/t_cover_big/co2s38.jpg,1.00,2026-07-26
Atelier Escha & Logy ~Alchemists of the Dusk Sky~*,igdb,7279,atelier-escha-logy-alchemists-of-the-dusk-sky,Atelier Escha & Logy: Alchemists of the Dusk Sky,2013-06-27,Role-playing (RPG);Adventure,69,,https://images.igdb.com/igdb/image/upload/t_cover_big/co2sdp.jpg,1.00,2026-07-26
Atelier Meruru - The Alchemist of Arland 3 -*,,,,Atelier Meruru: The Apprentice of Arland,,,,,,0.81,2026-07-26
Atelier Rorona Plus: The Alchemist of Arland*,igdb,43039,atelier-rorona-plus-the-alchemist-of-arland,Atelier Rorona Plus: The Alchemist of Arland,2013-11-21,Role-playing (RPG),,,https://images.igdb.com/igdb/image/upload/t_cover_big/co2vvz.jpg,1.00,2026-07-26
Atelier Shallie ~Alchemists of the Dusk Sea~*,igdb,11513,atelier-shallie-alchemists-of-the-dusk-sea,Atelier Shallie: Alchemists of the Dusk Sea,2014-06-26,Role-playing (RPG),77,,https://images.igdb.com/igdb/image/upload/t_cover_big/co2s37.jpg,1.00,2026-07-26
Atlantica Online,igdb,9522,atlantica-online,Atlantica Online,2008-10-30,Role-playing (RPG);Strategy;Adventure,,,https://images.igdb.com/igdb/image/upload/t_cover_big/co1vap.jpg,1.00,2026-07-26
Atlas,igdb,324945,atlas--1,Atlas,1991-08-02,Simulator;Strategy,,,https://images.igdb.com/igdb/image/upload/t_cover_big/coaznt.jpg,1.00,2026-07-26
Atlas Fallen,igdb,214409,atlas-fallen,Atlas Fallen,2023-08-10,Role-playing (RPG);Adventure,72,,https://images.igdb.com/igdb/image/upload/t_cover_big/co546f.jpg,1.00,2026-07-26
Atomfall,igdb,305159,atomfall,Atomfall,2025-03-27,Shooter;Role-playing (RPG);Adventure,74,,https://images.igdb.com/igdb/image/upload/t_cover_big/co9dar.jpg,1.00,2026-07-26
Atomic Heart,igdb,76747,atomic-heart,Atomic Heart,2023-02-21,Shooter;Role-playing (RPG);Adventure,72,,https://images.igdb.com/igdb/image/upload/t_cover_big/co68ag.jpg,1.00,2026-07-26
Atomic Ninjas,igdb,8649,atomic-ninjas,Atomic Ninjas,2013-10-02,Platform;Arcade,,,https://images.igdb.com/igdb/image/upload/t_cover_big/co2xgs.jpg,1.00,2026-07-26
Audica,igdb,115285,audica,Audica,2019-03-07,Shooter;Music;Indie,,,https://images.igdb.com/igdb/image/upload/t_cover_big/co1ws3.jpg,1.00,2026-07-26
Audiosurf,igdb,2956,audiosurf,Audiosurf,2008-02-15,Music;Puzzle;Indie,90,,https://images.igdb.com/igdb/image/upload/t_cover_big/co1ud3.jpg,1.00,2026-07-26
Auditorium,igdb,15282,auditorium,Auditorium,2008-04-01,Music;Puzzle;Strategy;Indie,,,https://images.igdb.com/igdb/image/upload/t_cover_big/co248e.jpg,1.00,2026-08-02
Automachef,igdb,107217,automachef,Automachef,2019-07-22,Puzzle;Simulator;Strategy;Indie,75,,https://images.igdb.com/igdb/image/upload/t_cover_big/co1o3b.jpg,1.00,2026-08-02
Avadon: The Black Fortress,igdb,7407,avadon-the-black-fortress,Avadon: The Black Fortress,2011-08-17,Role-playing (RPG);Strategy;Adventure;Indie,,,https://images.igdb.com/igdb/image/upload/t_cover_big/co24mg.jpg,1.00,2026-08-02
Avatar: Frontiers of Pandora,igdb,152202,avatar-frontiers-of-pandora,Avatar: Frontiers of Pandora,2023-12-07,Adventure,73,,https://images.igdb.com/igdb/image/upload/t_cover_big/co9oe3.jpg,1.00,2026-08-02
Avatar: Gra komputerowa,,,,,,,,,,0.00,2026-08-02
Aven Colony,igdb,23212,aven-colony,Aven Colony,2017-07-25,Simulator;Strategy;Indie,73,,https://images.igdb.com/igdb/image/upload/t_cover_big/co234w.jpg,1.00,2026-08-02
AVICII Invector,igdb,75245,avicii-invector,Avicii Invector,2019-12-10,Music;Indie;Arcade,81,,https://images.igdb.com/igdb/image/upload/t_cover_big/co24dj.jpg,1.00,2026-08-02
Avowed,igdb,135994,avowed,Avowed,2025-02-18,Role-playing (RPG);Adventure,85,,https://images.igdb.com/igdb/image/upload/t_cover_big/co7nbb.jpg,1.00,2026-08-02
Awesomenauts,igdb,1281,awesomenauts,Awesomenauts,2012-05-01,Platform;Strategy;Indie;MOBA,72,,https://images.igdb.com/igdb/image/upload/t_cover_big/co2sld.jpg,1.00,2026-08-02
Axelay,igdb,6570,axelay,Axelay,1992-09-01,Shooter;Adventure;Arcade,81,,https://images.igdb.com/igdb/image/upload/t_cover_big/co25my.jpg,1.00,2026-08-02
Axiom Verge,igdb,8652,axiom-verge,Axiom Verge,2015-03-31,Platform;Adventure;Indie,84,,https://images.igdb.com/igdb/image/upload/t_cover_big/co1kml.jpg,1.00,2026-08-02
Axiom Verge 2,igdb,127269,axiom-verge-2,Axiom Verge 2,2021-08-11,Platform;Adventure;Indie,78,,https://images.igdb.com/igdb/image/upload/t_cover_big/co3k3x.jpg,1.00,2026-08-02
Azkend 2,,,,Azkend 2: The World Beneath,,,,,,0.47,2026-08-02
Aztez,igdb,8651,aztez,Aztez,2017-08-01,Fighting;Strategy;Turn-based strategy (TBS);Hack and slash/Beat 'em up;Indie,90,,https://images.igdb.com/igdb/image/upload/t_cover_big/co1za0.jpg,1.00,2026-08-02
B.A.S.E. Jumping,igdb,137095,base-jumping,B.A.S.E. Jumping,,,,,,1.00,2026-08-02
Babel Rising,igdb,10017,babel-rising,Babel Rising,2012-01-24,Strategy,53,,https://images.igdb.com/igdb/image/upload/t_cover_big/co2138.jpg,1.00,2026-08-02
Babylon's Fall,igdb,103312,babylons-fall,Babylon's Fall,2022-03-03,Role-playing (RPG);Adventure,40,,https://images.igdb.com/igdb/image/upload/t_cover_big/co4fo0.jpg,1.00,2026-08-02
Back 4 Blood,igdb,116200,back-4-blood,Back 4 Blood,2021-10-12,Shooter,79,,https://images.igdb.com/igdb/image/upload/t_cover_big/co2mhj.jpg,1.00,2026-08-02
Back to Bed*,igdb,135454,back-to-bed--1,Back to Bed,2020-05-15,Puzzle;Strategy;Indie,,,https://images.igdb.com/igdb/image/upload/t_cover_big/co2p1j.jpg,1.00,2026-08-02
Back to the Future,igdb,217648,back-to-the-future--2,Back to the Future,1991-12-31,,,,https://images.igdb.com/igdb/image/upload/t_cover_big/co59yz.jpg,1.00,2026-08-02
Bad Day LA,,,,American McGee presents: Bad Day L.A.,,,,,,0.52,2026-08-02
Bad Mojo Redux,igdb,10020,bad-mojo-redux,Bad Mojo: Redux,2004-12-10,Puzzle;Simulator;Adventure,,,https://images.igdb.com/igdb/image/upload/t_cover_big/co1p3l.jpg,0.92,2026-08-02
Bad North: Jotunn Edition,igdb,122659,bad-north-jotunn-edition,Bad North: Jotunn Edition,2018-08-20,Real Time Strategy (RTS);Simulator;Strategy;Tactical;Indie,,,https://images.igdb.com/igdb/image/upload/t_cover_big/co24mh.jpg,1.00,2026-08-02
Badland: GOTY,,,,,,,,,,0.00,2026-08-02
BAFL - Brakes Are For Losers,igdb,44740,bafl-brakes-are-for-losers,BAFL: Brakes Are For Losers,2017-10-18,Racing;Indie;Arcade;Card & Board Game,69,,https://images.igdb.com/igdb/image/upload/t_cover_big/co22zz.jpg,1.00,2026-08-02
Baja: Edge of Control HD,igdb,28170,baja-edge-of-control-hd,Baja: Edge of Control HD,2017-09-14,Racing;Sport,65,,https://images.igdb.com/igdb/image/upload/t_cover_big/co22zx.jpg,1.00,2026-08-02
Balan Wonderworld,igdb,135992,balan-wonderworld,Balan Wonderworld,2021-03-25,Platform,57,,https://images.igdb.com/igdb/image/upload/t_cover_big/co2xxs.jpg,1.00,2026-08-02
Balatro,igdb,251833,balatro,Balatro,2024-02-20,Strategy;Turn-based strategy (TBS);Indie;Card & Board Game,91,,https://images.igdb.com/igdb/image/upload/t_cover_big/co9f4g.jpg,1.00,2026-08-02
BALDUR'S GATE 2 COMPLETE,,,,,,,,,,0.00,2026-08-02
Baldur's Gate II: Enhanced Edition,igdb,5613,baldur-s-gate-ii-enhanced-edition,Baldur's Gate II: Enhanced Edition,2013-11-15,Role-playing (RPG);Strategy;Adventure,,,https://images.igdb.com/igdb/image/upload/t_cover_big/cobgoi.jpg,0.92,2026-08-02
Baldur's Gate III,igdb,119171,baldurs-gate-iii,Baldur's Gate III,2023-08-03,Role-playing (RPG);Strategy;Turn-based strategy (TBS),94,,https://images.igdb.com/igdb/image/upload/t_cover_big/co670h.jpg,1.00,2026-08-02
Baldur's Gate: Dark Alliance,igdb,83,baldur-s-gate-dark-alliance,Baldur's Gate: Dark Alliance,2001-12-02,Role-playing (RPG);Hack and slash/Beat 'em up,85,,https://images.igdb.com/igdb/image/upload/t_cover_big/co1tay.jpg,1.00,2026-08-02
Baldur's Gate: Dark Alliance 2,igdb,84,baldur-s-gate-dark-alliance-ii,Baldur's Gate: Dark Alliance II,2004-01-20,Role-playing (RPG);Hack and slash/Beat 'em up;Adventure,76,,https://images.igdb.com/igdb/image/upload/t_cover_big/co1tb2.jpg,1.00,2026-08-02
Baldur's Gate: Enhanced Edition,igdb,1880,baldur-s-gate-enhanced-edition,Baldur's Gate: Enhanced Edition,2012-11-27,Role-playing (RPG);Strategy;Adventure,78,,https://images.igdb.com/igdb/image/upload/t_cover_big/co7ugr.jpg,0.92,2026-08-02
BALDUR'S GATE: THE ORIGINAL SAGA,,,,,,,,,,0.00,2026-08-02
Baldur’s Gate: Dark Alliance II,igdb,84,baldur-s-gate-dark-alliance-ii,Baldur's Gate: Dark Alliance II,2004-01-20,Role-playing (RPG);Hack and slash/Beat 'em up;Adventure,76,,https://images.igdb.com/igdb/image/upload/t_cover_big/co1tb2.jpg,1.00,2026-08-02
Ballblazer,igdb,273081,ballblazer--1,Ballblazer,1988-03-04,,,,https://images.igdb.com/igdb/image/upload/t_cover_big/co7agz.jpg,1.00,2026-08-02
Bandit Six: Combined Arms,igdb,86660,bandit-six-combined-arms,Bandit Six: Combined Arms,2015-05-01,Shooter;Arcade,65,,https://images.igdb.com/igdb/image/upload/t_cover_big/coca1j.jpg,1.00,2026-08-02
Bang Bang Racing,igdb,15286,bang-bang-racing,Bang Bang Racing,2011-05-13,Racing;Arcade,,,https://images.igdb.com/igdb/image/upload/t_cover_big/co3lww.jpg,1.00,2026-08-02
Bang Bang Racing*,igdb,15286,bang-bang-racing,Bang Bang Racing,2011-05-13,Racing;Arcade,,,https://images.igdb.com/igdb/image/upload/t_cover_big/co3lww.jpg,1.00,2026-08-02
Bangai-O,igdb,3443,bangai-o,Bangai-O,1999-12-09,Shooter,,,https://images.igdb.com/igdb/image/upload/t_cover_big/co9ks6.jpg,1.00,2026-08-02
Bangai-O Spirits,igdb,21278,bangai-o-spirits,Bangai-O Spirits,2008-03-19,Shooter,80,,https://images.igdb.com/igdb/image/upload/t_cover_big/co426k.jpg,1.00,2026-08-02
Banishers: Ghosts of New Eden,igdb,228539,banishers-ghosts-of-new-eden,Banishers: Ghosts of New Eden,2024-02-13,Role-playing (RPG);Adventure,78,,https://images.igdb.com/igdb/image/upload/t_cover_big/co6lmo.jpg,1.00,2026-08-02
Banjo-Kazooie,igdb,2148,banjo-kazooie,Banjo-Kazooie,1998-06-29,Platform;Quiz/Trivia;Adventure,78,,https://images.igdb.com/igdb/image/upload/t_cover_big/cobbr5.jpg,1.00,2026-08-02
Banjo-Kazooie: Nuts & Bolts,igdb,3008,banjo-kazooie-nuts-bolts,Banjo-Kazooie: Nuts & Bolts,2008-11-12,Platform;Racing;Quiz/Trivia;Adventure,87,,https://images.igdb.com/igdb/image/upload/t_cover_big/co2feg.jpg,1.00,2026-08-02
Banjo-Tooie,igdb,201645,banjo-tooie--1,Banjo-Tooie,2009-04-29,Platform;Quiz/Trivia;Adventure,,,https://images.igdb.com/igdb/image/upload/t_cover_big/co6bhb.jpg,1.00,2026-08-02
Bank Panic,igdb,6083,bank-panic,Bank Panic,1984-09-28,Shooter;Arcade,,,https://images.igdb.com/igdb/image/upload/t_cover_big/jqyxtuhkbemjbz3hxdy3.jpg,1.00,2026-08-02
Barony,igdb,35189,barony,Barony,2015-06-23,Fighting;Role-playing (RPG);Adventure;Indie,,,https://images.igdb.com/igdb/image/upload/t_cover_big/co5ums.jpg,1.00,2026-08-02
Bastion,igdb,1983,bastion,Bastion,2011-07-20,Role-playing (RPG);Adventure;Indie,90,,https://images.igdb.com/igdb/image/upload/t_cover_big/co1qlj.jpg,1.00,2026-08-02
Batman Arkham VR,igdb,19563,batman-arkham-vr,Batman: Arkham VR,2016-10-13,Puzzle;Adventure,73,,https://images.igdb.com/igdb/image/upload/t_cover_big/co22zo.jpg,1.00,2026-08-02
Batman: Arkham Asylum GOTY,,,,,,,,,,0.00,2026-08-02
Batman: Arkham City (GOTY na PC),igdb,501,batman-arkham-city,Batman: Arkham City,2011-10-18,Hack and slash/Beat 'em up;Adventure,91,,https://images.igdb.com/igdb/image/upload/t_cover_big/co1voh.jpg,1.00,2026-08-02
Batman: Arkham Knight (+ Season Pass),,,,Batman: Arkham Knight - Batman Inc. Skin,,,,,,0.79,2026-08-02
Batman: Arkham Origins,igdb,83899,batman-arkham-origins--1,Batman: Arkham Origins,2013-10-16,Fighting,,,https://images.igdb.com/igdb/image/upload/t_cover_big/co3zg8.jpg,1.00,2026-08-02
Batman: Arkham Origins Blackgate,igdb,7689,batman-arkham-origins-blackgate,Batman: Arkham Origins Blackgate,2013-10-25,Shooter;Hack and slash/Beat 'em up;Adventure,73,,https://images.igdb.com/igdb/image/upload/t_cover_big/co2hzg.jpg,1.00,2026-08-02
Batman: Arkham Shadow,igdb,299736,batman-arkham-shadow,Batman: Arkham Shadow,2024-10-22,Adventure,88,,https://images.igdb.com/igdb/image/upload/t_cover_big/co85hu.jpg,1.00,2026-08-02
Batman: The Enemy Within,igdb,51525,batman-the-enemy-within,Batman: The Enemy Within,2017-08-08,Point-and-click;Adventure,76,,https://images.igdb.com/igdb/image/upload/t_cover_big/co208l.jpg,1.00,2026-08-02
Batman: The Telltale Series,igdb,14746,batman-the-telltale-series,Batman: The Telltale Series,2016-08-02,Point-and-click;Adventure,75,,https://images.igdb.com/igdb/image/upload/t_cover_big/co1u65.jpg,1.00,2026-08-02
Battalion Wars,igdb,3797,battalion-wars,Battalion Wars,2005-09-19,Real Time Strategy (RTS);Simulator;Strategy,78,,https://images.igdb.com/igdb/image/upload/t_cover_big/co1p3y.jpg,1.00,2026-08-02
Battle Arena Toshinden,igdb,1413,battle-arena-toshinden,Battle Arena Toshinden,1995-01-01,Fighting,60,,https://images.igdb.com/igdb/image/upload/t_cover_big/co1yf3.jpg,1.00,2026-08-02
Battle Breakers,igdb,27431,battle-breakers,Battle Breakers,2019-11-14,Role-playing (RPG);Tactical,,,https://images.igdb.com/igdb/image/upload/t_cover_big/co1t8u.jpg,1.00,2026-08-02
Battle Brothers,igdb,14394,battle-brothers,Battle Brothers,2017-03-24,Role-playing (RPG);Simulator;Strategy;Turn-based strategy (TBS);Tactical;Adventure;Indie,80,,https://images.igdb.com/igdb/image/upload/t_cover_big/co1iop.jpg,1.00,2026-08-02
Battle Chasers: Nightwar,igdb,12511,battle-chasers-nightwar,Battle Chasers: Nightwar,2017-10-03,Role-playing (RPG);Strategy;Turn-based strategy (TBS);Indie,78,,https://images.igdb.com/igdb/image/upload/t_cover_big/zad8syobz3hdosfl9rar.jpg,1.00,2026-08-02
Battle Chess,igdb,2603,battle-chess,Battle Chess,1988-10-01,Strategy;Turn-based strategy (TBS);Card & Board Game,,,https://images.igdb.com/igdb/image/upload/t_cover_big/co26el.jpg,1.00,2026-08-02
Battle Fantasia*,igdb,5499,battle-fantasia,Battle Fantasia,2007-04-26,Fighting,76,,https://images.igdb.com/igdb/image/upload/t_cover_big/co8m07.jpg,1.00,2026-08-02
BATTLE OF TILES EX*,igdb,99552,battle-of-tiles-ex,Battle of Tiles Ex,2013-10-08,Puzzle;Role-playing (RPG);Strategy;Turn-based strategy (TBS),,,https://images.igdb.com/igdb/image/upload/t_cover_big/co3bzr.jpg,1.00,2026-08-02
Battle Princess of Arcadias*,igdb,9068,battle-princess-of-arcadias,Battle Princess of Arcadias,2013-11-26,Fighting;Platform;Role-playing (RPG);Adventure,70,,https://images.igdb.com/igdb/image/upload/t_cover_big/co2fqn.jpg,1.00,2026-08-02
Battle Zone,igdb,245551,battle-zone--1,Battle Zone,1993-12-31,,,,,1.00,2026-08-02
Battleborn,igdb,7687,battleborn,Battleborn,2016-05-03,Shooter;Real Time Strategy (RTS);Role-playing (RPG);Strategy;Hack and slash/Beat 'em up,73,,https://images.igdb.com/igdb/image/upload/t_cover_big/co1u78.jpg,1.00,2026-08-02
Battlefield 1,igdb,18320,battlefield-1,Battlefield 1,2016-10-21,Shooter,89,,https://images.igdb.com/igdb/image/upload/t_cover_big/co2n9d.jpg,1.00,2026-08-02
Battlefield 1942,igdb,240,battlefield-1942,Battlefield 1942,2002-09-10,Shooter,90,,https://images.igdb.com/igdb/image/upload/t_cover_big/co1xb2.jpg,1.00,2026-08-02
Battlefield 1943,igdb,351,battlefield-1943,Battlefield 1943,2009-07-08,Shooter,85,,https://images.igdb.com/igdb/image/upload/t_cover_big/co1nv3.jpg,1.00,2026-08-02
Battlefield 2,igdb,277,battlefield-2,Battlefield 2,2005-06-21,Shooter,93,,https://images.igdb.com/igdb/image/upload/t_cover_big/co2nal.jpg,1.00,2026-08-02
Battlefield 2042,igdb,125166,battlefield-2042,Battlefield 2042,2021-11-19,Shooter,69,,https://images.igdb.com/igdb/image/upload/t_cover_big/co7dfn.jpg,1.00,2026-08-02
Battlefield 3,igdb,343,battlefield-3,Battlefield 3,2011-10-25,Shooter,85,,https://images.igdb.com/igdb/image/upload/t_cover_big/co1xbu.jpg,1.00,2026-08-02
Battlefield 4,igdb,1979,battlefield-4,Battlefield 4,2013-10-29,Shooter;Simulator;Strategy,80,,https://images.igdb.com/igdb/image/upload/t_cover_big/co1nmf.jpg,1.00,2026-08-02
Battlefield 6,igdb,317407,battlefield-6,Battlefield 6,2025-10-10,Shooter,86,,https://images.igdb.com/igdb/image/upload/t_cover_big/coa5zt.jpg,1.00,2026-08-02
Battlefield Heroes,igdb,350,battlefield-heroes,Battlefield Heroes,2009-06-25,Shooter,70,,https://images.igdb.com/igdb/image/upload/t_cover_big/co1xbg.jpg,1.00,2026-08-02
Battlefield Play4Free,igdb,354,battlefield-play4free,Battlefield Play4Free,2011-04-04,Shooter,,,https://images.igdb.com/igdb/image/upload/t_cover_big/co1xbm.jpg,1.00,2026-08-02
Battlefield V,igdb,83728,battlefield-v,Battlefield V,2018-11-20,Shooter,77,,https://images.igdb.com/igdb/image/upload/t_cover_big/co1xbv.jpg,1.00,2026-08-02
Battlefield: Bad Company,igdb,352,battlefield-bad-company-2,Battlefield: Bad Company 2,2010-03-02,Shooter;Strategy;Adventure,87,,https://images.igdb.com/igdb/image/upload/t_cover_big/co1xbi.jpg,1.00,2026-08-02
Battlefield: Bad Company 2,igdb,352,battlefield-bad-company-2,Battlefield: Bad Company 2,2010-03-02,Shooter;Strategy;Adventure,87,,https://images.igdb.com/igdb/image/upload/t_cover_big/co1xbi.jpg,1.00,2026-08-02
Battlefield: Hardline,igdb,7081,battlefield-hardline,Battlefield Hardline,2015-03-17,Shooter,73,,https://images.igdb.com/igdb/image/upload/t_cover_big/co1nmg.jpg,1.00,2026-08-02
Battletech,igdb,18279,battletech,BattleTech,2018-04-24,Strategy;Turn-based strategy (TBS);Adventure,82,,https://images.igdb.com/igdb/image/upload/t_cover_big/co28va.jpg,1.00,2026-08-02
Battletoads,igdb,198679,battletoads--4,Battletoads,1991-12-31,Hack and slash/Beat 'em up,,,https://images.igdb.com/igdb/image/upload/t_cover_big/co7yps.jpg,1.00,2026-08-02
Battlewake,igdb,118306,battlewake,Battlewake,2019-09-10,Racing;Simulator;Strategy;Adventure;Indie,,,https://images.igdb.com/igdb/image/upload/t_cover_big/co1q4y.jpg,1.00,2026-08-02
Battlezone,igdb,613,battlezone,Battlezone,1998-02-28,Shooter;Real Time Strategy (RTS);Simulator;Strategy,70,,https://images.igdb.com/igdb/image/upload/t_cover_big/coc53q.jpg,1.00,2026-08-02
Bayonetta,igdb,2136,bayonetta,Bayonetta,2009-10-29,Shooter;Hack and slash/Beat 'em up;Adventure,91,,https://images.igdb.com/igdb/image/upload/t_cover_big/co8nf4.jpg,1.00,2026-08-02
Bayonetta 2,igdb,2135,bayonetta-2,Bayonetta 2,2014-09-20,Shooter;Hack and slash/Beat 'em up;Adventure,91,,https://images.igdb.com/igdb/image/upload/t_cover_big/cob9e9.jpg,1.00,2026-08-02
Bayonetta 3,igdb,76888,bayonetta-3,Bayonetta 3,2022-10-28,Shooter;Hack and slash/Beat 'em up;Adventure,90,,https://images.igdb.com/igdb/image/upload/t_cover_big/co4z2i.jpg,1.00,2026-08-02
Bayonetta Origins: Cereza and the Lost Demon,igdb,228528,bayonetta-origins-cereza-and-the-lost-demon,Bayonetta Origins: Cereza and the Lost Demon,2023-03-17,Puzzle;Adventure,87,,https://images.igdb.com/igdb/image/upload/t_cover_big/co5vch.jpg,1.00,2026-08-02
Beach Volleyball,igdb,359297,beach-volleyball--3,Beach Volleyball,,,,,,1.00,2026-08-02
Beasts of Maravilla Island,igdb,141740,beasts-of-maravilla-island,Beasts of Maravilla Island,2021-06-12,Puzzle;Adventure;Indie,,,https://images.igdb.com/igdb/image/upload/t_cover_big/co2mq9.jpg,1.00,2026-08-02
Beat Blaster,igdb,114817,beat-blaster,Beat Blaster,2019-02-15,Racing;Simulator;Adventure;Indie,,,https://images.igdb.com/igdb/image/upload/t_cover_big/co1ja3.jpg,1.00,2026-08-02
Beat Cop,igdb,18860,beat-cop,Beat Cop,2017-03-30,Point-and-click;Puzzle;Simulator;Adventure;Indie,70,,https://images.igdb.com/igdb/image/upload/t_cover_big/co22zc.jpg,1.00,2026-08-02
Beat Hazard,igdb,7404,beat-hazard,Beat Hazard,2009-10-28,Shooter;Music;Indie;Arcade,,,https://images.igdb.com/igdb/image/upload/t_cover_big/co2o9m.jpg,1.00,2026-08-02
Beat Me!,,,,Beat Da Beat,,,,,,0.63,2026-08-02
BEAT SABER,igdb,83731,beat-saber,Beat Saber,2018-05-01,Music;Sport;Indie;Arcade,85,,https://images.igdb.com/igdb/image/upload/t_cover_big/co20ux.jpg,1.00,2026-08-02
Beatmania,igdb,135552,beatmania--1,Beatmania,1998-10-01,Music,,,https://images.igdb.com/igdb/image/upload/t_cover_big/co964j.jpg,1.00,2026-08-02
Bee Simulator,igdb,106790,bee-simulator,Bee Simulator,2019-11-12,Simulator;Adventure,57,,https://images.igdb.com/igdb/image/upload/t_cover_big/co1usw.jpg,1.00,2026-08-02
Beholder,igdb,24905,beholder,Beholder,2016-11-09,Role-playing (RPG);Simulator;Strategy;Adventure;Indie,80,,https://images.igdb.com/igdb/image/upload/t_cover_big/co1qlk.jpg,1.00,2026-08-02
Bejeweled 2,igdb,281613,bejeweled-2--1,Bejeweled 2,,Puzzle,,,https://images.igdb.com/igdb/image/upload/t_cover_big/co7l00.jpg,1.00,2026-08-02
Bejeweled Twist,igdb,15712,bejeweled-twist,Bejeweled Twist,2008-10-27,Puzzle;Strategy,84,,https://images.igdb.com/igdb/image/upload/t_cover_big/coc0yc.jpg,1.00,2026-08-02
Bellator MMA Onslaught,igdb,47438,bellator-mma-onslaught,Bellator: MMA Onslaught,2012-07-03,Fighting,,,https://images.igdb.com/igdb/image/upload/t_cover_big/co509k.jpg,1.00,2026-08-02
Ben 10 : Power Trip,igdb,136659,ben-10-power-trip,Ben 10: Power Trip,2020-09-08,Platform;Hack and slash/Beat 'em up;Adventure,72,,https://images.igdb.com/igdb/image/upload/t_cover_big/co2eyt.jpg,1.00,2026-08-02
Beneath a Steel Sky,igdb,612,beneath-a-steel-sky,Beneath a Steel Sky,1994-03-01,Point-and-click;Puzzle;Adventure;Indie,,,https://images.igdb.com/igdb/image/upload/t_cover_big/co9ciz.jpg,1.00,2026-08-02
Besiege,igdb,9047,besiege,Besiege,2020-02-18,Puzzle;Simulator;Strategy;Indie,85,,https://images.igdb.com/igdb/image/upload/t_cover_big/co9cnc.jpg,1.00,2026-08-02
Betrayer,igdb,7711,betrayer,Betrayer,2014-03-24,Shooter;Adventure;Indie,66,,https://images.igdb.com/igdb/image/upload/t_cover_big/co2h9l.jpg,1.00,2026-08-02
Beyond a Steel Sky,igdb,116634,beyond-a-steel-sky,Beyond a Steel Sky,2020-06-25,Puzzle;Adventure;Indie,76,,https://images.igdb.com/igdb/image/upload/t_cover_big/co2d63.jpg,1.00,2026-08-02
Beyond Divinity,igdb,9781,beyond-divinity,Beyond Divinity,2004-04-27,Role-playing (RPG),75,,https://images.igdb.com/igdb/image/upload/t_cover_big/co1qq6.jpg,1.00,2026-08-02
Beyond Good & Evil,igdb,1341,beyond-good-evil,Beyond Good & Evil,2003-11-11,Shooter;Puzzle;Adventure,91,,https://images.igdb.com/igdb/image/upload/t_cover_big/co2n6b.jpg,1.00,2026-08-02
Beyond Good and Evil 2,igdb,1936,beyond-good-evil-2,Beyond Good & Evil 2,,Adventure,,,https://images.igdb.com/igdb/image/upload/t_cover_big/co2pjv.jpg,1.00,2026-08-02
Beyond: Two Souls,igdb,1342,beyond-two-souls,Beyond: Two Souls,2013-10-08,Adventure,66,,https://images.igdb.com/igdb/image/upload/t_cover_big/co8r4w.jpg,1.00,2026-08-02
Big Sky Infinity,igdb,52148,big-sky-infinity,Big Sky Infinity,2012-12-11,Shooter;Arcade,,,https://images.igdb.com/igdb/image/upload/t_cover_big/co2jbo.jpg,1.00,2026-08-02
Binary Domain,igdb,6913,binary-domain,Binary Domain,2012-02-16,Shooter;Puzzle,72,,https://images.igdb.com/igdb/image/upload/t_cover_big/co1qu7.jpg,1.00,2026-08-02
Bio Menace (Facet z wąsami),igdb,8491,bio-menace,Bio Menace,1993-08-03,Platform;Puzzle,,,https://images.igdb.com/igdb/image/upload/t_cover_big/co507b.jpg,1.00,2026-08-02
BioForge,igdb,2213,bioforge,BioForge,1995-03-29,Puzzle;Adventure,,,https://images.igdb.com/igdb/image/upload/t_cover_big/co5wrf.jpg,1.00,2026-08-02
BIOHAZARD: The Darkside Chronicles*,,,,Resident Evil: The Darkside Chronicles,,,,,,0.74,2026-08-02
Biomutant,igdb,54842,biomutant,Biomutant,2021-05-25,Role-playing (RPG);Adventure,73,,https://images.igdb.com/igdb/image/upload/t_cover_big/co1rse.jpg,1.00,2026-08-02
Bionic Commando,igdb,6914,bionic-commando,Bionic Commando,2009-05-19,Shooter;Platform;Adventure,69,,https://images.igdb.com/igdb/image/upload/t_cover_big/co1vwt.jpg,1.00,2026-08-02
Bionic Commando (classic),igdb,9242,bionic-commando--1,Bionic Commando,1987-12-31,Shooter;Platform;Adventure,75,,https://images.igdb.com/igdb/image/upload/t_cover_big/co7k8k.jpg,1.00,2026-08-02
Bionic Commando Rearmed,igdb,15856,bionic-commando-rearmed,Bionic Commando Rearmed,2008-08-13,Shooter;Platform;Arcade,89,,https://images.igdb.com/igdb/image/upload/t_cover_big/co2hlu.jpg,1.00,2026-08-02
Bionic Commando Rearmed 2,igdb,15858,bionic-commando-rearmed-2,Bionic Commando Rearmed 2,2011-02-01,Platform;Arcade,70,,https://images.igdb.com/igdb/image/upload/t_cover_big/co3bzw.jpg,1.00,2026-08-02
Bioshock,igdb,152660,bioshock--1,BioShock,2010-01-05,Shooter;Hack and slash/Beat 'em up;Adventure,,,https://images.igdb.com/igdb/image/upload/t_cover_big/co3aet.jpg,0.92,2026-08-02
Bioshock 2,igdb,21,bioshock-2,BioShock 2,2010-02-09,Shooter;Puzzle;Role-playing (RPG);Adventure,87,,https://images.igdb.com/igdb/image/upload/t_cover_big/co2mlj.jpg,1.00,2026-08-02
Bioshock: Infinite,igdb,538,bioshock-infinite,BioShock Infinite,2013-03-25,Shooter;Adventure,93,,https://images.igdb.com/igdb/image/upload/t_cover_big/co2n12.jpg,1.00,2026-08-02
Biped,igdb,121247,biped,Biped,2020-03-26,Simulator;Sport;Strategy;Adventure;Indie,81,,https://images.igdb.com/igdb/image/upload/t_cover_big/co62i1.jpg,1.00,2026-08-02
Bit. Trip Core,,,,,,,,,,0.00,2026-08-02
BIT.TRIP Presents... Runner2: Future Legend of Rhythm Alien*,igdb,5592,bit-dot-trip-presents-dot-dot-dot-runner2-future-legend-of-rhythm-alien,Bit.Trip Presents... Runner2: Future Legend of Rhythm Alien,2013-02-26,Music;Platform;Adventure;Indie;Arcade,78,,https://images.igdb.com/igdb/image/upload/t_cover_big/co86be.jpg,1.00,2026-08-02
BIT.TRIP RUNNER,igdb,6246,bit-dot-trip-runner,Bit.Trip Runner,2010-05-14,Music;Platform;Indie;Arcade,80,,https://images.igdb.com/igdb/image/upload/t_cover_big/cob88r.jpg,1.00,2026-08-02
Black,igdb,117992,black--1,Black,2018-09-27,Puzzle;Indie,,,https://images.igdb.com/igdb/image/upload/t_cover_big/co5btl.jpg,1.00,2026-08-02
Black & White,igdb,308,black-white,Black & White,2001-03-25,Puzzle;Real Time Strategy (RTS);Simulator;Strategy,,,https://images.igdb.com/igdb/image/upload/t_cover_big/cocjzm.jpg,1.00,2026-08-02
Black & White 2,igdb,1921,black-white-2,Black & White 2,2005-10-07,Real Time Strategy (RTS);Role-playing (RPG);Simulator;Strategy;Adventure,73,,https://images.igdb.com/igdb/image/upload/t_cover_big/co1vgu.jpg,1.00,2026-08-02
Black Desert,igdb,6292,black-desert,Black Desert,2014-12-17,Role-playing (RPG);Strategy;Hack and slash/Beat 'em up;Adventure,75,,https://images.igdb.com/igdb/image/upload/t_cover_big/coay9v.jpg,1.00,2026-08-02
Black Knight Sword,igdb,19913,black-knight-sword,Black Knight Sword,2012-12-11,Platform,64,,https://images.igdb.com/igdb/image/upload/t_cover_big/co21kn.jpg,1.00,2026-08-02
Black Mesa (HL Remake),igdb,6739,black-mesa,Black Mesa,2020-03-06,Shooter;Platform;Adventure;Indie,88,,https://images.igdb.com/igdb/image/upload/t_cover_big/co20n4.jpg,0.92,2026-08-02
Black Mirror (2017),igdb,54699,black-mirror--1,Black Mirror,2017-11-28,Point-and-click;Adventure,25,,https://images.igdb.com/igdb/image/upload/t_cover_big/co22yy.jpg,1.00,2026-08-02
Black Myth: Wukong,igdb,136879,black-myth-wukong,Black Myth: Wukong,2024-08-20,Role-playing (RPG);Hack and slash/Beat 'em up;Adventure,88,,https://images.igdb.com/igdb/image/upload/t_cover_big/co8h3y.jpg,1.00,2026-08-02
Black Ops Declassified,,,,Call of Duty: Black Ops - Declassified,,,,,,0.77,2026-08-02
Black the Fall,igdb,17555,black-the-fall,Black the Fall,2017-07-11,Platform;Puzzle;Adventure;Indie,71,,https://images.igdb.com/igdb/image/upload/t_cover_big/co8p2r.jpg,1.00,2026-08-02
Black Widow: Recharged,igdb,175662,black-widow-recharged,Black Widow: Recharged,2021-10-27,Shooter;Arcade,72,,https://images.igdb.com/igdb/image/upload/t_cover_big/co3z5l.jpg,1.00,2026-08-02
Blackout Club,igdb,89562,the-blackout-club,The Blackout Club,2019-07-30,Role-playing (RPG);Simulator;Indie,64,,https://images.igdb.com/igdb/image/upload/t_cover_big/co1jbk.jpg,0.87,2026-08-02
BLACKSAD: UNDER THE SKIN,igdb,55984,blacksad-under-the-skin,Blacksad: Under the Skin,2019-11-05,Puzzle;Adventure,66,,https://images.igdb.com/igdb/image/upload/t_cover_big/co61er.jpg,1.00,2026-08-02
Blacktail,igdb,152129,blacktail,Blacktail,2022-12-15,Role-playing (RPG);Adventure;Indie,80,,https://images.igdb.com/igdb/image/upload/t_cover_big/co5vul.jpg,1.00,2026-08-02
Blade & Soul,igdb,16741,blade-and-soul,Blade & Soul,2012-06-30,Role-playing (RPG),66,,https://images.igdb.com/igdb/image/upload/t_cover_big/co3wny.jpg,1.00,2026-08-02
Blade Runner,igdb,322,blade-runner,Blade Runner,1997-11-14,Point-and-click;Adventure,,,https://images.igdb.com/igdb/image/upload/t_cover_big/co1zz1.jpg,1.00,2026-08-02
Blade runner 2033: Labirynth,,,,,,,,,,0.00,2026-08-02
Blades of Fire,igdb,333600,blades-of-fire,Blades of Fire,2025-05-22,Adventure,83,,https://images.igdb.com/igdb/image/upload/t_cover_big/co9gvk.jpg,1.00,2026-08-02
Blades of Time,igdb,6918,blades-of-time,Blades of Time,2012-03-06,Shooter;Role-playing (RPG);Hack and slash/Beat 'em up;Adventure,60,,https://images.igdb.com/igdb/image/upload/t_cover_big/co24mi.jpg,1.00,2026-08-02
BLADESTORM: Nightmare,igdb,19927,bladestorm-nightmare,Bladestorm: Nightmare,2015-01-29,Strategy;Hack and slash/Beat 'em up,52,,https://images.igdb.com/igdb/image/upload/t_cover_big/co2pkh.jpg,1.00,2026-08-02
Bladestorm: The Hundred Years' War*,igdb,6919,bladestorm-the-hundred-years-war,Bladestorm: The Hundred Years' War,2007-08-30,Real Time Strategy (RTS);Strategy;Hack and slash/Beat 'em up,75,,https://images.igdb.com/igdb/image/upload/t_cover_big/co603i.jpg,1.00,2026-08-02
Blair Witch,igdb,119298,blair-witch,Blair Witch,2019-08-30,Adventure;Indie,72,,https://images.igdb.com/igdb/image/upload/t_cover_big/cobtgz.jpg,1.00,2026-08-02
Blair Witch VR,igdb,164320,blair-witch-vr,Blair Witch VR,2021-08-12,Adventure;Indie,,,https://images.igdb.com/igdb/image/upload/t_cover_big/co3mch.jpg,1.00,2026-08-02
Blanc,igdb,206812,blanc,Blanc,2023-02-14,Adventure;Indie,66,,https://images.igdb.com/igdb/image/upload/t_cover_big/co4x7o.jpg,1.00,2026-08-02
Blaseball,igdb,136475,blaseball,Blaseball,2020-07-20,Simulator;Sport;Strategy;Indie,,,https://images.igdb.com/igdb/image/upload/t_cover_big/co71d2.jpg,1.00,2026-08-02
Blasphemous,igdb,26820,blasphemous,Blasphemous,2019-09-10,Platform;Role-playing (RPG);Hack and slash/Beat 'em up;Adventure;Indie,78,,https://images.igdb.com/igdb/image/upload/t_cover_big/cob0xj.jpg,1.00,2026-08-02
Blasphemous 2,igdb,165390,blasphemous-ii,Blasphemous II,2023-08-24,Platform;Role-playing (RPG);Hack and slash/Beat 'em up;Adventure;Indie,89,,https://images.igdb.com/igdb/image/upload/t_cover_big/co6ej3.jpg,0.89,2026-08-02
Blast Corps,igdb,3424,blast-corps,Blast Corps,1997-03-21,Puzzle;Tactical,90,,https://images.igdb.com/igdb/image/upload/t_cover_big/co2896.jpg,1.00,2026-08-02
Blasteroids,igdb,371558,blasteroids--1,Blasteroids,2024-12-30,Strategy;Indie,,,https://images.igdb.com/igdb/image/upload/t_cover_big/coamce.jpg,1.00,2026-08-02
Blasters of The Universe,igdb,32845,blasters-of-the-universe,Blasters of the Universe,2017-08-31,Shooter;Arcade,60,,https://images.igdb.com/igdb/image/upload/t_cover_big/co2pkk.jpg,1.00,2026-08-02
BlazBlue: Calamity Trigger,igdb,6441,blazblue-calamity-trigger,BlazBlue: Calamity Trigger,2008-11-19,Fighting;Arcade,73,,https://images.igdb.com/igdb/image/upload/t_cover_big/co2ei9.jpg,1.00,2026-08-02
BlazBlue: Continuum Shift EXTEND,igdb,6920,blazblue-continuum-shift-extend,BlazBlue: Continuum Shift Extend,2011-09-05,Fighting;Arcade,86,,https://images.igdb.com/igdb/image/upload/t_cover_big/cob42w.jpg,1.00,2026-08-02
Blazerush,igdb,14567,blazerush,BlazeRush,2014-10-28,Racing;Indie;Arcade,67,,https://images.igdb.com/igdb/image/upload/t_cover_big/co1uar.jpg,1.00,2026-08-02
Blazing Angels 2: Secret Missions of WWII,igdb,3125,blazing-angels-2-secret-missions-of-wwii,Blazing Angels 2: Secret Missions of WWII,2007-09-07,Simulator,68,,https://images.igdb.com/igdb/image/upload/t_cover_big/co5x89.jpg,1.00,2026-08-02
Bleed 2,igdb,26725,bleed-2,Bleed 2,2017-02-08,Fighting;Shooter;Platform;Adventure;Indie;Arcade,71,,https://images.igdb.com/igdb/image/upload/t_cover_big/co232j.jpg,1.00,2026-08-02
Bleeding Edge,igdb,119260,bleeding-edge,Bleeding Edge,2020-03-24,Fighting,68,,https://images.igdb.com/igdb/image/upload/t_cover_big/co1xak.jpg,1.00,2026-08-02
Blight: Survival,igdb,211470,blight-survival,Blight: Survival,,Adventure;Indie,,,https://images.igdb.com/igdb/image/upload/t_cover_big/co5bpa.jpg,1.00,2026-08-02
Blood & Truth,igdb,75242,blood-and-truth,Blood & Truth,2019-05-28,Shooter;Adventure,72,,https://images.igdb.com/igdb/image/upload/t_cover_big/co1rh8.jpg,1.00,2026-08-02
Blood Bowl 3,igdb,138137,blood-bowl-iii,Blood Bowl III,2023-02-23,Role-playing (RPG);Sport;Strategy;Turn-based strategy (TBS);Card & Board Game,65,,https://images.igdb.com/igdb/image/upload/t_cover_big/co4bof.jpg,0.93,2026-08-02
Blood Bowl: Legendary Edition,igdb,10055,blood-bowl-legendary-edition,Blood Bowl: Legendary Edition,2010-10-28,Sport;Strategy,60,,https://images.igdb.com/igdb/image/upload/t_cover_big/co2a7q.jpg,1.00,2026-08-02
Blood Knights,igdb,8421,blood-knights,Blood Knights,2013-11-01,Role-playing (RPG),,,https://images.igdb.com/igdb/image/upload/t_cover_big/co1uzw.jpg,1.00,2026-08-02
Blood Omen: Legacy of Kain,igdb,7894,blood-omen-legacy-of-kain,Blood Omen: Legacy of Kain,1996-11-01,Hack and slash/Beat 'em up;Adventure,85,,https://images.igdb.com/igdb/image/upload/t_cover_big/co93yt.jpg,1.00,2026-08-02
Bloodborne,igdb,7334,bloodborne,Bloodborne,2015-03-24,Role-playing (RPG);Adventure,91,,https://images.igdb.com/igdb/image/upload/t_cover_big/cob99l.jpg,1.00,2026-08-02
Bloodrayne,igdb,1015,bloodrayne,BloodRayne,2002-10-15,Hack and slash/Beat 'em up;Adventure,78,,https://images.igdb.com/igdb/image/upload/t_cover_big/co1ot8.jpg,1.00,2026-08-02
Bloodrayne 2,igdb,1016,bloodrayne-2,BloodRayne 2,2004-10-12,Hack and slash/Beat 'em up;Adventure,64,,https://images.igdb.com/igdb/image/upload/t_cover_big/co1ot9.jpg,1.00,2026-08-02
BloodRayne: Betrayal,igdb,2606,bloodrayne-betrayal,BloodRayne: Betrayal,2011-09-06,Platform;Hack and slash/Beat 'em up,65,,https://images.igdb.com/igdb/image/upload/t_cover_big/co3b8v.jpg,1.00,2026-08-02
Bloodstained: Ritual of the Night,igdb,10760,bloodstained-ritual-of-the-night,Bloodstained: Ritual of the Night,2019-06-18,Platform;Role-playing (RPG);Adventure,82,,https://images.igdb.com/igdb/image/upload/t_cover_big/cobc4a.jpg,1.00,2026-08-02
Bloody Zombies,igdb,100185,bloody-zombies--1,Bloody Zombies,2007-11-01,,,,,1.00,2026-08-02
Blue Fire,igdb,131868,blue-fire,Blue Fire,2021-02-04,Platform;Role-playing (RPG);Hack and slash/Beat 'em up;Adventure;Indie,74,,https://images.igdb.com/igdb/image/upload/t_cover_big/co4gki.jpg,1.00,2026-08-02
Blue Prince,igdb,149657,blue-prince,Blue Prince,2025-04-10,Puzzle;Strategy;Adventure;Indie,91,,https://images.igdb.com/igdb/image/upload/t_cover_big/co9mzd.jpg,1.00,2026-08-02
Body Harvest,igdb,3426,body-harvest,Body Harvest,1998-09-30,Shooter;Adventure,,,https://images.igdb.com/igdb/image/upload/t_cover_big/co5j8e.jpg,1.00,2026-08-02
Bodycount,igdb,6924,bodycount,Bodycount,2011-08-30,Shooter,61,,https://images.igdb.com/igdb/image/upload/t_cover_big/co49l3.jpg,1.00,2026-08-02
Bolt*,igdb,4723,bolt,Bolt,2008-11-18,Platform;Adventure,60,,https://images.igdb.com/igdb/image/upload/t_cover_big/co2di2.jpg,1.00,2026-08-02
Bomb Jack,igdb,266946,bomb-jack--7,Bomb Jack,1986-12-31,Arcade,,,https://images.igdb.com/igdb/image/upload/t_cover_big/co8avo.jpg,1.00,2026-08-02
Bomber Crew,igdb,55628,bomber-crew,Bomber Crew,2017-10-19,Simulator;Strategy;Indie,85,,https://images.igdb.com/igdb/image/upload/t_cover_big/co2331.jpg,1.00,2026-08-02
Bomberman,igdb,85843,bomberman-2,Bomberman 2,2008-12-04,Puzzle;Arcade,,,https://images.igdb.com/igdb/image/upload/t_cover_big/co1oqm.jpg,0.90,2026-08-02
Bombing Busters,igdb,52145,bombing-busters,Bombing Busters,2015-07-02,Puzzle;Arcade,,,https://images.igdb.com/igdb/image/upload/t_cover_big/co2pln.jpg,1.00,2026-08-02
Bonfire,igdb,123774,bonfire,Bonfire,2020-03-27,Role-playing (RPG);Strategy;Adventure;Indie,,,https://images.igdb.com/igdb/image/upload/t_cover_big/co2plp.jpg,1.00,2026-08-02
Bonsai Barber,igdb,20902,bonsai-barber,Bonsai Barber,2009-03-30,,80,,https://images.igdb.com/igdb/image/upload/t_cover_big/co7xbv.jpg,1.00,2026-08-02
Bookworm,igdb,8325,bookworm,Bookworm,2003-02-25,Puzzle,65,,https://images.igdb.com/igdb/image/upload/t_cover_big/coas3a.jpg,1.00,2026-08-02
Boom Blox Bash Party,igdb,2260,boom-blox-bash-party,Boom Blox Bash Party,2009-05-19,Puzzle,87,,https://images.igdb.com/igdb/image/upload/t_cover_big/co2hqc.jpg,1.00,2026-08-02
Boomerang X,igdb,126851,boomerang-x,Boomerang X,2021-07-08,Shooter;Hack and slash/Beat 'em up;Adventure;Indie;Arcade,90,,https://images.igdb.com/igdb/image/upload/t_cover_big/co4a5g.jpg,1.00,2026-08-02
Boot Hill,igdb,18608,boot-hill,Boot Hill,1977-05-01,Shooter;Arcade,,,https://images.igdb.com/igdb/image/upload/t_cover_big/co67op.jpg,1.00,2026-08-02
Borderlands 2 (The Handsome Collection),igdb,1011,borderlands-2,Borderlands 2,2012-09-18,Shooter;Role-playing (RPG),81,,https://images.igdb.com/igdb/image/upload/t_cover_big/co9ba3.jpg,1.00,2026-08-02
Borderlands 2 VR,igdb,110835,borderlands-2-vr,Borderlands 2 VR,2018-12-14,Shooter;Role-playing (RPG),60,,https://images.igdb.com/igdb/image/upload/t_cover_big/co2n16.jpg,1.00,2026-08-02
Borderlands 3,igdb,19164,borderlands-3,Borderlands 3,2019-09-13,Shooter;Role-playing (RPG);Adventure,81,,https://images.igdb.com/igdb/image/upload/t_cover_big/co20r3.jpg,1.00,2026-08-02
Borderlands 4,igdb,314246,borderlands-4,Borderlands 4,2025-09-11,Shooter;Role-playing (RPG);Adventure,86,,https://images.igdb.com/igdb/image/upload/t_cover_big/co9zuq.jpg,1.00,2026-08-02
Borderlands [GOTY],igdb,498,borderlands,Borderlands,2009-10-20,Shooter;Role-playing (RPG),80,,https://images.igdb.com/igdb/image/upload/t_cover_big/co20tx.jpg,1.00,2026-08-02
Borderlands: The Pre-Sequel (The Handsome Collection),igdb,6032,borderlands-the-pre-sequel,Borderlands: The Pre-Sequel,2014-10-14,Shooter;Role-playing (RPG),75,,https://images.igdb.com/igdb/image/upload/t_cover_big/co20tq.jpg,1.00,2026-08-02
Botanicula,igdb,6611,botanicula,Botanicula,2012-04-19,Point-and-click;Puzzle;Adventure;Indie,82,,https://images.igdb.com/igdb/image/upload/t_cover_big/co24mj.jpg,1.00,2026-08-02
Botany Manor,igdb,225426,botany-manor,Botany Manor,2024-04-09,Puzzle;Adventure;Indie,80,,https://images.igdb.com/igdb/image/upload/t_cover_big/co5rg6.jpg,1.00,2026-08-02
Boulder Dash,igdb,12942,boulder-dash,Boulder Dash,1984-02-01,Platform;Puzzle;Arcade,80,,https://images.igdb.com/igdb/image/upload/t_cover_big/co7jgs.jpg,1.00,2026-08-02
Bound (+ VR),igdb,14790,bound,Bound,2016-08-16,Platform;Puzzle;Adventure,72,,https://images.igdb.com/igdb/image/upload/t_cover_big/co2eal.jpg,1.00,2026-08-02
Bound by Flame,igdb,7208,bound-by-flame,Bound By Flame,2014-05-06,Role-playing (RPG);Adventure,57,,https://images.igdb.com/igdb/image/upload/t_cover_big/co1ppx.jpg,1.00,2026-08-02
Bounty Bob Strikes Back,igdb,12305,bounty-bob-strikes-back,Bounty Bob Strikes Back!,1985-01-02,Platform;Puzzle;Arcade,70,,https://images.igdb.com/igdb/image/upload/t_cover_big/co8opc.jpg,1.00,2026-08-02
Bounty star,igdb,210624,bounty-star,Bounty Star,2025-10-23,Hack and slash/Beat 'em up;Adventure,78,,https://images.igdb.com/igdb/image/upload/t_cover_big/coaqsj.jpg,1.00,2026-08-02
Bow to Blood,igdb,75241,bow-to-blood,Bow to Blood,2019-04-02,Racing;Simulator;Sport;Strategy;Indie,,,https://images.igdb.com/igdb/image/upload/t_cover_big/co8o0g.jpg,1.00,2026-08-02
BoxVR,igdb,91208,boxvr,BoxVR,2019-04-30,Sport;Indie,,,https://images.igdb.com/igdb/image/upload/t_cover_big/co3mjc.jpg,1.00,2026-08-02
Braid,igdb,2853,braid,Braid,2008-08-06,Platform;Puzzle;Strategy;Adventure;Indie,87,,https://images.igdb.com/igdb/image/upload/t_cover_big/co25ni.jpg,1.00,2026-08-02
Brave Fencer Musashi,igdb,1810,brave-fencer-musashi,Brave Fencer Musashi,1998-07-16,Role-playing (RPG);Adventure,,,https://images.igdb.com/igdb/image/upload/t_cover_big/co3bfv.jpg,1.00,2026-08-02
Bravo Team,igdb,37143,bravo-team,Bravo Team,2018-03-06,Shooter,35,,https://images.igdb.com/igdb/image/upload/t_cover_big/bg2mvhflm9cqlbznnqno.jpg,1.00,2026-08-02
Brawlout,igdb,27419,brawlout,Brawlout,2017-12-19,Fighting;Indie;Arcade,60,,https://images.igdb.com/igdb/image/upload/t_cover_big/co1r7b.jpg,1.00,2026-08-02
Breakout,igdb,2754,breakout,Breakout,1976-05-13,Arcade,,,https://images.igdb.com/igdb/image/upload/t_cover_big/co94iu.jpg,1.00,2026-08-02
Breath of Fire II,igdb,6337,breath-of-fire-ii,Breath of Fire II,1994-12-02,Role-playing (RPG);Strategy;Adventure,77,,https://images.igdb.com/igdb/image/upload/t_cover_big/co9m7u.jpg,1.00,2026-08-02
Breath of Fire III,igdb,207256,breath-of-fire-iii--1,Breath of Fire III,2005-08-25,Role-playing (RPG),,,https://images.igdb.com/igdb/image/upload/t_cover_big/co4xsn.jpg,1.00,2026-08-02
Breathedge,igdb,89326,breathedge,Breathedge,2018-09-18,Role-playing (RPG);Simulator;Adventure;Indie,82,,https://images.igdb.com/igdb/image/upload/t_cover_big/co2wvo.jpg,1.00,2026-08-02
Bridge Constructor: The Walking Dead,igdb,137291,bridge-constructor-the-walking-dead,Bridge Constructor: The Walking Dead,2020-11-19,Puzzle;Simulator;Strategy;Adventure;Indie,84,,https://images.igdb.com/igdb/image/upload/t_cover_big/co2fri.jpg,1.00,2026-08-02
Bridge Project,igdb,9785,bridge-project,Bridge Project,2012-10-19,Puzzle;Simulator,,,https://images.igdb.com/igdb/image/upload/t_cover_big/co1usg.jpg,1.00,2026-08-02
Brigador,igdb,13361,brigador,Brigador,2016-06-02,Shooter;Strategy;Tactical;Indie,74,,https://images.igdb.com/igdb/image/upload/t_cover_big/co1wbu.jpg,1.00,2026-08-02
Brigandine,igdb,143118,brigandine,Brigandine,2017-02-04,Shooter,,,https://images.igdb.com/igdb/image/upload/t_cover_big/co2rzl.jpg,1.00,2026-08-02
Bright Memory Infinite,igdb,113739,bright-memory-infinite,Bright Memory: Infinite,2021-11-11,Shooter;Hack and slash/Beat 'em up;Adventure;Indie,67,,https://images.igdb.com/igdb/image/upload/t_cover_big/coapmq.jpg,1.00,2026-08-02
Brink,igdb,502,brink,Brink,2011-05-10,Shooter,73,,https://images.igdb.com/igdb/image/upload/t_cover_big/co1pxk.jpg,1.00,2026-08-02
Broforce,igdb,5973,broforce,Broforce,2015-10-15,Shooter;Platform;Indie;Arcade,72,,https://images.igdb.com/igdb/image/upload/t_cover_big/co28vv.jpg,1.00,2026-08-02
Broken Age,igdb,3087,broken-age,Broken Age,2014-01-28,Point-and-click;Puzzle;Adventure;Indie,77,,https://images.igdb.com/igdb/image/upload/t_cover_big/co2vh9.jpg,1.00,2026-08-02
Broken roads,igdb,122866,broken-roads,Broken Roads,2024-04-10,Role-playing (RPG);Strategy;Turn-based strategy (TBS);Indie,70,,https://images.igdb.com/igdb/image/upload/t_cover_big/co82bc.jpg,1.00,2026-08-02
Broken Sword 3: The Sleeping Dragon,igdb,1151,broken-sword-the-sleeping-dragon,Broken Sword: The Sleeping Dragon,2003-11-14,Point-and-click;Puzzle;Adventure,60,,https://images.igdb.com/igdb/image/upload/t_cover_big/co1v0a.jpg,0.97,2026-08-02
Broken Sword 4: Anioł Śmierci,,,,,,,,,,0.00,2026-08-02
Broken Sword 5: The Serpent's Curse,igdb,2924,broken-sword-5-the-serpents-curse,Broken Sword 5: The Serpent's Curse,2013-12-04,Point-and-click;Puzzle;Role-playing (RPG);Adventure,71,,https://images.igdb.com/igdb/image/upload/t_cover_big/co2mn5.jpg,1.00,2026-08-02
Broken Sword: Shadow of the Templars,igdb,206503,broken-sword-the-shadow-of-the-templars--2,Broken Sword: The Shadow of the Templars,2006-08-02,Point-and-click;Puzzle;Adventure,,,https://images.igdb.com/igdb/image/upload/t_cover_big/co7kt0.jpg,0.95,2026-08-02
Brother's in Arms: Hell's Highway,igdb,618,brothers-in-arms-hell-s-highway,Brothers in Arms: Hell's Highway,2008-09-23,Shooter;Simulator;Strategy,78,,https://images.igdb.com/igdb/image/upload/t_cover_big/co28fa.jpg,0.98,2026-08-02
Brothers in Arms 2: Global Front,igdb,64301,brothers-in-arms-2-global-front,Brothers in Arms 2: Global Front,2010-02-22,Shooter,,,https://images.igdb.com/igdb/image/upload/t_cover_big/pwbxgkkrsmamihcyhrwz.jpg,1.00,2026-08-02
Brothers in Arms 3: Sons of War,igdb,19263,brothers-in-arms-3-sons-of-war,Brothers in Arms 3: Sons of War,2014-12-11,Shooter;Adventure,,,https://images.igdb.com/igdb/image/upload/t_cover_big/co7rhs.jpg,1.00,2026-08-02
Brothers in Arms: D-Day,igdb,23117,brothers-in-arms-d-day,Brothers in Arms: D-Day,2006-12-05,Shooter;Tactical,70,,https://images.igdb.com/igdb/image/upload/t_cover_big/co8cpk.jpg,1.00,2026-08-02
Brothers in Arms: Double Time,igdb,4730,brothers-in-arms-double-time,Brothers in Arms: Double Time,2008-09-23,Shooter;Tactical,50,,https://images.igdb.com/igdb/image/upload/t_cover_big/co7yjc.jpg,1.00,2026-08-02
Brothers in Arms: Earned in Blood,igdb,617,brothers-in-arms-earned-in-blood,Brothers in Arms: Earned in Blood,2005-10-06,Shooter;Strategy;Tactical,73,,https://images.igdb.com/igdb/image/upload/t_cover_big/co3hgo.jpg,1.00,2026-08-02
Brothers in Arms: Hell's Highway,igdb,618,brothers-in-arms-hell-s-highway,Brothers in Arms: Hell's Highway,2008-09-23,Shooter;Simulator;Strategy,78,,https://images.igdb.com/igdb/image/upload/t_cover_big/co28fa.jpg,1.00,2026-08-02
Brothers in Arms: Hour of Heroes,igdb,21648,brothers-in-arms-hour-of-heroes,Brothers in Arms: Hour of Heroes,2008-11-23,Shooter;Adventure,78,,https://images.igdb.com/igdb/image/upload/t_cover_big/co7rhv.jpg,1.00,2026-08-02
Brothers in Arms: Road to Hll 30,,,,,,,,,,0.00,2026-08-02
Brothers: A Tale of Two Sons,igdb,1334,brothers-a-tale-of-two-sons,Brothers: A Tale of Two Sons,2013-08-07,Puzzle;Adventure;Indie,83,,https://images.igdb.com/igdb/image/upload/t_cover_big/co1rro.jpg,1.00,2026-08-02
Brygada E5: New Jagged Union,,,,,,,,,,0.00,2026-08-02
Brütal Legend,igdb,212,brutal-legend,Brütal Legend,2009-10-13,Music;Real Time Strategy (RTS);Simulator;Strategy;Adventure,80,,https://images.igdb.com/igdb/image/upload/t_cover_big/co27c8.jpg,1.00,2026-08-02
Bubble Bobble,igdb,332218,bubble-bobble--12,Bubble Bobble,1987-12-31,Platform;Puzzle;Arcade,,,https://images.igdb.com/igdb/image/upload/t_cover_big/co9f77.jpg,1.00,2026-08-02
Bubsy: The Woolies Strike Back,igdb,36868,bubsy-the-woolies-strike-back,Bubsy: The Woolies Strike Back,2017-10-31,Platform;Adventure,33,,https://images.igdb.com/igdb/image/upload/t_cover_big/fgwgl5gc00cg5syybti6.jpg,1.00,2026-08-02
Budget Cuts,igdb,18970,budget-cuts,Budget Cuts,2018-05-31,Shooter;Adventure;Indie,,,https://images.igdb.com/igdb/image/upload/t_cover_big/co28vx.jpg,1.00,2026-08-02
Buggy Boy,igdb,12728,buggy-boy,Buggy Boy,1985-12-31,Racing;Arcade,,,https://images.igdb.com/igdb/image/upload/t_cover_big/okxjq6om6t1gi4nf2wdx.jpg,1.00,2026-08-02
Bugs Bunny: Lost in Time,igdb,3053,bugs-bunny-lost-in-time,Bugs Bunny: Lost in Time,1999-05-31,Platform;Adventure,,,https://images.igdb.com/igdb/image/upload/t_cover_big/co7k5d.jpg,1.00,2026-08-02
Bugsnax,igdb,134602,bugsnax,Bugsnax,2020-11-12,Puzzle;Adventure;Indie,76,,https://images.igdb.com/igdb/image/upload/t_cover_big/co45t5.jpg,1.00,2026-08-02
Builders of Egypt: Prologue,,,,,,,,,,0.00,2026-08-02
Bulletstorm: Full Clip Edition,igdb,26167,bulletstorm-full-clip-edition,Bulletstorm: Full Clip Edition,2017-04-07,Shooter;Adventure,77,,https://images.igdb.com/igdb/image/upload/t_cover_big/co20r8.jpg,0.92,2026-08-02
Bully,igdb,2720,bully,Bully,2006-10-17,Adventure,92,,https://images.igdb.com/igdb/image/upload/t_cover_big/cocd6z.jpg,1.00,2026-08-02
Burly Men At Sea,igdb,24501,burly-men-at-sea,Burly Men at Sea,2016-09-29,Puzzle;Role-playing (RPG);Adventure;Indie,75,,https://images.igdb.com/igdb/image/upload/t_cover_big/co2306.jpg,1.00,2026-08-02
Burn Zombie Burn!*,igdb,16174,burn-zombie-burn,Burn Zombie Burn!,2009-03-26,Shooter;Adventure;Arcade,79,,https://images.igdb.com/igdb/image/upload/t_cover_big/co50e6.jpg,1.00,2026-08-02
Burning Rangers,igdb,19666,burning-rangers,Burning Rangers,1998-03-26,Shooter;Platform,,,https://images.igdb.com/igdb/image/upload/t_cover_big/co3inj.jpg,1.00,2026-08-02
Burnout 2: Point of Impact,igdb,3840,burnout-2-point-of-impact,Burnout 2: Point of Impact,2002-09-30,Racing,85,,https://images.igdb.com/igdb/image/upload/t_cover_big/co2pmn.jpg,1.00,2026-08-02
Burnout Paradise: TUB,,,,,,,,,,0.00,2026-08-02
Bus Simulator 21 Next Stop,igdb,240037,bus-simulator-21-next-stop,Bus Simulator 21: Next Stop,2023-05-16,Simulator,,,https://images.igdb.com/igdb/image/upload/t_cover_big/coa98x.jpg,1.00,2026-08-02
Bushido Blade,igdb,1418,bushido-blade,Bushido Blade,1997-03-14,Fighting;Hack and slash/Beat 'em up,,,https://images.igdb.com/igdb/image/upload/t_cover_big/co1y80.jpg,1.00,2026-08-02
Buzz Lightyear of Star Command,igdb,265047,buzz-lightyear-of-star-command--1,Buzz Lightyear of Star Command,2000-11-07,,,,https://images.igdb.com/igdb/image/upload/t_cover_big/co737r.jpg,1.00,2026-08-02
Buzz Quiz TV,igdb,7283,buzz-quiz-tv,Buzz!: Quiz TV,2008-07-04,Quiz/Trivia,80,,https://images.igdb.com/igdb/image/upload/t_cover_big/co60bc.jpg,1.00,2026-08-02
Bystry jak...,,,,,,,,,,0.00,2026-08-02
C-Smash VRS,igdb,237742,c-smash-vrs,C-Smash VRS,2023-06-23,Puzzle;Simulator;Sport;Arcade,80,,https://images.igdb.com/igdb/image/upload/t_cover_big/co75qb.jpg,1.00,2026-08-02
C9,,,,Esklavos C9,,,,,,0.31,2026-08-02
Cabal Online,igdb,28387,cabal-online,Cabal Online,2005-10-01,Fighting;Role-playing (RPG),,,https://images.igdb.com/igdb/image/upload/t_cover_big/co6j7z.jpg,1.00,2026-08-02
Caladrius Blaze,igdb,26703,caladrius-blaze,Caladrius Blaze,2014-08-28,Shooter,82,,https://images.igdb.com/igdb/image/upload/t_cover_big/co1nx1.jpg,1.00,2026-08-02
Calico,igdb,122345,calico,Calico,2020-12-15,Role-playing (RPG);Simulator;Adventure;Indie,44,,https://images.igdb.com/igdb/image/upload/t_cover_big/co2c9c.jpg,1.00,2026-08-02
California Games,igdb,263890,california-games--14,California Games,2020-09-04,Sport,,,https://images.igdb.com/igdb/image/upload/t_cover_big/co702w.jpg,1.00,2026-08-02
Calisto Protocol,,,,,,,,,,0.00,2026-08-02
Call of Cthulhu,igdb,9176,call-of-cthulhu,Call of Cthulhu,2018-10-29,Role-playing (RPG);Adventure,65,,https://images.igdb.com/igdb/image/upload/t_cover_big/co2d3a.jpg,1.00,2026-08-02
Call of Cthulhu: Mroczne zakątki świata,,,,,,,,,,0.00,2026-08-02
Call of Duty,igdb,621,call-of-duty,Call of Duty,2003-10-29,Shooter,87,,https://images.igdb.com/igdb/image/upload/t_cover_big/co2n19.jpg,1.00,2026-08-02
Call of Duty 2,igdb,622,call-of-duty-2,Call of Duty 2,2005-10-25,Shooter,84,,https://images.igdb.com/igdb/image/upload/t_cover_big/co3acf.jpg,1.00,2026-08-02
Call of Duty 2: Big Red One,igdb,3845,call-of-duty-2-big-red-one,Call of Duty 2: Big Red One,2005-11-01,Shooter,80,,https://images.igdb.com/igdb/image/upload/t_cover_big/co3b67.jpg,1.00,2026-08-02
Call of Duty 3,igdb,949,call-of-duty-3,Call of Duty 3,2006-11-07,Shooter,74,,https://images.igdb.com/igdb/image/upload/t_cover_big/co1wku.jpg,1.00,2026-08-02
Call of Duty 4: Modern Warfare (Remastered),igdb,134651,call-of-duty-4-modern-warfare--2,Call of Duty 4: Modern Warfare,2007-11-05,Shooter,,,https://images.igdb.com/igdb/image/upload/t_cover_big/co2adb.jpg,1.00,2026-08-02
Call of Duty Mobile,igdb,106805,call-of-duty-mobile,Call of Duty: Mobile,2019-05-14,Shooter;Tactical;Adventure,82,,https://images.igdb.com/igdb/image/upload/t_cover_big/co1vqe.jpg,1.00,2026-08-02
Call of Duty Modern Warfare (remake),igdb,119177,call-of-duty-modern-warfare,Call of Duty: Modern Warfare,2019-10-25,Shooter,80,,https://images.igdb.com/igdb/image/upload/t_cover_big/co1rsg.jpg,1.00,2026-08-02
Call of Duty: Advanced Warfare,igdb,6632,call-of-duty-advanced-warfare,Call of Duty: Advanced Warfare,2014-11-03,Shooter,80,,https://images.igdb.com/igdb/image/upload/t_cover_big/co1wky.jpg,1.00,2026-08-02
Call of Duty: Black Ops,igdb,545,call-of-duty-black-ops,Call of Duty: Black Ops,2010-11-09,Shooter,81,,https://images.igdb.com/igdb/image/upload/t_cover_big/co1wkl.jpg,1.00,2026-08-02
Call of Duty: Black Ops 2,igdb,1122,call-of-duty-black-ops-ii,Call of Duty: Black Ops II,2012-11-12,Shooter,78,,https://images.igdb.com/igdb/image/upload/t_cover_big/co1wkv.jpg,1.00,2026-08-02
Call of Duty: Black Ops 3,igdb,136212,call-of-duty-black-ops-iii--1,Call of Duty: Black Ops III,2015-11-06,Shooter,,,https://images.igdb.com/igdb/image/upload/t_cover_big/co60bm.jpg,1.00,2026-08-02
Call of Duty: Black Ops 4,igdb,83727,call-of-duty-black-ops-4,Call of Duty: Black Ops 4,2018-10-12,Shooter,83,,https://images.igdb.com/igdb/image/upload/t_cover_big/co1wkf.jpg,1.00,2026-08-02
Call of Duty: Black Ops 6,igdb,302156,call-of-duty-black-ops-6,Call of Duty: Black Ops 6,2024-10-25,Shooter,83,,https://images.igdb.com/igdb/image/upload/t_cover_big/co8zis.jpg,1.00,2026-08-02
Call of Duty: Black Ops 7,igdb,348220,call-of-duty-black-ops-7,Call of Duty: Black Ops 7,2025-11-14,Shooter,66,,https://images.igdb.com/igdb/image/upload/t_cover_big/co9xwv.jpg,1.00,2026-08-02
Call of Duty: Black Ops Cold War,igdb,137001,call-of-duty-black-ops-cold-war,Call of Duty: Black Ops Cold War,2020-11-13,Shooter,77,,https://images.igdb.com/igdb/image/upload/t_cover_big/co2n6j.jpg,1.00,2026-08-02
Call of Duty: Ghosts,igdb,2033,call-of-duty-ghosts,Call of Duty: Ghosts,2013-11-05,Shooter,74,,https://images.igdb.com/igdb/image/upload/t_cover_big/co3b15.jpg,1.00,2026-08-02
Call of Duty: Infinite Warfare,igdb,18968,call-of-duty-infinite-warfare,Call of Duty: Infinite Warfare,2016-11-04,Shooter;Adventure,77,,https://images.igdb.com/igdb/image/upload/t_cover_big/co1wkp.jpg,1.00,2026-08-02
Call of Duty: Infinite Warfare Jackal Assault VR Experience,igdb,296540,call-of-duty-infinite-warfare-jackal-assault-vr-experience,Call of Duty: Infinite Warfare - Jackal Assault VR Experience,2016-11-04,Shooter,,,https://images.igdb.com/igdb/image/upload/t_cover_big/co821x.jpg,1.00,2026-08-02
Call of Duty: Modern Warfare 2 (Remastered),igdb,559,call-of-duty-modern-warfare-2,Call of Duty: Modern Warfare 2,2009-11-10,Shooter,85,,https://images.igdb.com/igdb/image/upload/t_cover_big/co3cwt.jpg,1.00,2026-08-02
Call of Duty: Modern Warfare 3,igdb,979,call-of-duty-modern-warfare-3,Call of Duty: Modern Warfare 3,2011-11-08,Shooter;Tactical;Adventure,81,,https://images.igdb.com/igdb/image/upload/t_cover_big/co1wkn.jpg,1.00,2026-08-02
Call of Duty: Modern Warfare II (remake 2022),igdb,200165,call-of-duty-modern-warfare-ii,Call of Duty: Modern Warfare II,2022-10-28,Shooter,80,,https://images.igdb.com/igdb/image/upload/t_cover_big/co4sbw.jpg,1.00,2026-08-02
Call of Duty: Modern Warfare III (remake 2023),igdb,260780,call-of-duty-modern-warfare-iii,Call of Duty: Modern Warfare III,2023-11-10,Shooter,62,,https://images.igdb.com/igdb/image/upload/t_cover_big/co7ctx.jpg,1.00,2026-08-02
Call of Duty: Roads to Victory,igdb,3120,call-of-duty-roads-to-victory,Call of Duty: Roads to Victory,2007-03-13,Shooter,59,,https://images.igdb.com/igdb/image/upload/t_cover_big/co3dam.jpg,1.00,2026-08-02
Call of Duty: United Offensive,igdb,624,call-of-duty-united-offensive,Call of Duty: United Offensive,2004-09-14,Shooter,78,,https://images.igdb.com/igdb/image/upload/t_cover_big/co21ib.jpg,1.00,2026-08-02
Call of Duty: Vanguard,igdb,165067,call-of-duty-vanguard,Call of Duty: Vanguard,2021-11-05,Shooter,75,,https://images.igdb.com/igdb/image/upload/t_cover_big/co3kq8.jpg,1.00,2026-08-02
Call of Duty: Warzone,igdb,217815,call-of-duty-warzone--2,Call of Duty: Warzone,2022-11-16,Shooter;Tactical,80,,https://images.igdb.com/igdb/image/upload/t_cover_big/coa8id.jpg,1.00,2026-08-02
Call of Duty: WWII,igdb,28204,call-of-duty-wwii,Call of Duty: WWII,2017-11-02,Shooter,75,,https://images.igdb.com/igdb/image/upload/t_cover_big/co1rdj.jpg,1.00,2026-08-02
Call of Juarez: Gunslinger,igdb,1976,call-of-juarez-gunslinger,Call of Juarez: Gunslinger,2013-05-22,Shooter;Adventure;Arcade,75,,https://images.igdb.com/igdb/image/upload/t_cover_big/coag64.jpg,1.00,2026-08-02
Call of Juarez: Revolver Edition,,,,,,,,,,0.00,2026-08-02
Call of Juarez: The Cartel,igdb,543,call-of-juarez-the-cartel,Call of Juarez: The Cartel,2011-07-19,Shooter;Adventure,51,,https://images.igdb.com/igdb/image/upload/t_cover_big/co1uuf.jpg,1.00,2026-08-09
Call of Juarez: Więzy Krwi,,,,,,,,,,0.00,2026-08-09
Call of the Sea,igdb,133306,call-of-the-sea,Call of the Sea,2020-12-08,Platform;Puzzle;Adventure;Indie,72,,https://images.igdb.com/igdb/image/upload/t_cover_big/co2ir4.jpg,1.00,2026-08-09
Canabalt,igdb,267570,canabalt--1,Canabalt,2018-12-31,,,,https://images.igdb.com/igdb/image/upload/t_cover_big/cobn86.jpg,1.00,2026-08-09
Candle,igdb,19289,candle,Candle,2016-11-11,Platform;Puzzle;Adventure;Indie,70,,https://images.igdb.com/igdb/image/upload/t_cover_big/co2el6.jpg,1.00,2026-08-09
Cannon Fodder,igdb,5519,cannon-fodder,Cannon Fodder,1993-01-09,Shooter;Strategy,,,https://images.igdb.com/igdb/image/upload/t_cover_big/co3o3f.jpg,1.00,2026-08-09
CAPCOM ARCADE CABINET : ALL-IN-ONE PACK*,,,,,,,,,,0.00,2026-08-09
Capcom vs. SNK: Millennium Fight 2000,igdb,39593,capcom-vs-snk-millennium-fight-2000,Capcom vs. SNK: Millennium Fight 2000,2000-08-13,Fighting,90,,https://images.igdb.com/igdb/image/upload/t_cover_big/co9gwf.jpg,1.00,2026-08-09
Captain Forever,igdb,29046,captain-forever,Captain Forever,2009-12-31,Shooter,,,https://images.igdb.com/igdb/image/upload/t_cover_big/co6im6.jpg,1.00,2026-08-09
Car Mechanic Simulator,igdb,115392,car-mechanic-simulator,Car Mechanic Simulator,2019-02-15,Puzzle;Racing;Simulator,,,https://images.igdb.com/igdb/image/upload/t_cover_big/co1mb3.jpg,1.00,2026-08-09
Carcassonne,igdb,75582,carcassonne--2,Carcassonne,2017-11-29,Puzzle;Strategy;Turn-based strategy (TBS);Card & Board Game,75,,https://images.igdb.com/igdb/image/upload/t_cover_big/co7jzw.jpg,1.00,2026-08-09
Card Shark,igdb,136773,card-shark,Card Shark,2022-06-02,Simulator;Adventure;Indie;Card & Board Game,88,,https://images.igdb.com/igdb/image/upload/t_cover_big/co4a5i.jpg,1.00,2026-08-09
Carmageddon,igdb,246743,carmageddon--3,Carmageddon,1997-12-31,Racing,,,https://images.igdb.com/igdb/image/upload/t_cover_big/co6ezk.jpg,1.00,2026-08-09
Carmageddon II: Carpocalypse Now,igdb,951,carmageddon-ii-carpocalypse-now,Carmageddon II: Carpocalypse Now,1998-10-12,Racing;Indie,,,https://images.igdb.com/igdb/image/upload/t_cover_big/co3si6.jpg,1.00,2026-08-09
Carmageddon: Max Damage,igdb,18075,carmageddon-max-damage,Carmageddon: Max Damage,2016-07-05,Racing,53,,https://images.igdb.com/igdb/image/upload/t_cover_big/co2pnm.jpg,1.00,2026-08-09
Carnival Games VR,igdb,25339,carnival-games-vr,Carnival Games VR,2016-10-27,Simulator;Sport;Arcade,47,,https://images.igdb.com/igdb/image/upload/t_cover_big/co2pno.jpg,1.00,2026-08-09
Carrier Command,igdb,11992,carrier-command,Carrier Command,1988-07-01,Shooter;Simulator;Strategy;Tactical,,,https://images.igdb.com/igdb/image/upload/t_cover_big/coa6iw.jpg,1.00,2026-08-09
Cars Mater-National Championship*,igdb,281855,cars-mater-national-championship--3,Cars Mater-National Championship,2007-10-29,,,,https://images.igdb.com/igdb/image/upload/t_cover_big/co7mdo.jpg,1.00,2026-08-09
Cars Race-O-Rama*,igdb,307494,cars-race-o-rama--1,Cars Race-O-Rama,2009-10-12,Racing,,,https://images.igdb.com/igdb/image/upload/t_cover_big/co8fum.jpg,1.00,2026-08-09
Cartoon Network: Battle Crashers,igdb,25795,cartoon-network-battle-crashers,Cartoon Network: Battle Crashers,2016-11-03,Fighting;Hack and slash/Beat 'em up;Adventure;Arcade,23,,https://images.igdb.com/igdb/image/upload/t_cover_big/co22v8.jpg,1.00,2026-08-09
Cassette Beasts,igdb,133866,cassette-beasts,Cassette Beasts,2023-04-26,Role-playing (RPG);Strategy;Adventure;Indie,100,,https://images.igdb.com/igdb/image/upload/t_cover_big/co5bqu.jpg,1.00,2026-08-09
Castle Crashers,igdb,3153,castle-crashers,Castle Crashers,2008-08-27,Role-playing (RPG);Hack and slash/Beat 'em up;Adventure;Indie,79,,https://images.igdb.com/igdb/image/upload/t_cover_big/coaskv.jpg,1.00,2026-08-09
Castle of Illusion,,,,Castle of Illusion Starring Mickey Mouse,,,,,,0.62,2026-08-09
CastleStorm Complete Edition,igdb,99924,castlestorm-complete-edition,CastleStorm: Complete Edition,,Strategy,,,,1.00,2026-08-09
Castlevania: Aria of Sorrow,igdb,1134,castlevania-aria-of-sorrow,Castlevania: Aria of Sorrow,2003-05-06,Platform;Role-playing (RPG);Adventure,86,,https://images.igdb.com/igdb/image/upload/t_cover_big/cob947.jpg,1.00,2026-08-09
Castlevania: Dawn of Sorrow,igdb,398837,castlevania-dawn-of-sorrow--3,Castlevania: Dawn of Sorrow,,Adventure,,,,1.00,2026-08-09
Castlevania: Harmony of Despair*,igdb,1147,castlevania-harmony-of-despair,Castlevania: Harmony of Despair,2010-08-04,Platform;Adventure,68,,https://images.igdb.com/igdb/image/upload/t_cover_big/co2pny.jpg,1.00,2026-08-09
Castlevania: Lords of Shadow (+DLC),igdb,491,castlevania-lords-of-shadow,Castlevania: Lords of Shadow,2010-10-05,Hack and slash/Beat 'em up;Adventure,83,,https://images.igdb.com/igdb/image/upload/t_cover_big/co2slv.jpg,1.00,2026-08-09
Castlevania: Lords of Shadow - Mirrors of Fate,igdb,1149,castlevania-lords-of-shadow-mirror-of-fate,Castlevania: Lords of Shadow - Mirror of Fate,2013-03-05,Platform;Adventure,72,,https://images.igdb.com/igdb/image/upload/t_cover_big/co1pat.jpg,0.99,2026-08-09
Castlevania: Lords of Shadow 2 (+ DLC),igdb,1182,castlevania-lords-of-shadow-2,Castlevania: Lords of Shadow 2,2014-02-25,Hack and slash/Beat 'em up;Adventure,63,,https://images.igdb.com/igdb/image/upload/t_cover_big/co2pnz.jpg,1.00,2026-08-09
Castlevania: Symphony of the Night,igdb,1128,castlevania-symphony-of-the-night,Castlevania: Symphony of the Night,1997-03-20,Platform;Role-playing (RPG);Adventure,92,,https://images.igdb.com/igdb/image/upload/t_cover_big/co53m8.jpg,1.00,2026-08-09
Cat Quest,igdb,36597,cat-quest,Cat Quest,2017-08-08,Role-playing (RPG);Adventure;Indie,83,,https://images.igdb.com/igdb/image/upload/t_cover_big/co1qlq.jpg,1.00,2026-08-09
Catch & Release,igdb,103032,catch-and-release,Catch & Release,2018-06-07,Simulator;Sport;Arcade,,,https://images.igdb.com/igdb/image/upload/t_cover_big/co2fa1.jpg,1.00,2026-08-09
Catherine,igdb,2151,catherine,Catherine,2011-02-17,Platform;Puzzle;Adventure,80,,https://images.igdb.com/igdb/image/upload/t_cover_big/co244u.jpg,1.00,2026-08-09
Cave Digger,igdb,143974,cave-digger,Cave Digger,2020-08-14,Adventure;Indie,,,https://images.igdb.com/igdb/image/upload/t_cover_big/co4eud.jpg,1.00,2026-08-09
Cave Story+,igdb,339021,cave-story--1,Cave Story,2004-12-20,Platform;Adventure,,,https://images.igdb.com/igdb/image/upload/t_cover_big/co9o6b.jpg,1.00,2026-08-09
CAYNE,igdb,26968,cayne,Cayne,2017-01-24,Point-and-click;Adventure;Indie,,,https://images.igdb.com/igdb/image/upload/t_cover_big/co225a.jpg,1.00,2026-08-09
Cel Damage HD*,igdb,79812,cel-damage-hd,Cel Damage HD,2014-04-22,Racing;Arcade,,,https://images.igdb.com/igdb/image/upload/t_cover_big/co1x9o.jpg,1.00,2026-08-09
Celeste,igdb,26226,celeste,Celeste,2018-01-25,Platform;Adventure;Indie,91,,https://images.igdb.com/igdb/image/upload/t_cover_big/cob9dh.jpg,1.00,2026-08-09
Centipede,igdb,218819,centipede--17,Centipede,1983-12-31,Arcade,,,https://images.igdb.com/igdb/image/upload/t_cover_big/co5wfh.jpg,1.00,2026-08-09
Centipede: Recharged,igdb,166683,centipede-recharged,Centipede: Recharged,2021-09-29,Shooter;Role-playing (RPG);Arcade,76,,https://images.igdb.com/igdb/image/upload/t_cover_big/co3t2l.jpg,1.00,2026-08-09
Champion Jockey: G1 Jockey & Gallop Racer*,igdb,20148,champion-jockey-g1-jockey-and-gallop-racer,Champion Jockey: G1 Jockey & Gallop Racer,2011-09-02,Racing;Simulator;Sport,70,,https://images.igdb.com/igdb/image/upload/t_cover_big/co21jy.jpg,1.00,2026-08-09
Championship Manager 2008,igdb,14840,championship-manager-2008,Championship Manager 2008,2007-10-05,Simulator;Sport,70,,https://images.igdb.com/igdb/image/upload/t_cover_big/co53so.jpg,1.00,2026-08-09
Chants of Sennaar,igdb,198499,chants-of-sennaar,Chants of Sennaar,2023-09-05,Platform;Puzzle;Adventure;Indie,80,,https://images.igdb.com/igdb/image/upload/t_cover_big/co9mjo.jpg,1.00,2026-08-09
Chariot,igdb,7897,chariot,Chariot,2014-09-30,Platform;Puzzle;Strategy;Adventure;Indie,73,,https://images.igdb.com/igdb/image/upload/t_cover_big/co1quk.jpg,1.00,2026-08-09
Chernobylite,igdb,115054,chernobylite,Chernobylite,2021-07-28,Shooter;Role-playing (RPG);Simulator;Adventure,76,,https://images.igdb.com/igdb/image/upload/t_cover_big/co39vi.jpg,1.00,2026-08-09
Chess Ultra,igdb,31561,chess-ultra,Chess Ultra,2017-06-20,Puzzle;Simulator;Sport;Strategy;Quiz/Trivia;Indie;Card & Board Game,83,,https://images.igdb.com/igdb/image/upload/t_cover_big/co22vs.jpg,1.00,2026-08-09
Chibi-Robo!,igdb,134255,chibi-robo--1,Chibi-Robo!,2009-06-11,Platform,,,https://images.igdb.com/igdb/image/upload/t_cover_big/co5y6n.jpg,1.00,2026-08-09
Chicken Police,igdb,119323,chicken-police,Chicken Police,2020-11-05,Point-and-click;Puzzle;Adventure;Indie;Visual Novel,81,,https://images.igdb.com/igdb/image/upload/t_cover_big/co2kga.jpg,1.00,2026-08-09
Chicory: A Colorful Taste,,,,,,,,,,0.00,2026-08-09
Child of Eden,igdb,6936,child-of-eden,Child of Eden,2011-06-14,Shooter;Music,80,,https://images.igdb.com/igdb/image/upload/t_cover_big/co1vgv.jpg,1.00,2026-08-09
Child of Light,igdb,4756,child-of-light,Child of Light,2014-04-29,Platform;Role-playing (RPG);Adventure,88,,https://images.igdb.com/igdb/image/upload/t_cover_big/co21q2.jpg,1.00,2026-08-09
Children of Morta,igdb,36198,children-of-morta,Children of Morta,2019-09-03,Role-playing (RPG);Adventure;Indie,83,,https://images.igdb.com/igdb/image/upload/t_cover_big/co2iw2.jpg,1.00,2026-08-09
Children of the sun,igdb,284925,children-of-the-sun,Children of the Sun,2024-04-09,Shooter;Puzzle;Strategy;Indie,80,,https://images.igdb.com/igdb/image/upload/t_cover_big/co8glt.jpg,1.00,2026-08-09
Children of Zodiarcs,igdb,27530,children-of-zodiarcs,Children of Zodiarcs,2017-07-18,Role-playing (RPG);Strategy;Tactical;Adventure;Indie;Card & Board Game,79,,https://images.igdb.com/igdb/image/upload/t_cover_big/co20ub.jpg,1.00,2026-08-09
Chime Super Deluxe,igdb,52162,chime-super-deluxe,Chime Super Deluxe,2011-03-29,Music;Puzzle,,,https://images.igdb.com/igdb/image/upload/t_cover_big/co3ipm.jpg,1.00,2026-08-09
Chivalry 2,igdb,119342,chivalry-2,Chivalry 2,2021-06-08,Fighting;Tactical;Hack and slash/Beat 'em up;Indie,86,,https://images.igdb.com/igdb/image/upload/t_cover_big/co2yqh.jpg,1.00,2026-08-09
Chivalry: Medieval Warfare,igdb,2358,chivalry-medieval-warfare,Chivalry: Medieval Warfare,2012-10-16,Fighting;Hack and slash/Beat 'em up;Indie,72,,https://images.igdb.com/igdb/image/upload/t_cover_big/co1qqc.jpg,1.00,2026-08-09
Chocobo's Mystery Dungeon EVERY BUDDY!,igdb,109465,chocobos-mystery-dungeon-every-buddy,Chocobo's Mystery Dungeon Every Buddy!,2019-03-20,Role-playing (RPG);Adventure,75,,https://images.igdb.com/igdb/image/upload/t_cover_big/co9ihi.jpg,1.00,2026-08-09
Choplifter,igdb,343894,choplifter--11,Choplifter,1986-09-01,,,,https://images.igdb.com/igdb/image/upload/t_cover_big/coaotj.jpg,1.00,2026-08-09
Chorus,igdb,133305,chorus,Chorus,2021-12-03,Shooter;Adventure;Indie;Arcade,75,,https://images.igdb.com/igdb/image/upload/t_cover_big/coaq2p.jpg,1.00,2026-08-09
ChromaGun VR,igdb,118742,chromagun-vr,ChromaGun VR,2019-02-19,Shooter;Puzzle;Adventure;Indie;Arcade,,,https://images.igdb.com/igdb/image/upload/t_cover_big/coaagd.jpg,1.00,2026-08-09
Chrome,igdb,7873,chrome,Chrome,2003-10-28,Shooter;Racing,60,,https://images.igdb.com/igdb/image/upload/t_cover_big/co4htc.jpg,1.00,2026-08-09
Chronicles of Riddick: Assault on Dark Athena,igdb,433,the-chronicles-of-riddick-assault-on-dark-athena,The Chronicles of Riddick: Assault on Dark Athena,2009-04-07,Shooter,81,,https://images.igdb.com/igdb/image/upload/t_cover_big/co8bqs.jpg,0.88,2026-08-09
Chronicles of Riddick: Escape from Butcher Bay,igdb,250,the-chronicles-of-riddick-escape-from-butcher-bay,The Chronicles of Riddick: Escape from Butcher Bay,2004-06-01,Shooter;Puzzle;Adventure,89,,https://images.igdb.com/igdb/image/upload/t_cover_big/co1mp7.jpg,1.00,2026-08-09
Chrono Cross,igdb,1804,chrono-cross,Chrono Cross,1999-11-18,Role-playing (RPG);Turn-based strategy (TBS);Adventure,,,https://images.igdb.com/igdb/image/upload/t_cover_big/co1oj7.jpg,1.00,2026-08-09
Chrono Odyssey,igdb,141444,chrono-odyssey,Chrono Odyssey,,Role-playing (RPG);Adventure,,,https://images.igdb.com/igdb/image/upload/t_cover_big/coa7dc.jpg,1.00,2026-08-09
Chrono Trigger,igdb,206320,chrono-trigger--3,Chrono Trigger,2018-02-27,Role-playing (RPG);Adventure,,,https://images.igdb.com/igdb/image/upload/t_cover_big/co87df.jpg,0.92,2026-08-09
Chronos: Before the Ashes,igdb,138796,chronos-before-the-ashes,Chronos: Before the Ashes,2020-12-01,Role-playing (RPG);Adventure;Arcade,67,,https://images.igdb.com/igdb/image/upload/t_cover_big/co2glx.jpg,1.00,2026-08-09
Chronovolt,igdb,52161,chronovolt,Chronovolt,2012-11-21,Puzzle,,,https://images.igdb.com/igdb/image/upload/t_cover_big/co2oeo.jpg,1.00,2026-08-09
ChuChu Rocket,igdb,6347,chuchu-rocket,ChuChu Rocket!,1999-11-11,Puzzle;Strategy,,,https://images.igdb.com/igdb/image/upload/t_cover_big/co21su.jpg,1.00,2026-08-09
Chuckie Egg,igdb,311365,chuckie-egg--1,Chuckie Egg,2010-12-28,Platform;Arcade,,,https://images.igdb.com/igdb/image/upload/t_cover_big/co8uj2.jpg,1.00,2026-08-09
Chłopaki nie płaczą,,,,,,,,,,0.00,2026-08-09
Citadel: Forged With Fire,igdb,47823,citadel-forged-with-fire,Citadel: Forged With Fire,2019-11-01,Shooter;Role-playing (RPG);Adventure;Indie,50,,https://images.igdb.com/igdb/image/upload/t_cover_big/co1ndj.jpg,1.00,2026-08-09
Cities XL 2011,igdb,2154,cities-xl-2011,Cities XL 2011,2010-10-14,Simulator,71,,https://images.igdb.com/igdb/image/upload/t_cover_big/co2e0f.jpg,1.00,2026-08-09
Cities XL Platinum,igdb,4214,cities-xl-platinum,Cities XL: Platinum,2009-10-08,Simulator;Strategy,,,https://images.igdb.com/igdb/image/upload/t_cover_big/co1v0c.jpg,1.00,2026-08-09
Cities: Skylines,igdb,9066,cities-skylines,Cities: Skylines,2015-03-10,Simulator;Strategy,76,,https://images.igdb.com/igdb/image/upload/t_cover_big/coaas0.jpg,1.00,2026-08-09
Citizen Sleeper,igdb,152271,citizen-sleeper,Citizen Sleeper,2022-05-05,Role-playing (RPG);Adventure;Indie,80,,https://images.igdb.com/igdb/image/upload/t_cover_big/co4zl5.jpg,1.00,2026-08-09
City of Brass,igdb,44122,city-of-brass,City of Brass,2018-05-04,Shooter;Adventure;Indie,68,,https://images.igdb.com/igdb/image/upload/t_cover_big/co1j7v.jpg,1.00,2026-08-09
City of Heroes,igdb,7830,city-of-heroes,City of Heroes,2004-04-27,Role-playing (RPG),89,,https://images.igdb.com/igdb/image/upload/t_cover_big/co7lbg.jpg,1.00,2026-08-09
Civilization,,,,Sid Meier's Civilization VI: Aztec Civilization Pack,,,,,,0.38,2026-08-09
Civilization II,,,,Lost Civilization 2,,,,,,0.68,2026-08-09
Civilization III,,,,Galactic Civilizations III,,,,,,0.76,2026-08-09
Civilization V,,,,Sid Meier's Civilization V,,,,,,0.78,2026-08-09
Civilization VI,,,,Sid Meier's Civilization VI,,,,,,0.79,2026-08-09
Clair Obscur: Expedition 33,igdb,305152,clair-obscur-expedition-33,Clair Obscur: Expedition 33,2025-04-24,Role-playing (RPG);Adventure;Indie,87,,https://images.igdb.com/igdb/image/upload/t_cover_big/co9gam.jpg,1.00,2026-08-09
Claire: Extended Cut,igdb,23508,claire-extended-cut,Claire: Extended Cut,2016-06-09,Platform;Adventure,69,,https://images.igdb.com/igdb/image/upload/t_cover_big/coazwq.jpg,1.00,2026-08-09
Clandestine,igdb,14465,clandestine,Clandestine,2015-11-05,Tactical;Indie,80,,https://images.igdb.com/igdb/image/upload/t_cover_big/co30en.jpg,1.00,2026-08-09
Clash : Artifacts of Chaos,igdb,154769,clash-artifacts-of-chaos,Clash: Artifacts of Chaos,2023-03-09,Fighting;Adventure;Indie,64,,https://images.igdb.com/igdb/image/upload/t_cover_big/co60e1.jpg,1.00,2026-08-09
Class of Heroes 2G,igdb,43009,class-of-heroes-2g,Class of Heroes 2G,2010-07-15,Fighting;Puzzle;Role-playing (RPG);Strategy;Turn-based strategy (TBS);Adventure,,,https://images.igdb.com/igdb/image/upload/t_cover_big/co2nat.jpg,1.00,2026-08-09
Cliff Diving,igdb,52158,cliff-diving,Cliff Diving,,Sport,,,https://images.igdb.com/igdb/image/upload/t_cover_big/co5uaz.jpg,1.00,2026-08-09
Clive Barker's Undying,igdb,636,clive-barker-s-undying,Clive Barker's Undying,2001-02-21,Shooter;Puzzle;Adventure,,,https://images.igdb.com/igdb/image/upload/t_cover_big/co1zuh.jpg,1.00,2026-08-09
Clockwork Revolution,igdb,252840,clockwork-revolution,Clockwork Revolution,2027-12-31,Role-playing (RPG),,,https://images.igdb.com/igdb/image/upload/t_cover_big/co9xwq.jpg,1.00,2026-08-09
Close to the Sun,igdb,55027,close-to-the-sun,Close to the Sun,2019-05-02,Adventure;Indie,61,,https://images.igdb.com/igdb/image/upload/t_cover_big/co1klo.jpg,1.00,2026-08-09
Closure,igdb,8146,closure,Closure,2012-03-27,Platform;Puzzle;Strategy;Indie,80,,https://images.igdb.com/igdb/image/upload/t_cover_big/co2f4a.jpg,1.00,2026-08-09
Cloud & Sheep 2,igdb,33595,clouds-and-sheep-2,Clouds & Sheep 2,2015-08-26,Simulator;Adventure,62,,https://images.igdb.com/igdb/image/upload/t_cover_big/co23m6.jpg,0.97,2026-08-09
Cloudberry Kingdom,igdb,9864,cloudberry-kingdom,Cloudberry Kingdom,2013-07-30,Platform;Puzzle;Adventure;Indie,71,,https://images.igdb.com/igdb/image/upload/t_cover_big/co2prq.jpg,1.00,2026-08-09
Cloudpunk,igdb,111837,cloudpunk,Cloudpunk,2020-04-23,Role-playing (RPG);Simulator;Adventure;Indie,76,,https://images.igdb.com/igdb/image/upload/t_cover_big/co2jbz.jpg,1.00,2026-08-09
Clouds & Sheep 2,igdb,33595,clouds-and-sheep-2,Clouds & Sheep 2,2015-08-26,Simulator;Adventure,62,,https://images.igdb.com/igdb/image/upload/t_cover_big/co23m6.jpg,1.00,2026-08-09
Clubhouse Games,igdb,18597,clubhouse-games,Clubhouse Games,2006-09-29,Puzzle;Strategy;Turn-based strategy (TBS);Quiz/Trivia;Card & Board Game,75,,https://images.igdb.com/igdb/image/upload/t_cover_big/co4ac8.jpg,1.00,2026-08-09
Cocoon,igdb,204627,cocoon,Cocoon,2023-09-29,Puzzle;Adventure;Indie,89,,https://images.igdb.com/igdb/image/upload/t_cover_big/co4v2z.jpg,1.00,2026-08-09
Code Vein,,,,Code Vein II,,,,,,0.78,2026-08-09
Code: Realize ~Guardian of Rebirth~,igdb,19475,code-realize-guardian-of-rebirth,Code: Realize - Guardian of Rebirth,2014-11-27,Adventure;Visual Novel,85,,https://images.igdb.com/igdb/image/upload/t_cover_big/co4xqo.jpg,1.00,2026-08-09
Code:Realize - Guardian of Rebirth,,,,,,,,,,0.00,2026-08-09
Codename: Panzers - Cold War,igdb,15762,codename-panzers-cold-war,Codename: Panzers - Cold War,2009-03-13,Real Time Strategy (RTS);Simulator;Strategy,70,,https://images.igdb.com/igdb/image/upload/t_cover_big/co3ncl.jpg,1.00,2026-08-09
Coffee Talk,igdb,106847,coffee-talk,Coffee Talk,2020-01-29,Simulator;Adventure;Indie;Visual Novel,70,,https://images.igdb.com/igdb/image/upload/t_cover_big/co55rx.jpg,1.00,2026-08-09
Coffee Talk Episode 2 : Hibiscus & Butterfly,igdb,186528,coffee-talk-episode-2-hibiscus-and-butterfly,Coffee Talk: Episode 2 - Hibiscus & Butterfly,2023-04-20,Simulator;Adventure;Indie;Visual Novel,75,,https://images.igdb.com/igdb/image/upload/t_cover_big/co4p7r.jpg,1.00,2026-08-09
Cogs,igdb,9984,cogs,Cogs,2009-04-14,Puzzle;Indie,60,,https://images.igdb.com/igdb/image/upload/t_cover_big/co2482.jpg,1.00,2026-08-09
Colin McRae: Dirt,igdb,943,colin-mcrae-dirt,Colin McRae: Dirt,2007-06-15,Racing;Sport,81,,https://images.igdb.com/igdb/image/upload/t_cover_big/co2f4c.jpg,1.00,2026-08-09
Colin McRae: Dirt 2,igdb,561,colin-mcrae-dirt-2,Colin McRae: Dirt 2,2009-09-08,Racing;Sport,79,,https://images.igdb.com/igdb/image/upload/t_cover_big/co2hnp.jpg,1.00,2026-08-09
Colony Wars,igdb,8280,colony-wars,Colony Wars,1997-10-31,Simulator,,,https://images.igdb.com/igdb/image/upload/t_cover_big/co23s8.jpg,1.00,2026-08-09
Color Guardians,igdb,19947,color-guardians,Color Guardians,2015-05-12,Platform;Indie,67,,https://images.igdb.com/igdb/image/upload/t_cover_big/co21sv.jpg,1.00,2026-08-09
Columns,igdb,198612,columns--4,Columns,2009-12-31,Puzzle,,,https://images.igdb.com/igdb/image/upload/t_cover_big/co4sl5.jpg,1.00,2026-08-09
Comar Barbarian,,,,,,,,,,0.00,2026-08-09
Combat,igdb,16759,combat,Combat,1977-09-11,Shooter;Arcade,,,https://images.igdb.com/igdb/image/upload/t_cover_big/co6s9a.jpg,1.00,2026-08-09
Comet Crash: Bionic Bundle*,,,,,,,,,,0.00,2026-08-09
Command & Conquer,igdb,647,command-conquer,Command & Conquer,1995-09-26,Real Time Strategy (RTS);Strategy,,,https://images.igdb.com/igdb/image/upload/t_cover_big/co88m7.jpg,1.00,2026-08-09
Command & Conquer 3: Tiberium Wars,igdb,321,command-conquer-3-tiberium-wars,Command & Conquer 3: Tiberium Wars,2007-03-28,Real Time Strategy (RTS);Simulator;Strategy,84,,https://images.igdb.com/igdb/image/upload/t_cover_big/co1qqd.jpg,1.00,2026-08-09
Command & Conquer 4: Tiberian Twilight,igdb,670,command-conquer-4-tiberian-twilight,Command & Conquer 4: Tiberian Twilight,2010-03-16,Real Time Strategy (RTS);Strategy,65,,https://images.igdb.com/igdb/image/upload/t_cover_big/co20kb.jpg,1.00,2026-08-09
Command & Conquer: Generals,igdb,649,command-conquer-generals,Command & Conquer: Generals,2003-02-01,Real Time Strategy (RTS);Strategy,,,https://images.igdb.com/igdb/image/upload/t_cover_big/co1nyd.jpg,1.00,2026-08-09
Command & Conquer: Red Alert,igdb,295,command-conquer-red-alert,Command & Conquer: Red Alert,1996-11-22,Real Time Strategy (RTS);Strategy,,,https://images.igdb.com/igdb/image/upload/t_cover_big/co1nx0.jpg,1.00,2026-08-09
Command & Conquer: Red Alert 2,igdb,245,command-conquer-red-alert-2,Command & Conquer: Red Alert 2,2000-10-25,Real Time Strategy (RTS);Strategy,90,,https://images.igdb.com/igdb/image/upload/t_cover_big/coar4c.jpg,1.00,2026-08-09
Command & Conquer: Red Alert 3,igdb,959,command-conquer-red-alert-3,Command & Conquer: Red Alert 3,2008-10-28,Real Time Strategy (RTS);Simulator;Strategy,75,,https://images.igdb.com/igdb/image/upload/t_cover_big/co3m4l.jpg,1.00,2026-08-09
Command & Conquer: Renegade,igdb,706,command-conquer-renegade,Command & Conquer: Renegade,2002-02-26,Shooter;Strategy,59,,https://images.igdb.com/igdb/image/upload/t_cover_big/co20ig.jpg,1.00,2026-08-09
Command & Conquer: Sole Survivor,igdb,664,command-conquer-sole-survivor,Command & Conquer: Sole Survivor,1997-11-30,Real Time Strategy (RTS);Strategy,,,https://images.igdb.com/igdb/image/upload/t_cover_big/co88w7.jpg,1.00,2026-08-09
Command & Conquer: Tiberian Sun,igdb,340,command-conquer-tiberian-sun,Command & Conquer: Tiberian Sun,1999-08-20,Real Time Strategy (RTS);Strategy,,,https://images.igdb.com/igdb/image/upload/t_cover_big/co88lw.jpg,1.00,2026-08-09
Commander - Conquest Of The Americas,igdb,2010,commander-conquest-of-the-americas,Commander: Conquest of the Americas,2010-07-30,Strategy,,,https://images.igdb.com/igdb/image/upload/t_cover_big/co2eii.jpg,1.00,2026-08-09
Commando,igdb,5668,commando,Commando,1985-04-02,Shooter,80,,https://images.igdb.com/igdb/image/upload/t_cover_big/co2k3z.jpg,1.00,2026-08-09
Commandos 2: Men of Courage,igdb,653,commandos-2-men-of-courage,Commandos 2: Men of Courage,2001-09-20,Shooter;Real Time Strategy (RTS);Strategy;Tactical;Adventure,90,,https://images.igdb.com/igdb/image/upload/t_cover_big/co1otp.jpg,1.00,2026-08-09
Commandos: Za linią wroga,,,,,,,,,,0.00,2026-08-09
Company of Heroes,igdb,654,company-of-heroes,Company of Heroes,2006-09-12,Real Time Strategy (RTS);Strategy,95,,https://images.igdb.com/igdb/image/upload/t_cover_big/co2ht7.jpg,1.00,2026-08-09
Company of Heroes 2,igdb,1369,company-of-heroes-2,Company of Heroes 2,2013-06-25,Real Time Strategy (RTS);Simulator;Strategy,78,,https://images.igdb.com/igdb/image/upload/t_cover_big/coaayw.jpg,1.00,2026-08-09
Company of Heroes 3,igdb,156150,company-of-heroes-3,Company of Heroes 3,2023-02-23,Real Time Strategy (RTS);Strategy;Turn-based strategy (TBS);Tactical,77,,https://images.igdb.com/igdb/image/upload/t_cover_big/co9gf4.jpg,1.00,2026-08-09
Company of Heroes: Opposing Fronts,igdb,1370,company-of-heroes-opposing-fronts,Company of Heroes: Opposing Fronts,2007-09-25,Real Time Strategy (RTS);Strategy,82,,https://images.igdb.com/igdb/image/upload/t_cover_big/co1qus.jpg,1.00,2026-08-09
Company of Heroes: Tales of Valor,igdb,1371,company-of-heroes-tales-of-valor,Company of Heroes: Tales of Valor,2009-04-07,Real Time Strategy (RTS);Strategy,68,,https://images.igdb.com/igdb/image/upload/t_cover_big/co1qut.jpg,1.00,2026-08-09
Conan Exiles,igdb,16999,conan-exiles,Conan Exiles,2018-05-08,Fighting;Role-playing (RPG);Simulator;Strategy;Adventure,71,,https://images.igdb.com/igdb/image/upload/t_cover_big/coa90l.jpg,1.00,2026-08-09
Conarium,igdb,24856,conarium,Conarium,2017-06-06,Puzzle;Adventure;Indie,72,,https://images.igdb.com/igdb/image/upload/t_cover_big/co1iwu.jpg,1.00,2026-08-09
Concrete Genie,igdb,75238,concrete-genie,Concrete Genie,2019-09-26,Platform;Puzzle;Adventure,82,,https://images.igdb.com/igdb/image/upload/t_cover_big/co3u25.jpg,1.00,2026-08-09
Concrete Genie - VR Mode,,,,,,,,,,0.00,2026-08-09
Condemned 2: Bloodshot,igdb,6943,condemned-2-bloodshot,Condemned 2: Bloodshot,2008-03-11,Shooter;Adventure,85,,https://images.igdb.com/igdb/image/upload/t_cover_big/co24nw.jpg,1.00,2026-08-09
Condemned: Criminal Origins,igdb,6942,condemned-criminal-origins,Condemned: Criminal Origins,2005-11-16,Shooter;Puzzle;Adventure,74,,https://images.igdb.com/igdb/image/upload/t_cover_big/co2eis.jpg,1.00,2026-08-09
Confrontation,igdb,10104,confrontation,Confrontation,2012-04-04,Role-playing (RPG);Strategy,50,,https://images.igdb.com/igdb/image/upload/t_cover_big/co2eit.jpg,1.00,2026-08-09
ConnecTank,igdb,152381,connectank,ConnecTank,2021-09-28,Puzzle;Strategy;Adventure;Indie;Arcade,83,,https://images.igdb.com/igdb/image/upload/t_cover_big/co3a07.jpg,1.00,2026-08-09
Conqueror's Blade,igdb,70985,conquerors-blade,Conqueror's Blade,2019-05-30,Role-playing (RPG);Strategy;Tactical,,,https://images.igdb.com/igdb/image/upload/t_cover_big/co1nhb.jpg,1.00,2026-08-09
Construction Simulator,igdb,206188,construction-simulator,Construction Simulator,2022-09-20,Simulator;Strategy,70,,https://images.igdb.com/igdb/image/upload/t_cover_big/co513s.jpg,1.00,2026-08-09
Contact J.A.C.K.,,,,,,,,,,0.00,2026-08-09
Contra,igdb,217544,contra--4,Contra,2006-11-08,Shooter;Platform;Arcade,50,,https://images.igdb.com/igdb/image/upload/t_cover_big/co59ss.jpg,0.92,2026-08-09
Contra 4,igdb,9545,contra-4,Contra 4,2007-11-13,Shooter;Platform,75,,https://images.igdb.com/igdb/image/upload/t_cover_big/co2guv.jpg,1.00,2026-08-09
Contra III: The Alien Wars,igdb,6351,contra-iii-the-alien-wars,Contra III: The Alien Wars,1992-02-28,Shooter;Adventure,,,https://images.igdb.com/igdb/image/upload/t_cover_big/co64pi.jpg,1.00,2026-08-09
Contraband,igdb,152240,contraband,Contraband,,,,,https://images.igdb.com/igdb/image/upload/t_cover_big/co39s8.jpg,1.00,2026-08-09
Contrast,igdb,3839,contrast,Contrast,2013-11-15,Platform;Puzzle;Indie,57,,https://images.igdb.com/igdb/image/upload/t_cover_big/co1qqh.jpg,1.00,2026-08-09
Control: Ultimate Edition,igdb,136604,control-ultimate-edition,Control: Ultimate Edition,2020-08-27,Shooter;Adventure,92,,https://images.igdb.com/igdb/image/upload/t_cover_big/co2ewb.jpg,1.00,2026-08-09
Conway: Disappearance of Dahlia View,,,,,,,,,,0.00,2026-08-09
Cool Boarders,igdb,26131,cool-boarders-4,Cool Boarders 4,1999-11-10,Sport,,,https://images.igdb.com/igdb/image/upload/t_cover_big/co6q60.jpg,0.93,2026-08-09
Cool Boarders 2,igdb,26115,cool-boarders-2,Cool Boarders 2,1997-08-28,Racing;Sport,,,https://images.igdb.com/igdb/image/upload/t_cover_big/co2f23.jpg,1.00,2026-08-09
CoolPaintr VR,igdb,104022,coolpaintr-vr,CoolPaintr VR,2018-05-08,,,,https://images.igdb.com/igdb/image/upload/t_cover_big/co2psj.jpg,1.00,2026-08-09
Corruption 2029,igdb,129798,corruption-2029,Corruption 2029,2020-02-17,Strategy;Turn-based strategy (TBS);Tactical,74,,https://images.igdb.com/igdb/image/upload/t_cover_big/co1ztk.jpg,1.00,2026-08-09
Costum Quest,igdb,5637,costume-quest,Costume Quest,2010-10-19,Role-playing (RPG);Turn-based strategy (TBS);Adventure,80,,https://images.igdb.com/igdb/image/upload/t_cover_big/co2eiv.jpg,0.96,2026-08-09
Costume Quest 2,igdb,5638,costume-quest-2--1,Costume Quest 2,2014-10-07,Role-playing (RPG);Turn-based strategy (TBS);Adventure,65,,https://images.igdb.com/igdb/image/upload/t_cover_big/co72nf.jpg,1.00,2026-08-09
Counter Spy,,,,,,,,,,0.00,2026-08-09
Counter Strike 2,igdb,242408,counter-strike-2,Counter-Strike 2,2023-09-27,Shooter;Tactical,,,https://images.igdb.com/igdb/image/upload/t_cover_big/coaczd.jpg,1.00,2026-08-09
Counter-Strike 1.6,,,,,,,,,,0.00,2026-08-09
Counter-Strike Source,igdb,307,counter-strike-source,Counter-Strike: Source,2004-10-07,Shooter,90,,https://images.igdb.com/igdb/image/upload/t_cover_big/co1txv.jpg,1.00,2026-08-09
Counter-Strike: Global Offensive,igdb,1372,counter-strike-global-offensive,Counter-Strike: Global Offensive,2012-08-21,Shooter;Tactical,81,,https://images.igdb.com/igdb/image/upload/t_cover_big/coc32n.jpg,1.00,2026-08-09
CounterSpy,igdb,7612,counterspy,CounterSpy,2014-08-19,Shooter;Tactical;Indie,63,,https://images.igdb.com/igdb/image/upload/t_cover_big/co3wjp.jpg,1.00,2026-08-09
Covert,igdb,112736,covert,Covert,2020-03-10,Puzzle;Adventure,,,https://images.igdb.com/igdb/image/upload/t_cover_big/co23ey.jpg,1.00,2026-08-09
Crackdown,igdb,2896,crackdown,Crackdown,2007-02-20,Fighting;Shooter;Role-playing (RPG);Adventure,85,,https://images.igdb.com/igdb/image/upload/t_cover_big/co1w65.jpg,1.00,2026-08-09
Crackdown 2,igdb,2897,crackdown-2,Crackdown 2,2010-07-06,Shooter;Adventure,72,,https://images.igdb.com/igdb/image/upload/t_cover_big/co7g2s.jpg,1.00,2026-08-09
Crackdown 3,igdb,7333,crackdown-3,Crackdown 3,2019-02-15,Shooter,62,,https://images.igdb.com/igdb/image/upload/t_cover_big/co2388.jpg,1.00,2026-08-09
Crash Bandicoot,,,,Crash Bandicoot: Warped,,,,,,0.81,2026-08-09
Crash Bandicoot 2,,,,Sonic in Crash Bandicoot 2,,,,,,0.79,2026-08-09
Crash Bandicoot 3,igdb,1187,crash-bandicoot-warped,Crash Bandicoot: Warped,1998-11-03,Platform;Adventure,,,https://images.igdb.com/igdb/image/upload/t_cover_big/co873w.jpg,0.82,2026-08-09
Crash Bandicoot 4: Najwyższy czas,,,,,,,,,,0.00,2026-08-09
Crash Bandicoot: N. Sane Trilogy,igdb,26196,crash-bandicoot-n-sane-trilogy,Crash Bandicoot N. Sane Trilogy,2017-06-30,Platform;Adventure,78,,https://images.igdb.com/igdb/image/upload/t_cover_big/co1v62.jpg,1.00,2026-08-09
CRASH COMMANDO*,igdb,21136,crash-commando,Crash Commando,2008-12-18,Shooter;Platform,76,,https://images.igdb.com/igdb/image/upload/t_cover_big/co3crh.jpg,1.00,2026-08-09
Crash Team Racing,igdb,1192,crash-team-racing,Crash Team Racing,1999-10-19,Racing,,,https://images.igdb.com/igdb/image/upload/t_cover_big/co7r52.jpg,0.92,2026-08-09
CrashLands,igdb,15389,crashlands,Crashlands,2016-01-20,Role-playing (RPG);Simulator;Adventure;Indie,80,,https://images.igdb.com/igdb/image/upload/t_cover_big/co22xx.jpg,1.00,2026-08-09
Crayon Physics Deluxe,igdb,14946,crayon-physics-deluxe,Crayon Physics Deluxe,2008-12-29,Puzzle;Indie,70,,https://images.igdb.com/igdb/image/upload/t_cover_big/co26eu.jpg,1.00,2026-08-09
Crayon Physix Deluxe,,,,,,,,,,0.00,2026-08-09
Crazy Factory,igdb,24070,crazy-factory,Crazy Factory,,,,,https://images.igdb.com/igdb/image/upload/t_cover_big/co3nmw.jpg,1.00,2026-08-09
Crazy Taxi 3: High Roller,igdb,1807,crazy-taxi-3-high-roller,Crazy Taxi 3: High Roller,2002-07-23,Racing,50,,https://images.igdb.com/igdb/image/upload/t_cover_big/coaszs.jpg,1.00,2026-08-09
Creaks,igdb,110834,creaks,Creaks,2020-07-10,Point-and-click;Platform;Puzzle;Adventure;Indie,70,,https://images.igdb.com/igdb/image/upload/t_cover_big/co4bm4.jpg,1.00,2026-08-09
Creature in the Well,igdb,116417,creature-in-the-well,Creature in the Well,2019-09-06,Fighting;Puzzle;Hack and slash/Beat 'em up;Pinball;Adventure;Indie;Arcade,74,,https://images.igdb.com/igdb/image/upload/t_cover_big/co4om3.jpg,1.00,2026-08-09
Creed: Rise to Glory,igdb,102134,creed-rise-to-glory,Creed: Rise to Glory,2018-09-25,Fighting;Simulator;Sport,75,,https://images.igdb.com/igdb/image/upload/t_cover_big/co1hyd.jpg,1.00,2026-08-09
Cricket 24,igdb,243749,cricket-24,Cricket 24,2023-10-05,Simulator;Sport,,,https://images.igdb.com/igdb/image/upload/t_cover_big/co7plg.jpg,1.00,2026-08-09
Crime Boss : Rockay City,igdb,228541,crime-boss-rockay-city,Crime Boss: Rockay City,2023-03-28,Shooter,68,,https://images.igdb.com/igdb/image/upload/t_cover_big/co6mey.jpg,1.00,2026-08-09
Crimson Desert,igdb,125633,crimson-desert,Crimson Desert,2026-03-19,Adventure,86,,https://images.igdb.com/igdb/image/upload/t_cover_big/coaqai.jpg,1.00,2026-08-09
Crimson Skies,igdb,15863,crimson-skies,Crimson Skies,2000-09-17,Shooter;Simulator,80,,https://images.igdb.com/igdb/image/upload/t_cover_big/co22i8.jpg,1.00,2026-08-09
Cris Tales,igdb,119349,cris-tales,Cris Tales,2021-07-19,Role-playing (RPG);Adventure;Indie,72,,https://images.igdb.com/igdb/image/upload/t_cover_big/co2efa.jpg,1.00,2026-08-09
Crisis Core: Final Fantasy VII,igdb,2407,crisis-core-final-fantasy-vii,Crisis Core: Final Fantasy VII,2007-09-13,Role-playing (RPG);Adventure,89,,https://images.igdb.com/igdb/image/upload/t_cover_big/co1trb.jpg,1.00,2026-08-09
Crisis Core: Final Fantasy VII - Reunion,igdb,205201,crisis-core-final-fantasy-vii-reunion,Crisis Core: Final Fantasy VII - Reunion,2022-12-13,Role-playing (RPG),82,,https://images.igdb.com/igdb/image/upload/t_cover_big/cobjb3.jpg,1.00,2026-08-09
Crisis VRigade,igdb,109894,crisis-vrigade,Crisis VRigade,2018-09-19,Shooter;Indie;Arcade,,,https://images.igdb.com/igdb/image/upload/t_cover_big/co1t43.jpg,1.00,2026-08-09
Crisis VRigade 2,igdb,127862,crisis-vrigade-2,Crisis VRigade 2,2020-06-09,Shooter;Indie;Arcade,,,https://images.igdb.com/igdb/image/upload/t_cover_big/co2afu.jpg,1.00,2026-08-09
Critter Crunch,igdb,13188,critter-crunch,Critter Crunch,2007-12-31,Puzzle;Indie;Arcade,90,,https://images.igdb.com/igdb/image/upload/t_cover_big/co2pti.jpg,1.00,2026-08-09
Croc 2,igdb,7902,croc-2,Croc 2,1999-08-03,Platform,60,,https://images.igdb.com/igdb/image/upload/t_cover_big/co2pps.jpg,1.00,2026-08-09
Croixleur Sigma,igdb,10116,croixleur-sigma,Croixleur Sigma,2013-12-30,Fighting;Hack and slash/Beat 'em up;Indie;Arcade,66,,https://images.igdb.com/igdb/image/upload/t_cover_big/co1tn0.jpg,1.00,2026-08-09
Cronos: The New Dawn,igdb,320137,cronos-the-new-dawn,Cronos: The New Dawn,2025-09-05,Shooter;Puzzle;Adventure,80,,https://images.igdb.com/igdb/image/upload/t_cover_big/cobqq9.jpg,1.00,2026-08-09
Crossfire X,,,,,,,,,,0.00,2026-08-09
Crossfire: Sierra Squad,igdb,229351,crossfire-sierra-squad,Crossfire: Sierra Squad,2023-08-29,Shooter,75,,https://images.igdb.com/igdb/image/upload/t_cover_big/co6jc9.jpg,1.00,2026-08-09
CROSSING THESIS OF GODS AND DESTINY AWAKENING*,,,,,,,,,,0.00,2026-08-09
Crossroads Inn,igdb,107255,crossroads-inn,Crossroads Inn,2019-10-23,Role-playing (RPG);Simulator;Strategy;Adventure;Indie,,,https://images.igdb.com/igdb/image/upload/t_cover_big/co30yd.jpg,1.00,2026-08-09
Crow Country,igdb,273522,crow-country,Crow Country,2024-05-09,Shooter;Puzzle;Adventure;Indie,79,,https://images.igdb.com/igdb/image/upload/t_cover_big/co7ab9.jpg,1.00,2026-08-09
Crow: Legend,,,,,,,,,,0.00,2026-08-09
Crowfall,igdb,1126,crowfall,Crowfall,2021-07-06,Fighting;Role-playing (RPG);Strategy;Tactical;Adventure,64,,https://images.igdb.com/igdb/image/upload/t_cover_big/co2djo.jpg,1.00,2026-08-09
Cruise for a Corpse,igdb,2477,cruise-for-a-corpse,Cruise for a Corpse,1991-12-31,Point-and-click;Adventure,,,https://images.igdb.com/igdb/image/upload/t_cover_big/co25jn.jpg,1.00,2026-08-09
Crusader Kings,igdb,2922,crusader-kings,Crusader Kings,2004-07-15,Real Time Strategy (RTS);Simulator;Strategy,86,,https://images.igdb.com/igdb/image/upload/t_cover_big/co2ptq.jpg,1.00,2026-08-09
Crusader Kings II,igdb,2918,crusader-kings-ii,Crusader Kings II,2012-02-03,Role-playing (RPG);Simulator;Strategy,84,,https://images.igdb.com/igdb/image/upload/t_cover_big/co1mwa.jpg,1.00,2026-08-09
Crusader Kings III,igdb,124954,crusader-kings-iii,Crusader Kings III,2020-09-01,Role-playing (RPG);Simulator;Strategy,91,,https://images.igdb.com/igdb/image/upload/t_cover_big/cocleh.jpg,1.00,2026-08-09
Crush,igdb,362002,crush--3,Crush,2014-04-21,Strategy,,,,1.00,2026-08-09
Crying Suns,igdb,95032,crying-suns,Crying Suns,2019-09-18,Role-playing (RPG);Simulator;Strategy;Tactical;Indie,80,,https://images.igdb.com/igdb/image/upload/t_cover_big/co1vq8.jpg,1.00,2026-08-09
Crypto: Against All Odds,igdb,127403,crypto-against-all-odds,Crypto: Against All Odds,2021-03-02,Simulator;Strategy;Indie,,,https://images.igdb.com/igdb/image/upload/t_cover_big/co3nx9.jpg,1.00,2026-08-09
Crysis (Remastered),igdb,296,crysis,Crysis,2007-11-13,Shooter;Adventure,85,,https://images.igdb.com/igdb/image/upload/t_cover_big/co2on1.jpg,1.00,2026-08-09
Crysis 2,igdb,471,crysis-2,Crysis 2,2011-03-22,Shooter;Adventure,86,,https://images.igdb.com/igdb/image/upload/t_cover_big/co2on2.jpg,1.00,2026-08-09
Crysis 3,igdb,1268,crysis-3,Crysis 3,2013-02-19,Shooter;Adventure,74,,https://images.igdb.com/igdb/image/upload/t_cover_big/co2on3.jpg,1.00,2026-08-09
Crysis Warhead,igdb,336,crysis-warhead,Crysis Warhead,2008-09-16,Shooter;Adventure,77,,https://images.igdb.com/igdb/image/upload/t_cover_big/co2on4.jpg,1.00,2026-08-09
Crystal Castles,igdb,172792,crystal-castles--1,Crystal Castles,1984-03-01,Puzzle;Arcade,,,https://images.igdb.com/igdb/image/upload/t_cover_big/co3wvs.jpg,1.00,2026-08-09
Cubixx HD,igdb,20632,cubixx-hd,Cubixx HD,2011-08-17,Puzzle;Indie;Arcade,80,,https://images.igdb.com/igdb/image/upload/t_cover_big/co26bx.jpg,1.00,2026-08-09
Cuboid Ultimate Bundle*,,,,,,,,,,0.00,2026-08-09
Cuboid*,igdb,23024,cuboid,Cuboid,2009-01-08,Puzzle,80,,https://images.igdb.com/igdb/image/upload/t_cover_big/co1vdb.jpg,1.00,2026-08-09
Cult of the Lamb,igdb,165351,cult-of-the-lamb,Cult of the Lamb,2022-08-11,Role-playing (RPG);Simulator;Strategy;Hack and slash/Beat 'em up;Adventure;Indie,89,,https://images.igdb.com/igdb/image/upload/t_cover_big/cobbwj.jpg,1.00,2026-08-09
Cultures 2,,,,Cultures 2: The Gates of Asgard,,,,,,0.50,2026-08-09
Cuphead,igdb,9061,cuphead,Cuphead,2017-09-29,Shooter;Platform;Adventure;Indie;Arcade,87,,https://images.igdb.com/igdb/image/upload/t_cover_big/co62ao.jpg,1.00,2026-08-09
Curse of the Dead Gods,igdb,125373,curse-of-the-dead-gods,Curse of the Dead Gods,2021-02-23,Role-playing (RPG);Simulator;Adventure;Indie,84,,https://images.igdb.com/igdb/image/upload/t_cover_big/co1zv7.jpg,1.00,2026-08-09
Cursed to Golf,igdb,142358,cursed-to-golf,Cursed to Golf,2022-08-18,Puzzle;Sport;Adventure;Indie;Arcade;Card & Board Game,79,,https://images.igdb.com/igdb/image/upload/t_cover_big/co3nk0.jpg,1.00,2026-08-09
Curses 'N Chaos,igdb,16470,curses-n-chaos,Curses 'N Chaos,2015-08-18,Hack and slash/Beat 'em up;Indie;Arcade,70,,https://images.igdb.com/igdb/image/upload/t_cover_big/co2pu6.jpg,1.00,2026-08-09
Cursor*10,igdb,29042,cursor-star-10,Cursor*10,2008-01-04,Puzzle,,,https://images.igdb.com/igdb/image/upload/t_cover_big/co8lsu.jpg,1.00,2026-08-09
Cyber Troopers Virtual-On: Oratorio Tangram,igdb,9190,cyber-troopers-virtual-on-oratorio-tangram,Cyber Troopers Virtual-On Oratorio Tangram,1998-12-31,Fighting,92,,https://images.igdb.com/igdb/image/upload/t_cover_big/co45rz.jpg,1.00,2026-08-09
Cybernator,igdb,28388,cybernator,Cybernator,1993-04-04,Shooter;Platform;Adventure,,,https://images.igdb.com/igdb/image/upload/t_cover_big/co2tnc.jpg,1.00,2026-08-09
Cyberpunk 2077 (+ Phantom Liberty),igdb,1877,cyberpunk-2077,Cyberpunk 2077,2020-12-10,Shooter;Role-playing (RPG);Adventure,75,,https://images.igdb.com/igdb/image/upload/t_cover_big/coaih8.jpg,1.00,2026-08-09
Czarna Owca Sven,,,,,,,,,,0.00,2026-08-09
Dabium,,,,,,,,,,0.00,2026-08-09
DAEMON X MACHINA,igdb,103338,daemon-x-machina,Daemon X Machina,2019-09-12,Shooter;Hack and slash/Beat 'em up;Adventure,71,,https://images.igdb.com/igdb/image/upload/t_cover_big/co4ejh.jpg,1.00,2026-08-09
Dagon: by H. P. Lovecraft,,,,Dagon,,,,,,0.45,2026-08-09
Daigasso! Band Brothers,igdb,28559,daigasso-band-brothers,Daigasso! Band Brothers,2004-12-02,Music,,,https://images.igdb.com/igdb/image/upload/t_cover_big/co4omd.jpg,1.00,2026-08-09
Daikatana,igdb,361416,daikatana--2,Daikatana,2000-04-07,Shooter,,,https://images.igdb.com/igdb/image/upload/t_cover_big/coaafi.jpg,1.00,2026-08-09
Damascus Gear: Operation Tokyo HD Edition,,,,,,,,,,0.00,2026-08-09
Damnation,igdb,6952,damnation,Damnation,2009-05-22,Shooter;Adventure,50,,https://images.igdb.com/igdb/image/upload/t_cover_big/co2p7c.jpg,1.00,2026-08-09
DANCE COLLIDER,igdb,107360,dance-collider,Dance Collider,2019-11-01,Music;Sport;Indie,,,https://images.igdb.com/igdb/image/upload/t_cover_big/co3o3d.jpg,1.00,2026-08-09
Dance Dance Revolution,igdb,135396,dance-dance-revolution--2,Dance Dance Revolution,2002-05-24,Music;Puzzle;Arcade,,,https://images.igdb.com/igdb/image/upload/t_cover_big/co5tyr.jpg,1.00,2026-08-09
Dandara: Trials of Fear Edition,igdb,129536,dandara-trials-of-fear-edition,Dandara: Trials of Fear Edition,2020-03-05,Platform;Adventure;Indie,,,https://images.igdb.com/igdb/image/upload/t_cover_big/co1yhm.jpg,1.00,2026-08-09
Danganronpa Trilogy,igdb,113207,danganronpa-trilogy,Danganronpa Trilogy,2019-03-26,Point-and-click;Adventure;Visual Novel,,,https://images.igdb.com/igdb/image/upload/t_cover_big/co2puk.jpg,1.00,2026-08-09
Danger Zone,igdb,359115,danger-zone--2,Danger Zone,2005-12-31,Puzzle,,,https://images.igdb.com/igdb/image/upload/t_cover_big/cobed5.jpg,1.00,2026-08-09
Dangerous Golf,igdb,18985,dangerous-golf,Dangerous Golf,2016-06-03,Sport;Indie;Arcade,54,,https://images.igdb.com/igdb/image/upload/t_cover_big/co2pum.jpg,1.00,2026-08-09
Dante's Inferno,igdb,6958,dante-s-inferno,Dante's Inferno,2010-02-04,Hack and slash/Beat 'em up;Adventure,74,,https://images.igdb.com/igdb/image/upload/t_cover_big/co28oa.jpg,1.00,2026-08-09
Darius,igdb,99336,darius-plus--1,Darius+,1990-12-31,Shooter;Arcade,,,https://images.igdb.com/igdb/image/upload/t_cover_big/co2xwr.jpg,1.00,2026-08-09
Dark Age of Camelot,igdb,657,dark-age-of-camelot,Dark Age of Camelot,2001-10-10,Role-playing (RPG),100,,https://images.igdb.com/igdb/image/upload/t_cover_big/co5u5m.jpg,1.00,2026-08-09
Dark and Darker,igdb,207266,dark-and-darker,Dark and Darker,2023-08-07,Shooter;Role-playing (RPG);Tactical;Adventure,,,https://images.igdb.com/igdb/image/upload/t_cover_big/co5byi.jpg,1.00,2026-08-09
Dark and Light,igdb,392012,dark-in-light,Dark in Light,,Adventure;Indie,,,https://images.igdb.com/igdb/image/upload/t_cover_big/coblth.jpg,0.89,2026-08-09
Dark Cloud,igdb,1214,dark-cloud,Dark Cloud,2000-12-14,Role-playing (RPG);Simulator;Adventure,,,https://images.igdb.com/igdb/image/upload/t_cover_big/co2xtn.jpg,1.00,2026-08-09
Dark Cloud 2 (SIEE: Dark Chronicle),igdb,1215,dark-cloud-2,Dark Cloud 2,2002-11-28,Role-playing (RPG),90,,https://images.igdb.com/igdb/image/upload/t_cover_big/co2zhm.jpg,1.00,2026-08-09
Dark Deity,igdb,147215,dark-deity,Dark Deity,2021-06-15,Role-playing (RPG);Strategy;Turn-based strategy (TBS);Tactical;Adventure;Indie,,,https://images.igdb.com/igdb/image/upload/t_cover_big/co3226.jpg,1.00,2026-08-09
Dark Eclipse,igdb,76515,dark-eclipse,Dark Eclipse,2018-09-25,,,,https://images.igdb.com/igdb/image/upload/t_cover_big/co23xi.jpg,1.00,2026-08-09
Dark Legion VR,igdb,27574,dark-legion,Dark Legion,2017-03-07,Shooter;Adventure;Indie,20,,https://images.igdb.com/igdb/image/upload/t_cover_big/co24f9.jpg,0.88,2026-08-09
Dark Messiah of Might and Magic,igdb,2369,dark-messiah-of-might-and-magic,Dark Messiah of Might and Magic,2006-10-25,Fighting;Role-playing (RPG),76,,https://images.igdb.com/igdb/image/upload/t_cover_big/co23t5.jpg,1.00,2026-08-09
Dark Mist*,igdb,21818,dark-mist,Dark Mist,2007-11-08,Point-and-click,70,,https://images.igdb.com/igdb/image/upload/t_cover_big/co60gy.jpg,1.00,2026-08-09
Dark Rose Valkyrie,igdb,25746,dark-rose-valkyrie,Dark Rose Valkyrie,2016-07-21,Role-playing (RPG);Strategy,58,,https://images.igdb.com/igdb/image/upload/t_cover_big/co1niw.jpg,1.00,2026-08-09
Dark Sector,igdb,6959,dark-sector,Dark Sector,2008-03-25,Shooter,70,,https://images.igdb.com/igdb/image/upload/t_cover_big/co8hw6.jpg,1.00,2026-08-09
Dark Souls II,igdb,2368,dark-souls-ii,Dark Souls II,2014-03-11,Role-playing (RPG);Adventure,90,,https://images.igdb.com/igdb/image/upload/t_cover_big/cobysr.jpg,1.00,2026-08-09
Dark Souls III,igdb,11133,dark-souls-iii,Dark Souls III,2016-03-24,Role-playing (RPG);Adventure,86,,https://images.igdb.com/igdb/image/upload/t_cover_big/cob9ed.jpg,1.00,2026-08-09
Dark Souls: Prepare to Die Edition,igdb,21040,dark-souls-prepare-to-die-edition,Dark Souls: Prepare to Die Edition,2012-08-24,Role-playing (RPG);Adventure,84,,https://images.igdb.com/igdb/image/upload/t_cover_big/co84kp.jpg,1.00,2026-08-09
Dark Void,igdb,4220,dark-void,Dark Void,2010-01-19,Shooter;Simulator;Adventure,59,,https://images.igdb.com/igdb/image/upload/t_cover_big/co2f09.jpg,1.00,2026-08-09
Darkest Dungeon,igdb,8965,darkest-dungeon,Darkest Dungeon,2016-01-19,Role-playing (RPG);Strategy;Turn-based strategy (TBS);Tactical;Adventure;Indie,83,,https://images.igdb.com/igdb/image/upload/t_cover_big/coaaw2.jpg,1.00,2026-08-09
Darkest Dungeon 2,igdb,115425,darkest-dungeon-ii,Darkest Dungeon II,2023-05-08,Role-playing (RPG);Strategy;Turn-based strategy (TBS);Tactical;Adventure;Indie,83,,https://images.igdb.com/igdb/image/upload/t_cover_big/co6grp.jpg,0.91,2026-08-09
Darkest Hour: Europe '44-'45,igdb,28971,darkest-hour-europe-44-45,Darkest Hour: Europe '44-'45,2009-06-09,Shooter;Simulator;Tactical,,,https://images.igdb.com/igdb/image/upload/t_cover_big/co43aa.jpg,1.00,2026-08-09
Darkness Rollercoaster - Ultimate Shooter Edition,igdb,118682,darkness-rollercoaster-ultimate-shooter-edition,Darkness Rollercoaster: Ultimate Shooter Edition,2019-05-08,Shooter;Indie;Arcade,,,https://images.igdb.com/igdb/image/upload/t_cover_big/co3o4v.jpg,1.00,2026-08-09
Darknet,igdb,99512,darknet--1,Darknet,,Puzzle;Strategy,,,,1.00,2026-08-09
Darksiders Genesis,igdb,119244,darksiders-genesis,Darksiders Genesis,2019-12-05,Role-playing (RPG);Hack and slash/Beat 'em up;Adventure,75,,https://images.igdb.com/igdb/image/upload/t_cover_big/co1n1f.jpg,1.00,2026-08-09
DarkSiders II Deathinitive Edition,igdb,20048,darksiders-ii-deathinitive-edition,Darksiders II: Deathinitive Edition,2015-10-27,Fighting;Puzzle;Role-playing (RPG);Hack and slash/Beat 'em up;Adventure,76,,https://images.igdb.com/igdb/image/upload/t_cover_big/co1qql.jpg,0.92,2026-08-09
Darksiders III,igdb,28380,darksiders-iii,Darksiders III,2018-11-27,Role-playing (RPG);Hack and slash/Beat 'em up;Adventure,65,,https://images.igdb.com/igdb/image/upload/t_cover_big/co1qqk.jpg,1.00,2026-08-09
Darksiders: Warmastered Edition,igdb,25081,darksiders-warmastered-edition,Darksiders: Warmastered Edition,2016-11-22,Role-playing (RPG);Hack and slash/Beat 'em up;Adventure,82,,https://images.igdb.com/igdb/image/upload/t_cover_big/co24hi.jpg,0.92,2026-08-09
Darkstalkers Resurrection,igdb,20013,darkstalkers-resurrection,Darkstalkers Resurrection,2013-03-12,Fighting;Arcade,79,,https://images.igdb.com/igdb/image/upload/t_cover_big/cobtsl.jpg,1.00,2026-08-09
Darkstar One,igdb,2125,darkstar-one,DarkStar One,2006-06-16,Simulator,73,,https://images.igdb.com/igdb/image/upload/t_cover_big/co4gqk.jpg,1.00,2026-08-09
Darkwood,igdb,17032,darkwood,Darkwood,2017-08-17,Role-playing (RPG);Strategy;Adventure;Indie,80,,https://images.igdb.com/igdb/image/upload/t_cover_big/co24nh.jpg,1.00,2026-08-09
DARQ: Complete Edition,igdb,138785,darq-complete-edition,Darq: Complete Edition,2020-12-04,Platform;Puzzle;Strategy;Adventure;Indie;Arcade,70,,https://images.igdb.com/igdb/image/upload/t_cover_big/co8qd7.jpg,1.00,2026-08-09
Darwinia,igdb,20975,darwinia-plus,Darwinia+,2010-02-10,Real Time Strategy (RTS);Simulator;Strategy;Tactical,90,,https://images.igdb.com/igdb/image/upload/t_cover_big/rtfivuf0divwufzlawsz.jpg,1.00,2026-08-09
DATA WING,igdb,82502,data-wing,Data Wing,2017-08-16,Racing;Indie;Arcade,,,https://images.igdb.com/igdb/image/upload/t_cover_big/co1t72.jpg,1.00,2026-08-09
Datura,igdb,14527,datura,Datura,2012-05-08,Adventure,65,,https://images.igdb.com/igdb/image/upload/t_cover_big/co2n9r.jpg,1.00,2026-08-09
Dauntless,igdb,245139,dauntless--1,Dauntless,1993-05-28,Shooter,,,https://images.igdb.com/igdb/image/upload/t_cover_big/co99y3.jpg,1.00,2026-08-09
DAVE THE DIVER,igdb,203722,dave-the-diver,Dave the Diver,2023-06-28,Role-playing (RPG);Simulator;Adventure,93,,https://images.igdb.com/igdb/image/upload/t_cover_big/cocdlv.jpg,1.00,2026-08-09
Dawn of Magic,igdb,321727,dawn-of-magic--1,Dawn of Magic,2011-10-26,Role-playing (RPG),,,https://images.igdb.com/igdb/image/upload/t_cover_big/co90tu.jpg,1.00,2026-08-09
Daxter,igdb,1533,daxter,Daxter,2006-03-14,Platform;Adventure,90,,https://images.igdb.com/igdb/image/upload/t_cover_big/co1pn3.jpg,1.00,2026-08-09
Day of Defeat,igdb,7551,day-of-defeat,Day of Defeat,2003-05-01,Shooter,70,,https://images.igdb.com/igdb/image/upload/t_cover_big/co2o9j.jpg,1.00,2026-08-09
Day of the Tentacle Remastered,igdb,15862,day-of-the-tentacle-remastered,Day of the Tentacle Remastered,2016-03-21,Point-and-click;Puzzle;Adventure,85,,https://images.igdb.com/igdb/image/upload/t_cover_big/co2865.jpg,0.92,2026-08-09
Days Gone,igdb,19561,days-gone,Days Gone,2019-04-26,Shooter;Adventure,75,,https://images.igdb.com/igdb/image/upload/t_cover_big/co94bn.jpg,1.00,2026-08-09
Daytona USA,igdb,198613,daytona-usa--4,Daytona USA,1995-12-31,Racing,,,https://images.igdb.com/igdb/image/upload/t_cover_big/co4p4c.jpg,1.00,2026-08-09
DayZ,igdb,2117,dayz,DayZ,2018-12-13,Shooter;Role-playing (RPG);Simulator;Tactical;Adventure;Indie,69,,https://images.igdb.com/igdb/image/upload/t_cover_big/coaaqs.jpg,1.00,2026-08-09
DC Universe Online,igdb,576,dc-universe-online,DC Universe Online,2011-01-11,Fighting;Role-playing (RPG);Hack and slash/Beat 'em up;Adventure;Indie,74,,https://images.igdb.com/igdb/image/upload/t_cover_big/co1u18.jpg,1.00,2026-08-09
DCL - The Game,igdb,113797,dcl-the-game,DCL: The Game,2020-01-28,Racing;Simulator;Sport;Adventure,,,https://images.igdb.com/igdb/image/upload/t_cover_big/co1xj0.jpg,1.00,2026-08-09
De Blob,igdb,2637,de-blob,de Blob,2008-07-08,Platform;Puzzle;Adventure;Indie,82,,https://images.igdb.com/igdb/image/upload/t_cover_big/co1n6o.jpg,1.00,2026-08-09
Dead by Daylight,igdb,129400,dead-by-daylight-headcase,Dead by Daylight: Headcase,2017-06-08,Strategy,,,https://images.igdb.com/igdb/image/upload/t_cover_big/co6g2y.jpg,0.86,2026-08-09
Dead by Deadlight,,,,,,,,,,0.00,2026-08-16
Dead Cells,igdb,26855,dead-cells,Dead Cells,2018-08-06,Platform;Adventure;Indie,90,,https://images.igdb.com/igdb/image/upload/t_cover_big/co7jfv.jpg,1.00,2026-08-16
Dead Island,igdb,536,dead-island,Dead Island,2011-09-06,Shooter;Hack and slash/Beat 'em up,70,,https://images.igdb.com/igdb/image/upload/t_cover_big/co3lym.jpg,1.00,2026-08-16
Dead Island 2,igdb,7329,dead-island-2,Dead Island 2,2023-04-21,Shooter;Role-playing (RPG);Hack and slash/Beat 'em up;Adventure,74,,https://images.igdb.com/igdb/image/upload/t_cover_big/co5469.jpg,1.00,2026-08-16
Dead Island Riptide,igdb,1833,dead-island-riptide,Dead Island: Riptide,2013-04-23,Shooter;Role-playing (RPG);Hack and slash/Beat 'em up,64,,https://images.igdb.com/igdb/image/upload/t_cover_big/co1yg0.jpg,1.00,2026-08-16
Dead Nations: Apocalypse Edition,igdb,20063,dead-nation-apocalypse-edition,Dead Nation: Apocalypse Edition,2014-03-04,Shooter;Hack and slash/Beat 'em up,75,,https://images.igdb.com/igdb/image/upload/t_cover_big/co2h4n.jpg,0.98,2026-08-16
Dead or Alive 4,igdb,1392,dead-or-alive-4,Dead or Alive 4,2005-12-29,Fighting;Arcade,80,,https://images.igdb.com/igdb/image/upload/t_cover_big/co2szo.jpg,1.00,2026-08-16
Dead or Alive 5,igdb,1383,dead-or-alive-5,Dead or Alive 5,2012-09-25,Fighting,75,,https://images.igdb.com/igdb/image/upload/t_cover_big/co2pv9.jpg,1.00,2026-08-16
Dead Rising,igdb,4797,dead-rising,Dead Rising,2006-08-08,Hack and slash/Beat 'em up;Adventure,82,,https://images.igdb.com/igdb/image/upload/t_cover_big/co20xf.jpg,1.00,2026-08-16
Dead Rising 2,igdb,496,dead-rising-2,Dead Rising 2,2010-09-24,Hack and slash/Beat 'em up;Adventure,81,,https://images.igdb.com/igdb/image/upload/t_cover_big/co2gzw.jpg,1.00,2026-08-16
Dead Rising 3,igdb,3199,dead-rising-3,Dead Rising 3,2013-11-22,Role-playing (RPG);Adventure,76,,https://images.igdb.com/igdb/image/upload/t_cover_big/co2pvc.jpg,1.00,2026-08-16
Dead Rising 4,igdb,19521,dead-rising-4,Dead Rising 4,2016-12-06,Shooter;Hack and slash/Beat 'em up;Adventure,77,,https://images.igdb.com/igdb/image/upload/t_cover_big/co2gzo.jpg,1.00,2026-08-16
Dead Rising Deluxe Remaster,igdb,306979,dead-rising-deluxe-remaster,Dead Rising Deluxe Remaster,2024-09-19,Hack and slash/Beat 'em up;Adventure,85,,https://images.igdb.com/igdb/image/upload/t_cover_big/co8h05.jpg,1.00,2026-08-16
Dead Secret,igdb,14403,dead-secret,Dead Secret,2015-10-29,Adventure;Indie,,,https://images.igdb.com/igdb/image/upload/t_cover_big/co2h5v.jpg,1.00,2026-08-16
Dead Space,igdb,37,dead-space,Dead Space,2008-10-14,Shooter;Puzzle,88,,https://images.igdb.com/igdb/image/upload/t_cover_big/co2g7w.jpg,1.00,2026-08-16
Dead Space (Android),igdb,131931,dead-space--2,Dead Space,2011-01-25,Shooter;Adventure,,,https://images.igdb.com/igdb/image/upload/t_cover_big/co5th8.jpg,1.00,2026-08-16
Dead Space (remake),igdb,159119,dead-space--1,Dead Space,2023-01-27,Shooter;Role-playing (RPG);Adventure,91,,https://images.igdb.com/igdb/image/upload/t_cover_big/cobkv5.jpg,1.00,2026-08-16
Dead Space 2,igdb,38,dead-space-2,Dead Space 2,2011-01-25,Shooter;Adventure,90,,https://images.igdb.com/igdb/image/upload/t_cover_big/co20xq.jpg,1.00,2026-08-16
Dead Space 3,igdb,1216,dead-space-3,Dead Space 3,2013-02-05,Shooter;Puzzle;Adventure,74,,https://images.igdb.com/igdb/image/upload/t_cover_big/co2int.jpg,1.00,2026-08-16
Dead Space: Extraction,igdb,985,dead-space-extraction,Dead Space: Extraction,2009-09-24,Shooter,81,,https://images.igdb.com/igdb/image/upload/t_cover_big/co1w51.jpg,1.00,2026-08-16
Dead Star,igdb,21960,dead-star,Dead Star,2016-04-05,Shooter;Real Time Strategy (RTS);Strategy;Indie;Arcade,70,,https://images.igdb.com/igdb/image/upload/t_cover_big/co2k8d.jpg,1.00,2026-08-16
Dead Synchronicity: Tomorrow Comes Today,igdb,11398,dead-synchronicity-tomorrow-comes-today,Dead Synchronicity: Tomorrow Comes Today,2015-04-10,Point-and-click;Puzzle;Adventure;Indie,73,,https://images.igdb.com/igdb/image/upload/t_cover_big/co1r1j.jpg,1.00,2026-08-16
DeadCore,igdb,7864,deadcore,DeadCore,2014-10-17,Shooter;Platform;Real Time Strategy (RTS);Indie,63,,https://images.igdb.com/igdb/image/upload/t_cover_big/co2nzo.jpg,1.00,2026-08-16
Deadcraft,igdb,199178,deadcraft,Deadcraft,2022-05-19,Simulator,66,,https://images.igdb.com/igdb/image/upload/t_cover_big/co4prs.jpg,1.00,2026-08-16
Deadfall Adventures,igdb,6961,deadfall-adventures,Deadfall Adventures,2013-11-15,Shooter;Puzzle;Adventure,55,,https://images.igdb.com/igdb/image/upload/t_cover_big/co3o87.jpg,1.00,2026-08-16
Deadliest Warrior: Legends*,igdb,21080,deadliest-warrior-legends,Deadliest Warrior: Legends,2011-07-06,Fighting,,,https://images.igdb.com/igdb/image/upload/t_cover_big/co60ha.jpg,1.00,2026-08-16
Deadliest Warrior: The Game*,igdb,67092,deadliest-warrior-the-game,Deadliest Warrior: The Game,2010-07-14,Fighting,,,https://images.igdb.com/igdb/image/upload/t_cover_big/co60hc.jpg,1.00,2026-08-16
Deadlight,igdb,2354,deadlight,Deadlight,2012-08-01,Platform;Puzzle;Adventure;Indie,71,,https://images.igdb.com/igdb/image/upload/t_cover_big/co3wg7.jpg,1.00,2026-08-16
Deadlink,igdb,204239,deadlink,Deadlink,2023-07-27,Shooter;Indie,88,,https://images.igdb.com/igdb/image/upload/t_cover_big/co6wtw.jpg,1.00,2026-08-16
Deadly Premonition Director's Cut,igdb,9245,deadly-premonition-directors-cut,Deadly Premonition: Director's Cut,2013-04-30,Shooter;Adventure,74,,https://images.igdb.com/igdb/image/upload/t_cover_big/cob3oz.jpg,0.92,2026-08-16
Deadpool,igdb,1919,deadpool,Deadpool,2013-06-25,Shooter;Hack and slash/Beat 'em up;Adventure,70,,https://images.igdb.com/igdb/image/upload/t_cover_big/co4xsf.jpg,1.00,2026-08-16
Dear Esther,igdb,3082,dear-esther,Dear Esther,2012-02-14,Adventure;Indie,72,,https://images.igdb.com/igdb/image/upload/t_cover_big/co2eez.jpg,1.00,2026-08-16
Deat Squared,,,,,,,,,,0.00,2026-08-16
Death Coming,igdb,77550,death-coming,Death Coming,2017-11-06,Puzzle;Strategy;Adventure;Indie,,,https://images.igdb.com/igdb/image/upload/t_cover_big/beeubzulgbrnw3irctqh.jpg,1.00,2026-08-16
Death end re;Quest,igdb,41061,death-end-re-quest,Death End Re;Quest,2018-03-01,Role-playing (RPG);Adventure,75,,https://images.igdb.com/igdb/image/upload/t_cover_big/co1ne2.jpg,1.00,2026-08-16
Death end re;Quest2,,,,,,,,,,0.00,2026-08-16
Death Squared,igdb,26972,death-squared,Death Squared,2017-03-13,Platform;Puzzle;Strategy;Tactical;Indie,70,,https://images.igdb.com/igdb/image/upload/t_cover_big/qrjrknu797scexyv0c0u.jpg,1.00,2026-08-16
Death Stranding,igdb,19564,death-stranding,Death Stranding,2019-11-08,Shooter;Role-playing (RPG);Adventure,84,,https://images.igdb.com/igdb/image/upload/t_cover_big/cobksf.jpg,1.00,2026-08-16
Death Stranding 2: On the Beach,igdb,228530,death-stranding-2-on-the-beach,Death Stranding 2: On the Beach,2025-06-26,Shooter;Adventure,92,,https://images.igdb.com/igdb/image/upload/t_cover_big/co9ipx.jpg,1.00,2026-08-16
Death Tank,igdb,21259,death-tank,Death Tank,2009-03-18,Strategy,60,,https://images.igdb.com/igdb/image/upload/t_cover_big/co3vn2.jpg,1.00,2026-08-16
Death Track: Resurrection*,igdb,11026,death-track-resurrection,Death Track: Resurrection,2009-03-01,Shooter;Racing,30,,https://images.igdb.com/igdb/image/upload/t_cover_big/co3oa5.jpg,1.00,2026-08-16
Death's Door,igdb,145099,deaths-door,Death's Door,2021-07-20,Role-playing (RPG);Hack and slash/Beat 'em up;Adventure;Indie,87,,https://images.igdb.com/igdb/image/upload/t_cover_big/co45xc.jpg,1.00,2026-08-16
Death's Gambit,igdb,14760,deaths-gambit,Death's Gambit,2018-08-13,Role-playing (RPG);Adventure;Indie,67,,https://images.igdb.com/igdb/image/upload/t_cover_big/co28qr.jpg,1.00,2026-08-16
Deathloop,igdb,113598,deathloop,Deathloop,2021-09-14,Shooter;Adventure,90,,https://images.igdb.com/igdb/image/upload/t_cover_big/co4nzt.jpg,1.00,2026-08-16
Deathmatch Classic,igdb,9073,deathmatch-classic,Deathmatch Classic,2001-07-01,Shooter,,,https://images.igdb.com/igdb/image/upload/t_cover_big/co2o9k.jpg,1.00,2026-08-16
Death’s Door,igdb,145099,deaths-door,Death's Door,2021-07-20,Role-playing (RPG);Hack and slash/Beat 'em up;Adventure;Indie,87,,https://images.igdb.com/igdb/image/upload/t_cover_big/co45xc.jpg,1.00,2026-08-16
Decay of Logos,igdb,56510,decay-of-logos,Decay of Logos,2019-08-27,Role-playing (RPG);Adventure;Indie,37,,https://images.igdb.com/igdb/image/upload/t_cover_big/co2pvr.jpg,1.00,2026-08-16
Deceive Inc.,igdb,123192,deceive-inc,Deceive Inc.,2023-03-21,Shooter;Tactical;Indie,82,,https://images.igdb.com/igdb/image/upload/t_cover_big/co5s7y.jpg,1.00,2026-08-16
Deception IV: Blood Ties*,igdb,5651,deception-iv-blood-ties,Deception IV: Blood Ties,2014-02-27,Puzzle;Real Time Strategy (RTS);Role-playing (RPG);Strategy,65,,https://images.igdb.com/igdb/image/upload/t_cover_big/co3cs3.jpg,1.00,2026-08-16
Deception IV: The Nightmare Princess*,igdb,44650,deception-iv-the-nightmare-princess,Deception IV: The Nightmare Princess,2015-03-26,Role-playing (RPG);Strategy;Tactical;Adventure,73,,https://images.igdb.com/igdb/image/upload/t_cover_big/co1hsw.jpg,1.00,2026-08-16
Deemo,igdb,27028,deemo,Deemo,2013-11-12,Music;Adventure,,,https://images.igdb.com/igdb/image/upload/t_cover_big/co24xr.jpg,1.00,2026-08-16
DEEMO – Reborn,igdb,74540,deemo-reborn,Deemo: Reborn,2019-11-21,Music;Puzzle;Role-playing (RPG);Adventure,68,,https://images.igdb.com/igdb/image/upload/t_cover_big/co1rid.jpg,1.00,2026-08-16
Deep Black,igdb,1056,deep-black,Deep Black,2012-01-01,Shooter,50,,https://images.igdb.com/igdb/image/upload/t_cover_big/co60hj.jpg,1.00,2026-08-16
Deep Rock Galactic,igdb,27134,deep-rock-galactic,Deep Rock Galactic,2020-05-13,Shooter;Adventure;Indie,82,,https://images.igdb.com/igdb/image/upload/t_cover_big/coaat4.jpg,1.00,2026-08-16
Def Jam: Fight for NY,igdb,3875,def-jam-fight-for-ny,Def Jam: Fight for NY,2004-09-20,Fighting;Sport,72,,https://images.igdb.com/igdb/image/upload/t_cover_big/co9xme.jpg,1.00,2026-08-16
DEFCON,igdb,2592,defcon,DEFCON,2006-09-29,Real Time Strategy (RTS);Simulator;Strategy;Indie,85,,https://images.igdb.com/igdb/image/upload/t_cover_big/co3ob4.jpg,1.00,2026-08-16
Defender,igdb,278283,defender--14,Defender,1983-12-31,Shooter,,,https://images.igdb.com/igdb/image/upload/t_cover_big/coclye.jpg,1.00,2026-08-16
Defender of the Crown,igdb,1873,defender-of-the-crown,Defender of the Crown,1986-11-01,Strategy;Adventure,,,https://images.igdb.com/igdb/image/upload/t_cover_big/cobzlu.jpg,1.00,2026-08-16
Defense Grid 2,igdb,10184,defense-grid-2,Defense Grid 2,2014-09-23,Real Time Strategy (RTS);Simulator;Strategy;Indie,79,,https://images.igdb.com/igdb/image/upload/t_cover_big/co1ru7.jpg,1.00,2026-08-16
Defense Grid: The Awakening,igdb,8190,defense-grid-the-awakening,Defense Grid: The Awakening,2008-12-08,Real Time Strategy (RTS);Simulator;Strategy;Tactical;Indie,86,,https://images.igdb.com/igdb/image/upload/t_cover_big/co2gdm.jpg,1.00,2026-08-16
Defiance,igdb,1973,defiance,Defiance,2013-04-02,Shooter;Role-playing (RPG);Strategy,71,,https://images.igdb.com/igdb/image/upload/t_cover_big/co2dvb.jpg,1.00,2026-08-16
Defiance 2050,igdb,89554,defiance-2050,Defiance 2050,2018-07-10,Shooter;Role-playing (RPG);Adventure,85,,https://images.igdb.com/igdb/image/upload/t_cover_big/co28qx.jpg,1.00,2026-08-16
Deliver At All Costs,igdb,177169,deliver-at-all-costs,Deliver At All Costs,2025-05-22,Racing;Adventure;Indie;Arcade,80,,https://images.igdb.com/igdb/image/upload/t_cover_big/co9u9n.jpg,1.00,2026-08-16
Deliver Us Mars,igdb,194740,deliver-us-mars,Deliver Us Mars,2023-02-02,Platform;Adventure;Indie,71,,https://images.igdb.com/igdb/image/upload/t_cover_big/co4kxj.jpg,1.00,2026-08-16
Deliver Us The Moon,igdb,20326,deliver-us-the-moon,Deliver Us the Moon,2019-10-10,Puzzle;Adventure;Indie,78,,https://images.igdb.com/igdb/image/upload/t_cover_big/co20yy.jpg,1.00,2026-08-16
Delta Force,igdb,262186,delta-force--1,Delta Force,2024-12-05,Shooter;Tactical,80,,https://images.igdb.com/igdb/image/upload/t_cover_big/coa98y.jpg,1.00,2026-08-16
Delta Force - Black Hawk Down,igdb,332541,delta-force-black-hawk-down--2,Delta Force: Black Hawk Down,2025-02-20,Shooter;Tactical;Adventure,,,https://images.igdb.com/igdb/image/upload/t_cover_big/co9fqz.jpg,1.00,2026-08-16
Deluxe Ski Jump 2,igdb,11676,deluxe-ski-jump-2,Deluxe Ski Jump 2,2000-08-31,Sport;Indie;Arcade,,,https://images.igdb.com/igdb/image/upload/t_cover_big/co9qtx.jpg,1.00,2026-08-16
DeMagnete VR,igdb,115066,demagnete-vr,DeMagnete VR,2021-07-27,Puzzle;Adventure,,,https://images.igdb.com/igdb/image/upload/t_cover_big/co1muf.jpg,1.00,2026-08-16
Demeo,igdb,144763,demeo,Demeo,2021-05-06,Role-playing (RPG);Strategy;Adventure;Indie;Card & Board Game,72,,https://images.igdb.com/igdb/image/upload/t_cover_big/co2vf8.jpg,1.00,2026-08-16
Demigod,igdb,9279,demigod,Demigod,2009-04-14,Shooter;Real Time Strategy (RTS);Role-playing (RPG);Strategy;Indie,76,,https://images.igdb.com/igdb/image/upload/t_cover_big/co1qqm.jpg,1.00,2026-08-16
Demolition Derby,igdb,110847,demolition-derby--1,Demolition Derby,1976-01-01,Arcade,,,https://images.igdb.com/igdb/image/upload/t_cover_big/co1h2k.jpg,1.00,2026-08-16
Demon Hunter 2: New Chapter,igdb,32774,demon-hunter-2-new-chapter,Demon Hunter 2: New Chapter,2016-07-20,Puzzle;Adventure,,,https://images.igdb.com/igdb/image/upload/t_cover_big/co21nj.jpg,1.00,2026-08-16
Demon's Souls (2009),igdb,5619,demon-s-souls,Demon's Souls,2009-02-05,Role-playing (RPG);Adventure,88,,https://images.igdb.com/igdb/image/upload/t_cover_big/co27sk.jpg,1.00,2026-08-16
Demon's Souls (remake),igdb,134606,demons-souls,Demon's Souls,2020-11-12,Role-playing (RPG);Hack and slash/Beat 'em up;Adventure,92,,https://images.igdb.com/igdb/image/upload/t_cover_big/co2kj9.jpg,1.00,2026-08-16
DEMON'S TILT,igdb,106363,demons-tilt,Demon's Tilt,2019-12-06,Shooter;Role-playing (RPG);Simulator;Pinball;Indie;Arcade,70,,https://images.igdb.com/igdb/image/upload/t_cover_big/cob7s4.jpg,1.00,2026-08-16
Deponia,igdb,5060,deponia,Deponia,2012-08-07,Point-and-click;Puzzle;Adventure;Indie,78,,https://images.igdb.com/igdb/image/upload/t_cover_big/co1qqn.jpg,1.00,2026-08-16
Deponia: The Complete Journey,igdb,17224,deponia-the-complete-journey,Deponia: The Complete Journey,2014-06-02,Point-and-click;Puzzle;Adventure;Indie,,,https://images.igdb.com/igdb/image/upload/t_cover_big/co1ved.jpg,1.00,2026-08-16
Derrick the Deathfin,igdb,17187,derrick-the-deathfin,Derrick the Deathfin,2012-10-09,Indie;Arcade,60,,https://images.igdb.com/igdb/image/upload/t_cover_big/co3cs4.jpg,1.00,2026-08-16
Descenders,igdb,52200,descenders,Descenders,2019-05-07,Racing;Simulator;Sport;Arcade,77,,https://images.igdb.com/igdb/image/upload/t_cover_big/co3wkw.jpg,1.00,2026-08-16
Descenders (PS4),igdb,52200,descenders,Descenders,2019-05-07,Racing;Simulator;Sport;Arcade,77,,https://images.igdb.com/igdb/image/upload/t_cover_big/co3wkw.jpg,1.00,2026-08-16
Descent,igdb,1872,descent,Descent,1995-03-03,Shooter;Simulator,73,,https://images.igdb.com/igdb/image/upload/t_cover_big/co1xmo.jpg,1.00,2026-08-16
Desert Strike: Return to the Gulf,igdb,228494,desert-strike-return-to-the-gulf--1,Desert Strike: Return to the Gulf,1995-02-01,Arcade,,,https://images.igdb.com/igdb/image/upload/t_cover_big/co6yih.jpg,1.00,2026-08-16
Desktop Tower Defense,igdb,21189,desktop-tower-defense,Desktop Tower Defense,2009-05-11,Real Time Strategy (RTS);Strategy,50,,https://images.igdb.com/igdb/image/upload/t_cover_big/cobea4.jpg,1.00,2026-08-16
Desperados 2: Cooper's Revenge,igdb,7261,desperados-2-cooper-s-revenge,Desperados 2: Cooper's Revenge,2006-04-25,Real Time Strategy (RTS);Strategy;Tactical,70,,https://images.igdb.com/igdb/image/upload/t_cover_big/co22li.jpg,1.00,2026-08-16
Desperados III,igdb,107218,desperados-iii,Desperados III,2020-06-16,Real Time Strategy (RTS);Simulator;Strategy;Tactical,86,,https://images.igdb.com/igdb/image/upload/t_cover_big/co51km.jpg,1.00,2026-08-16
Desperados: Wanted Dead or Alive,igdb,7260,desperados-wanted-dead-or-alive,Desperados: Wanted Dead or Alive,2001-04-18,Real Time Strategy (RTS);Strategy;Tactical,,,https://images.igdb.com/igdb/image/upload/t_cover_big/co22xz.jpg,1.00,2026-08-16
Destiny,igdb,1939,destiny,Destiny,2014-09-09,Shooter;Role-playing (RPG),78,,https://images.igdb.com/igdb/image/upload/t_cover_big/co1rco.jpg,1.00,2026-08-16
Destiny 2 (+ DLC),igdb,25657,destiny-2,Destiny 2,2017-09-06,Shooter;Role-playing (RPG);Adventure,82,,https://images.igdb.com/igdb/image/upload/t_cover_big/coc89g.jpg,1.00,2026-08-16
Destroy All Humans!,igdb,119257,destroy-all-humans--1,Destroy All Humans!,2020-07-28,Shooter;Adventure,67,,https://images.igdb.com/igdb/image/upload/t_cover_big/co2g6j.jpg,1.00,2026-08-16
Destruction AllStars,igdb,134587,destruction-allstars,Destruction AllStars,2021-02-02,Racing;Sport,67,,https://images.igdb.com/igdb/image/upload/t_cover_big/co2gw6.jpg,1.00,2026-08-16
Destruction Derby,igdb,1170,destruction-derby-2,Destruction Derby 2,1996-10-31,Racing,72,,https://images.igdb.com/igdb/image/upload/t_cover_big/co2n5m.jpg,1.00,2026-08-16
DETACHED,igdb,280423,detached--1,Detached,,Visual Novel,,,https://images.igdb.com/igdb/image/upload/t_cover_big/co7iz4.jpg,1.00,2026-08-16
Detention,igdb,320745,detention--1,Detention,2005-05-08,Point-and-click;Adventure,,,https://images.igdb.com/igdb/image/upload/t_cover_big/co8z91.jpg,1.00,2026-08-16
Detroit: Become Human,igdb,14362,detroit-become-human--1,Detroit: Become Human,2018-05-25,Adventure,78,,https://images.igdb.com/igdb/image/upload/t_cover_big/cocna5.jpg,1.00,2026-08-16
Deus Ex 2: Invisible War,igdb,42,deus-ex-invisible-war,Deus Ex: Invisible War,2003-12-02,Shooter;Role-playing (RPG),80,,https://images.igdb.com/igdb/image/upload/t_cover_big/coboyb.jpg,1.00,2026-08-16
Deus Ex GO,igdb,19601,deus-ex-go,Deus Ex GO,2016-08-18,Puzzle;Turn-based strategy (TBS),83,,https://images.igdb.com/igdb/image/upload/t_cover_big/co23vi.jpg,1.00,2026-08-16
Deus Ex Machine,igdb,277629,speed-deus-ex-machine,Speed-Deus-Ex-Machine,2023-12-11,Platform;Puzzle;Strategy;Card & Board Game,,,https://images.igdb.com/igdb/image/upload/t_cover_big/co8qzt.jpg,0.83,2026-08-16
Deus Ex: GOTY,,,,,,,,,,0.00,2026-08-16
Deus Ex: Human Revolution - Director's Cut,igdb,9740,deus-ex-human-revolution-directors-cut,Deus Ex: Human Revolution - Director's Cut,2013-10-22,Shooter;Puzzle;Role-playing (RPG);Adventure,90,,https://images.igdb.com/igdb/image/upload/t_cover_big/co2tgb.jpg,1.00,2026-08-16
Deus Ex: Mankind Divided + DLC,,,,,,,,,,0.00,2026-08-16
Deus Ex: The Fall,igdb,5591,deus-ex-the-fall,Deus Ex: The Fall,2013-07-10,Shooter;Role-playing (RPG);Adventure,59,,https://images.igdb.com/igdb/image/upload/t_cover_big/co2ojo.jpg,1.00,2026-08-16
DEVICE 6,igdb,6279,device-6,Device 6,2013-10-17,Puzzle;Adventure;Indie;Visual Novel,90,,https://images.igdb.com/igdb/image/upload/t_cover_big/o5tlcze9xgbv0kpnkzxc.jpg,1.00,2026-08-16
Devil Daggers,igdb,18081,devil-daggers,Devil Daggers,2016-02-18,Shooter;Indie,78,,https://images.igdb.com/igdb/image/upload/t_cover_big/co1uz6.jpg,1.00,2026-08-16
Devil Dice,igdb,28400,devil-dice,Devil Dice,1998-06-18,Puzzle,,,https://images.igdb.com/igdb/image/upload/t_cover_big/co261r.jpg,1.00,2026-08-16
Devil May Cry,igdb,338320,devil-may-cry--4,Devil May Cry,,,,,,1.00,2026-08-16
Devil May Cry 2,igdb,135,devil-may-cry-2,Devil May Cry 2,2003-01-25,Hack and slash/Beat 'em up;Adventure,50,,https://images.igdb.com/igdb/image/upload/t_cover_big/co3diu.jpg,1.00,2026-08-16
Devil May Cry 3 SE,,,,Devil May Cry 3: Dante's Awakening - Special Edition,,,,,,0.54,2026-08-16
Devil May Cry 4: Special Edition,igdb,20022,devil-may-cry-4-special-edition,Devil May Cry 4: Special Edition,2015-06-18,Hack and slash/Beat 'em up;Adventure,80,,https://images.igdb.com/igdb/image/upload/t_cover_big/cobbuu.jpg,0.92,2026-08-16
Devil May Cry 5,igdb,76253,devil-may-cry-5,Devil May Cry 5,2019-03-08,Hack and slash/Beat 'em up;Adventure,90,,https://images.igdb.com/igdb/image/upload/t_cover_big/co1rb4.jpg,1.00,2026-08-16
Devil's Hunt,igdb,106277,devils-hunt,Devil's Hunt,2019-09-17,Hack and slash/Beat 'em up;Adventure;Indie,55,,https://images.igdb.com/igdb/image/upload/t_cover_big/co1o1g.jpg,1.00,2026-08-16
Devotion,igdb,104786,devotion,Devotion,2019-02-19,Puzzle;Adventure;Indie,89,,https://images.igdb.com/igdb/image/upload/t_cover_big/co2muf.jpg,1.00,2026-08-16
Dexed,igdb,24932,dexed,Dexed,2016-09-26,Shooter;Indie,57,,https://images.igdb.com/igdb/image/upload/t_cover_big/co24yr.jpg,1.00,2026-08-16
Diablo 1,,,,,,,,,,0.00,2026-08-16
Diablo 2: Resurrected,igdb,142803,diablo-ii-resurrected,Diablo II: Resurrected,2021-09-22,Role-playing (RPG);Hack and slash/Beat 'em up;Adventure,80,,https://images.igdb.com/igdb/image/upload/t_cover_big/co3gbk.jpg,0.85,2026-08-16
Diablo III + Reaper of Souls,igdb,3182,diablo-iii-reaper-of-souls,Diablo III: Reaper of Souls,2014-03-25,Role-playing (RPG);Hack and slash/Beat 'em up;Adventure,89,,https://images.igdb.com/igdb/image/upload/t_cover_big/co3gfx.jpg,1.00,2026-08-16
Diablo Immortal,igdb,111651,diablo-immortal,Diablo Immortal,2022-06-02,Role-playing (RPG),60,,https://images.igdb.com/igdb/image/upload/t_cover_big/co2pwy.jpg,1.00,2026-08-16
Diablo IV,igdb,125165,diablo-iv,Diablo IV,2023-06-06,Role-playing (RPG);Hack and slash/Beat 'em up,90,,https://images.igdb.com/igdb/image/upload/t_cover_big/co69sm.jpg,1.00,2026-08-16
Dick Wilde 2,igdb,114006,dick-wilde-2,Dick Wilde 2,2019-02-18,Shooter,65,,https://images.igdb.com/igdb/image/upload/t_cover_big/co2px1.jpg,1.00,2026-08-16
Die Hard Trilogy,igdb,8234,die-hard-trilogy,Die Hard Trilogy,1996-08-31,Shooter;Racing;Arcade,75,,https://images.igdb.com/igdb/image/upload/t_cover_big/co2v3i.jpg,1.00,2026-08-16
Dig Dug,igdb,218881,dig-dug--22,Dig Dug,1983-12-31,Arcade,,,https://images.igdb.com/igdb/image/upload/t_cover_big/co5dgv.jpg,1.00,2026-08-16
DIGIMON STORY: CYBER SLEUTH - HACKER'S MEMORY,igdb,27920,digimon-story-cyber-sleuth-hackers-memory,Digimon Story: Cyber Sleuth - Hacker's Memory,2017-12-14,Role-playing (RPG);Adventure,73,,https://images.igdb.com/igdb/image/upload/t_cover_big/co9goq.jpg,1.00,2026-08-16
Dino Crisis,igdb,3027,dino-crisis,Dino Crisis,1999-07-01,Shooter;Puzzle;Adventure,60,,https://images.igdb.com/igdb/image/upload/t_cover_big/co530k.jpg,1.00,2026-08-16
Dino Crisis 2,igdb,4132,dino-crisis-2,Dino Crisis 2,2000-09-13,Shooter;Adventure,90,,https://images.igdb.com/igdb/image/upload/t_cover_big/co8qbu.jpg,1.00,2026-08-16
Dino Frontier,igdb,26228,dino-frontier,Dino Frontier,2017-08-01,Simulator;Strategy;Adventure,80,,https://images.igdb.com/igdb/image/upload/t_cover_big/co24zn.jpg,1.00,2026-08-16
Dirge of Cerberus: Final Fantasy VII,igdb,18068,dirge-of-cerberus-final-fantasy-vii,Dirge of Cerberus: Final Fantasy VII,2006-01-26,Shooter;Role-playing (RPG),61,,https://images.igdb.com/igdb/image/upload/t_cover_big/co205e.jpg,1.00,2026-08-16
DiRT 5,igdb,133301,dirt-5,Dirt 5,2020-11-05,Racing;Simulator;Sport;Adventure,81,,https://images.igdb.com/igdb/image/upload/t_cover_big/co2e5b.jpg,1.00,2026-08-16
DIRT Rally,igdb,9928,dirt-rally,Dirt Rally,2015-12-07,Racing;Simulator;Sport,85,,https://images.igdb.com/igdb/image/upload/t_cover_big/co1srp.jpg,1.00,2026-08-16
DIRT Rally 2.0,igdb,110411,dirt-rally-2-dot-0,Dirt Rally 2.0,2019-02-25,Racing;Simulator;Sport;Strategy,81,,https://images.igdb.com/igdb/image/upload/t_cover_big/co1sro.jpg,1.00,2026-08-16
DiRT3,,,,,,,,,,0.00,2026-08-16
Disaster Report,igdb,11695,disaster-report,Disaster Report,2002-04-25,Adventure,30,,https://images.igdb.com/igdb/image/upload/t_cover_big/co7nlt.jpg,1.00,2026-08-16
Disaster Report 4 Plus: Summer Memories,igdb,14693,disaster-report-4-summer-memories,Disaster Report 4: Summer Memories,2018-11-22,Simulator;Adventure,52,,https://images.igdb.com/igdb/image/upload/t_cover_big/co1th7.jpg,0.93,2026-08-16
Disaster Report 4: Summer Memories,igdb,14693,disaster-report-4-summer-memories,Disaster Report 4: Summer Memories,2018-11-22,Simulator;Adventure,52,,https://images.igdb.com/igdb/image/upload/t_cover_big/co1th7.jpg,1.00,2026-08-16
Disc Jam,igdb,25210,disc-jam,Disc Jam,2017-03-07,Sport;Indie;Arcade,70,,https://images.igdb.com/igdb/image/upload/t_cover_big/co24zq.jpg,1.00,2026-08-16
Disciples II: Mroczne proroctwo,,,,,,,,,,0.00,2026-08-16
Disciples III: Renaissance,igdb,9824,disciples-iii-renaissance--1,Disciples III: Renaissance,2009-12-11,Role-playing (RPG);Strategy;Turn-based strategy (TBS),45,,https://images.igdb.com/igdb/image/upload/t_cover_big/co1tog.jpg,1.00,2026-08-16
Disco Elysium,igdb,26472,disco-elysium,Disco Elysium,2019-10-15,Role-playing (RPG);Adventure;Indie,89,,https://images.igdb.com/igdb/image/upload/t_cover_big/co1sfj.jpg,1.00,2026-08-16
Discworld,igdb,8291,discworld,Discworld,1995-03-17,Point-and-click;Puzzle;Adventure,70,,https://images.igdb.com/igdb/image/upload/t_cover_big/co4z82.jpg,1.00,2026-08-16
Discworld II: Mortality Bytes!,igdb,8292,discworld-ii-mortality-bytes,Discworld II: Mortality Bytes!,1996-11-30,Point-and-click;Adventure,,,https://images.igdb.com/igdb/image/upload/t_cover_big/co2pxe.jpg,1.00,2026-08-16
Disgaea 2: Cursed Memories,igdb,11694,disgaea-2-cursed-memories,Disgaea 2: Cursed Memories,2006-02-23,Role-playing (RPG);Strategy;Tactical,85,,https://images.igdb.com/igdb/image/upload/t_cover_big/co1tw1.jpg,1.00,2026-08-16
Disgaea 3: Absence of Detention,igdb,18370,disgaea-3-absence-of-detention,Disgaea 3: Absence of Detention,2011-12-17,Role-playing (RPG);Strategy;Tactical,88,,https://images.igdb.com/igdb/image/upload/t_cover_big/co2h0n.jpg,1.00,2026-08-16
DISGAEA 3: Absence of Justice*,igdb,7297,disgaea-3-absence-of-justice,Disgaea 3: Absence of Justice,2008-01-31,Role-playing (RPG);Strategy;Tactical,75,,https://images.igdb.com/igdb/image/upload/t_cover_big/co2pxf.jpg,1.00,2026-08-16
DISGAEA 4: A Promise Unforgotten*,igdb,7298,disgaea-4-a-promise-unforgotten,Disgaea 4: A Promise Unforgotten,2011-02-24,Role-playing (RPG);Strategy;Tactical,77,,https://images.igdb.com/igdb/image/upload/t_cover_big/co1s6n.jpg,1.00,2026-08-16
DISGAEA 5: ALLIANCE OF VENGEANCE,igdb,11594,disgaea-5-alliance-of-vengeance,Disgaea 5: Alliance of Vengeance,2015-03-26,Role-playing (RPG);Simulator;Strategy;Tactical,79,,https://images.igdb.com/igdb/image/upload/t_cover_big/co6h3i.jpg,1.00,2026-08-16
Disgaea D2: A Brighter Darkness*,igdb,7299,disgaea-d2-a-brighter-darkness,Disgaea D2: A Brighter Darkness,2013-03-20,Role-playing (RPG);Strategy;Tactical,76,,https://images.igdb.com/igdb/image/upload/t_cover_big/co25nx.jpg,1.00,2026-08-16
Disgaea: Hour of Darkness,igdb,11610,disgaea-hour-of-darkness,Disgaea: Hour of Darkness,2003-01-30,Role-playing (RPG);Strategy;Tactical,90,,https://images.igdb.com/igdb/image/upload/t_cover_big/co4ps9.jpg,1.00,2026-08-16
Dishonored 2,igdb,11118,dishonored-2,Dishonored 2,2016-11-11,Shooter;Role-playing (RPG);Adventure,86,,https://images.igdb.com/igdb/image/upload/t_cover_big/co9e29.jpg,1.00,2026-08-16
Dishonored GOTY,,,,,,,,,,0.00,2026-08-16
Dishonored: Death of the Outsider,igdb,37030,dishonored-death-of-the-outsider,Dishonored: Death of the Outsider,2017-09-14,Puzzle;Role-playing (RPG);Adventure,82,,https://images.igdb.com/igdb/image/upload/t_cover_big/co5pd2.jpg,1.00,2026-08-16
Disintegration,igdb,120625,disintegration,Disintegration,2020-06-15,Shooter;Strategy;Adventure,64,,https://images.igdb.com/igdb/image/upload/t_cover_big/co28j5.jpg,1.00,2026-08-16
Disney Dreamlight Valley,igdb,198506,disney-dreamlight-valley,Disney Dreamlight Valley,2023-12-05,Role-playing (RPG);Simulator;Adventure,71,,https://images.igdb.com/igdb/image/upload/t_cover_big/co4p0c.jpg,1.00,2026-08-16
Disney Epic Mickey 2: The Power of Two*,igdb,1510,epic-mickey-2-the-power-of-two,Epic Mickey 2: The Power of Two,2012-11-18,Platform;Adventure,52,,https://images.igdb.com/igdb/image/upload/t_cover_big/co7nhy.jpg,0.90,2026-08-16
Disney Infinity,igdb,2926,disney-infinity,Disney Infinity,2013-08-18,Platform;Racing;Role-playing (RPG);Adventure,76,,https://images.igdb.com/igdb/image/upload/t_cover_big/co1psn.jpg,1.00,2026-08-16
Disney Universe*,igdb,540,disney-universe,Disney Universe,2011-10-25,Platform;Adventure,65,,https://images.igdb.com/igdb/image/upload/t_cover_big/co1psh.jpg,1.00,2026-08-16
Disney's Hercules Action Game,igdb,9814,disneys-hercules-action-game,Disney's Hercules Action Game,1997-07-03,Platform;Arcade,60,,https://images.igdb.com/igdb/image/upload/t_cover_big/co5l0x.jpg,1.00,2026-08-16
Disney·PIXAR Brave*,,,,Brave,,,,,,0.43,2026-08-16
Disney·PIXAR Cars 2: The Video Game (PS3)*,,,,,,,,,,0.00,2026-08-16
Disney·PIXAR Toy Story Mania!*,,,,,,,,,,0.00,2026-08-16
Dissidia Final Fantasy,igdb,391,dissidia-final-fantasy,Dissidia Final Fantasy,2008-12-18,Fighting;Role-playing (RPG);Hack and slash/Beat 'em up;Adventure,86,,https://images.igdb.com/igdb/image/upload/t_cover_big/co205i.jpg,1.00,2026-08-16
Divekick,igdb,4759,divekick,Divekick,2013-08-20,Fighting;Indie,62,,https://images.igdb.com/igdb/image/upload/t_cover_big/co1up9.jpg,1.00,2026-08-16
Divine Divinity,igdb,671,divine-divinity,Divine Divinity,2002-09-22,Role-playing (RPG),83,,https://images.igdb.com/igdb/image/upload/t_cover_big/co26ey.jpg,1.00,2026-08-16
Divine Knockout,igdb,204408,dko-divine-knockout,DKO: Divine Knockout,2022-12-06,Fighting;Platform,78,,https://images.igdb.com/igdb/image/upload/t_cover_big/coacyq.jpg,0.88,2026-08-16
Divinity II: Developer's Cut,igdb,78459,divinity-ii-developers-cut,Divinity II: Developer's Cut,2012-10-29,Role-playing (RPG);Adventure,,,https://images.igdb.com/igdb/image/upload/t_cover_big/co1qqt.jpg,0.92,2026-08-16
Divinity: Dragon Commander,igdb,2905,divinity-dragon-commander,Divinity: Dragon Commander,2013-08-06,Real Time Strategy (RTS);Role-playing (RPG);Strategy;Turn-based strategy (TBS),75,,https://images.igdb.com/igdb/image/upload/t_cover_big/co25os.jpg,1.00,2026-08-16
Divinity: Original Sin,igdb,5082,divinity-original-sin,Divinity: Original Sin,2014-06-30,Puzzle;Role-playing (RPG);Turn-based strategy (TBS);Adventure;Indie,87,,https://images.igdb.com/igdb/image/upload/t_cover_big/co2axn.jpg,1.00,2026-08-16
Divinity: Original Sin 2,igdb,11800,divinity-original-sin-ii,Divinity: Original Sin II,2017-09-14,Role-playing (RPG);Strategy;Adventure,91,,https://images.igdb.com/igdb/image/upload/t_cover_big/co1y5v.jpg,1.00,2026-08-16
DJ Hero,igdb,2679,dj-hero,DJ Hero,2009-10-27,Music,84,,https://images.igdb.com/igdb/image/upload/t_cover_big/co8ri1.jpg,1.00,2026-08-16
DmC: Devil May Cry,igdb,1254,dmc-devil-may-cry,DmC: Devil May Cry,2013-01-15,Puzzle;Hack and slash/Beat 'em up;Adventure,82,,https://images.igdb.com/igdb/image/upload/t_cover_big/co1u77.jpg,1.00,2026-08-16
DNF Duel,,,,DNF Duel: DLC 4 - Monk,,,,,,0.59,2026-08-16
Doc Clock: The Toasted Sandwich of Time*,igdb,27900,doc-clock-the-toasted-sandwich-of-time,Doc Clock: The Toasted Sandwich of Time,2010-10-15,Platform;Puzzle;Adventure;Indie,,,https://images.igdb.com/igdb/image/upload/t_cover_big/co2ojq.jpg,1.00,2026-08-16
Doctor Who: The Edge of Time,igdb,118784,doctor-who-the-edge-of-time,Doctor Who: The Edge of Time,2019-11-12,Puzzle;Adventure,64,,https://images.igdb.com/igdb/image/upload/t_cover_big/co1t4f.jpg,1.00,2026-08-16
DoDonPachi,igdb,1674,dodonpachi-ii,DoDonPachi II,2001-05-21,Shooter;Arcade,,,https://images.igdb.com/igdb/image/upload/t_cover_big/co9611.jpg,0.87,2026-08-16
Dogfight 1942*,igdb,10188,dogfight-1942,Dogfight 1942,2012-09-05,Shooter;Simulator,65,,https://images.igdb.com/igdb/image/upload/t_cover_big/co3ouc.jpg,1.00,2026-08-16
DokeV,igdb,130806,dokev,DokeV,,Role-playing (RPG);Adventure,,,https://images.igdb.com/igdb/image/upload/t_cover_big/co56d8.jpg,1.00,2026-08-16
DOKI DOKI LITERATURE CLUB,igdb,55935,doki-doki-literature-club,Doki Doki Literature Club!,2017-09-22,Adventure;Indie;Visual Novel,94,,https://images.igdb.com/igdb/image/upload/t_cover_big/co6p5e.jpg,1.00,2026-08-16
Doki-Doki Universe,igdb,8684,doki-doki-universe,Doki-Doki Universe,2013-12-02,Simulator;Adventure,74,,https://images.igdb.com/igdb/image/upload/t_cover_big/co2pxs.jpg,1.00,2026-08-16
Dolmen,igdb,75304,dolmen--1,Dolmen,2022-05-20,Role-playing (RPG);Adventure,50,,https://images.igdb.com/igdb/image/upload/t_cover_big/co3a3h.jpg,1.00,2026-08-16
"Don't Die, Mr. Robot!",igdb,52178,dont-die-mr-robot,"Don't Die, Mr. Robot!",2014-10-29,Adventure;Arcade,79,,https://images.igdb.com/igdb/image/upload/t_cover_big/co1sjc.jpg,1.00,2026-08-16
Don't Starve,igdb,3152,don-t-starve,Don't Starve,2013-04-23,Simulator;Adventure;Indie,79,,https://images.igdb.com/igdb/image/upload/t_cover_big/co1qqw.jpg,1.00,2026-08-16
Donkey Kong,igdb,141959,donkey-kong--1,Donkey Kong,1983-07-15,Platform;Arcade,,,https://images.igdb.com/igdb/image/upload/t_cover_big/co9ck5.jpg,1.00,2026-08-16
Donkey Kong Bananza,igdb,338106,donkey-kong-bananza,Donkey Kong Bananza,2025-07-17,Platform;Adventure,90,,https://images.igdb.com/igdb/image/upload/t_cover_big/cobd1q.jpg,1.00,2026-08-16
Donkey Kong Country 3,igdb,132723,donkey-kong-country-3,Donkey Kong Country 3,2005-11-01,Platform,70,,https://images.igdb.com/igdb/image/upload/t_cover_big/co2ven.jpg,1.00,2026-08-16
Donkey Kong: Jungle Beat,igdb,84699,donkey-kong-jungle-beat--1,Donkey Kong Jungle Beat,2008-12-11,Music;Platform,79,,https://images.igdb.com/igdb/image/upload/t_cover_big/co5y6u.jpg,1.00,2026-08-16
Donkey Konga,igdb,328664,donkey-konga--3,Donkey Konga,2004-12-31,Music,,,https://images.igdb.com/igdb/image/upload/t_cover_big/co9aop.jpg,1.00,2026-08-16
DONUT COUNTY,igdb,55080,donut-county,Donut County,2018-08-28,Puzzle;Adventure;Indie,80,,https://images.igdb.com/igdb/image/upload/t_cover_big/co1qv8.jpg,1.00,2026-08-16
Doom,igdb,7351,doom--2,Doom,2016-05-12,Shooter,87,,https://images.igdb.com/igdb/image/upload/t_cover_big/co1nc7.jpg,1.00,2026-08-16
Doom (2016),igdb,7351,doom--2,Doom,2016-05-12,Shooter,87,,https://images.igdb.com/igdb/image/upload/t_cover_big/co1nc7.jpg,1.00,2026-08-16
Doom 3 BFG Edition,igdb,6968,doom-3-bfg-edition,Doom 3: BFG Edition,2012-10-15,Shooter,71,,https://images.igdb.com/igdb/image/upload/t_cover_big/co3ovt.jpg,1.00,2026-08-16
Doom 3 VR Edition,igdb,144524,doom-3-vr-edition,Doom 3: VR Edition,2021-03-29,Shooter,74,,https://images.igdb.com/igdb/image/upload/t_cover_big/co2ux7.jpg,1.00,2026-08-16
Doom Eternal,igdb,103298,doom-eternal,Doom Eternal,2020-03-19,Shooter,86,,https://images.igdb.com/igdb/image/upload/t_cover_big/co3p5n.jpg,1.00,2026-08-16
Doom II: Hell on Earth,igdb,312,doom-ii-hell-on-earth,Doom II: Hell on Earth,1994-09-30,Shooter,84,,https://images.igdb.com/igdb/image/upload/t_cover_big/co6iip.jpg,1.00,2026-08-16
DOOM VFR,igdb,37031,doom-vfr,Doom VFR,2017-11-30,Shooter,75,,https://images.igdb.com/igdb/image/upload/t_cover_big/co1xev.jpg,1.00,2026-08-16
Doomdark's Revenge,igdb,197761,doomdarks-revenge--1,Doomdark's Revenge,2014-02-05,Role-playing (RPG);Strategy,,,https://images.igdb.com/igdb/image/upload/t_cover_big/co6q0g.jpg,1.00,2026-08-16
Dota 2,igdb,2963,dota-2,Dota 2,2013-07-09,Strategy;MOBA,90,,https://images.igdb.com/igdb/image/upload/t_cover_big/cobfk4.jpg,1.00,2026-08-16
DOTA 2 AUTO CHESS,,,,,,,,,,0.00,2026-08-16
Double Dragon,igdb,281501,double-dragon--20,Double Dragon,1993-12-31,Hack and slash/Beat 'em up,,,https://images.igdb.com/igdb/image/upload/t_cover_big/co7ktz.jpg,1.00,2026-08-16
Double Dragon Neon,igdb,5968,double-dragon-neon,Double Dragon Neon,2012-09-11,Fighting;Hack and slash/Beat 'em up;Indie,76,,https://images.igdb.com/igdb/image/upload/t_cover_big/co2pya.jpg,1.00,2026-08-16
Double Kick Heroes,igdb,29511,double-kick-heroes,Double Kick Heroes,2020-08-13,Fighting;Shooter;Music;Indie;Arcade,75,,https://images.igdb.com/igdb/image/upload/t_cover_big/co2eo5.jpg,1.00,2026-08-16
Down the Rabbit Hole,igdb,174560,down-the-rabbit-hole,Down the Rabbit Hole,2020-03-26,Puzzle;Adventure,,,https://images.igdb.com/igdb/image/upload/t_cover_big/co41c0.jpg,1.00,2026-08-16
Downward,igdb,345344,downward--2,Downward,2025-05-27,Arcade,,,,1.00,2026-08-16
Downward Spiral: The Horus Station,igdb,86480,downward-spiral-horus-station,Downward Spiral: Horus Station,2018-05-31,Shooter;Adventure;Indie,,,https://images.igdb.com/igdb/image/upload/t_cover_big/co2pyf.jpg,0.94,2026-08-16
Downwell,igdb,13677,downwell,Downwell,2015-10-14,Shooter;Platform;Adventure;Indie;Arcade,78,,https://images.igdb.com/igdb/image/upload/t_cover_big/co284e.jpg,1.00,2026-08-16
Dr Kawashima’s Brain Training,igdb,5680,dr-kawashima-s-devilish-brain-training,Dr Kawashima's Devilish Brain Training,2017-07-28,Puzzle,66,,https://images.igdb.com/igdb/image/upload/t_cover_big/co557t.jpg,0.87,2026-08-16
Dr. Mario,igdb,178112,dr-mario--1,Dr. Mario,1992-12-31,Puzzle;Arcade,,,https://images.igdb.com/igdb/image/upload/t_cover_big/co6q75.jpg,1.00,2026-08-16
Dragon Age 2,igdb,78,dragon-age-ii,Dragon Age II,2011-03-08,Role-playing (RPG);Adventure,76,,https://images.igdb.com/igdb/image/upload/t_cover_big/co2mw1.jpg,0.96,2026-08-16
Dragon Age: Inkwizycja,,,,Dragon Age: Inquisition,,,,,,0.73,2026-08-16
Dragon Age: Początek,,,,,,,,,,0.00,2026-08-16
Dragon Age: The Veilguard,igdb,30208,dragon-age-the-veilguard,Dragon Age: The Veilguard,2024-10-31,Role-playing (RPG);Strategy;Adventure,91,,https://images.igdb.com/igdb/image/upload/t_cover_big/co8gj5.jpg,1.00,2026-08-16
Dragon Ball Sparking! Zero,igdb,279634,dragon-ball-sparking-zero,Dragon Ball: Sparking! Zero,2024-10-11,Fighting,83,,https://images.igdb.com/igdb/image/upload/t_cover_big/co8bhn.jpg,1.00,2026-08-16
Dragon Ball Xenoverse 2,igdb,19449,dragon-ball-xenoverse-2,Dragon Ball: Xenoverse 2,2016-10-25,Fighting;Role-playing (RPG);Simulator;Adventure,74,,https://images.igdb.com/igdb/image/upload/t_cover_big/co9hs4.jpg,1.00,2026-08-16
Dragon Ball Z : Kakarot,igdb,114009,dragon-ball-z-kakarot,Dragon Ball Z: Kakarot,2020-01-17,Role-playing (RPG);Hack and slash/Beat 'em up;Adventure,78,,https://images.igdb.com/igdb/image/upload/t_cover_big/co2kqa.jpg,1.00,2026-08-16
Dragon Fin Soup,igdb,17377,dragon-fin-soup,Dragon Fin Soup,2015-10-02,Role-playing (RPG);Turn-based strategy (TBS);Adventure;Indie,,,https://images.igdb.com/igdb/image/upload/t_cover_big/co1j7z.jpg,1.00,2026-08-16
Dragon Quest,,,,Dragon Quest VI: Realms of Revelation,,,,,,0.50,2026-08-16
Dragon Quest V,,,,Dragon Quest V: Tenkuu no Hanayome,,,,,,0.60,2026-08-16
Dragon Quest VII,,,,Dragon Quest VII Reimagined,,,,,,0.74,2026-08-16
Dragon Quest VIII: Journey of the Cursed King,igdb,145528,dragon-quest-viii-journey-of-the-cursed-king--1,Dragon Quest VIII: Journey of the Cursed King,2015-08-27,Role-playing (RPG);Strategy;Adventure,,,https://images.igdb.com/igdb/image/upload/t_cover_big/co2xc0.jpg,1.00,2026-08-16
DRAGON QUEST® XI S: Echoes of an Elusive Age™,,,,,,,,,,0.00,2026-08-16
Dragon Star Varnir,igdb,103334,dragon-star-varnir,Dragon Star Varnir,2018-10-11,Role-playing (RPG);Adventure,68,,https://images.igdb.com/igdb/image/upload/t_cover_big/co2w6n.jpg,1.00,2026-08-16
Dragon's Crown,igdb,3002,dragon-s-crown,Dragon's Crown,2013-07-25,Role-playing (RPG);Hack and slash/Beat 'em up,81,,https://images.igdb.com/igdb/image/upload/t_cover_big/co3wc6.jpg,1.00,2026-08-16
Dragon's Dogma 2,igdb,115060,dragons-dogma-ii,Dragon's Dogma II,2024-03-22,Role-playing (RPG);Adventure,91,,https://images.igdb.com/igdb/image/upload/t_cover_big/co833w.jpg,0.99,2026-08-16
Dragon's Dogma: Dark Arisen,igdb,16300,dragons-dogma-dark-arisen,Dragon's Dogma: Dark Arisen,2013-04-23,Role-playing (RPG);Adventure,78,,https://images.igdb.com/igdb/image/upload/t_cover_big/co2a1v.jpg,1.00,2026-08-16
Dragon's Lair II: Time Warp,igdb,14660,dragons-lair-ii-time-warp,Dragon's Lair II: Time Warp,1991-12-31,Adventure;Arcade,,,https://images.igdb.com/igdb/image/upload/t_cover_big/co2y1w.jpg,1.00,2026-08-16
Dragonsphere,igdb,2487,dragonsphere,Dragonsphere,1994-01-07,Point-and-click;Puzzle;Quiz/Trivia;Adventure,,,https://images.igdb.com/igdb/image/upload/t_cover_big/cobj5u.jpg,1.00,2026-08-16
Dragon’s Lair,igdb,14529,dragons-lair--1,Dragon's Lair,1990-12-29,Platform;Adventure,55,,https://images.igdb.com/igdb/image/upload/t_cover_big/co790b.jpg,0.92,2026-08-16
Drakensang: Dragon Edition,,,,,,,,,,0.00,2026-08-16
Draugen,igdb,9835,draugen,Draugen,2019-05-29,Puzzle;Adventure;Indie,71,,https://images.igdb.com/igdb/image/upload/t_cover_big/co7soc.jpg,1.00,2026-08-16
Draw Slasher,igdb,34033,draw-slasher,Draw Slasher,2013-04-24,Adventure;Indie,,,https://images.igdb.com/igdb/image/upload/t_cover_big/co2k8v.jpg,1.00,2026-08-16
Drawful 2,igdb,19083,drawful-2,Drawful 2,2016-06-21,Strategy;Quiz/Trivia;Indie;Card & Board Game,78,,https://images.igdb.com/igdb/image/upload/t_cover_big/coa9ag.jpg,1.00,2026-08-16
Drawn to Death,igdb,11076,drawn-to-death,Drawn to Death,2017-04-04,Shooter;Hack and slash/Beat 'em up,60,,https://images.igdb.com/igdb/image/upload/t_cover_big/co2h7l.jpg,1.00,2026-08-16
Dream Daddy: A Dad Dating Simulator,igdb,38045,dream-daddy-a-dad-dating-simulator,Dream Daddy: A Dad Dating Simulator,2017-07-20,Simulator;Adventure;Indie;Visual Novel,71,,https://images.igdb.com/igdb/image/upload/t_cover_big/co8771.jpg,1.00,2026-08-16
Dreamfall Chapters,igdb,1962,dreamfall-chapters,Dreamfall Chapters,2014-10-21,Adventure;Indie,76,,https://images.igdb.com/igdb/image/upload/t_cover_big/co2519.jpg,1.00,2026-08-16
Dreamfall: The Longest Journey,igdb,1961,dreamfall-the-longest-journey,Dreamfall: The Longest Journey,2006-04-17,Puzzle;Role-playing (RPG);Adventure,62,,https://images.igdb.com/igdb/image/upload/t_cover_big/co3oy8.jpg,1.00,2026-08-16
Dreams (VR),,,,Dream Club,,,,,,0.55,2026-08-16
Dredge,igdb,164867,dredge,Dredge,2023-03-30,Role-playing (RPG);Simulator;Adventure,86,,https://images.igdb.com/igdb/image/upload/t_cover_big/co9kyk.jpg,1.00,2026-08-16
Drill Dozer,igdb,6390,drill-dozer,Drill Dozer,2005-09-22,Platform,75,,https://images.igdb.com/igdb/image/upload/t_cover_big/co7k16.jpg,1.00,2026-08-16
Driv3r,igdb,194978,driv3r--1,Driv3r,2005-10-14,Adventure,,,https://images.igdb.com/igdb/image/upload/t_cover_big/co89l8.jpg,1.00,2026-08-16
Driveclub VR,igdb,24921,driveclub-vr,Driveclub VR,2016-10-13,Racing;Simulator,66,,https://images.igdb.com/igdb/image/upload/t_cover_big/co3yxj.jpg,1.00,2026-08-16
Driveclub: PS Plus Edition,,,,,,,,,,0.00,2026-08-16
Driver,igdb,675,driver,Driver,1999-06-25,Racing;Simulator,95,,https://images.igdb.com/igdb/image/upload/t_cover_big/coc53l.jpg,1.00,2026-08-16
Driver 2,,,,Hard Driver 2,,,,,,0.76,2026-08-16
Driver: Parallel Lines,igdb,4824,driver-parallel-lines,Driver: Parallel Lines,2006-03-14,Shooter;Racing,66,,https://images.igdb.com/igdb/image/upload/t_cover_big/co1ouf.jpg,1.00,2026-08-16
Driver: San Francisco,igdb,554,driver-san-francisco,Driver: San Francisco,2011-09-02,Racing,82,,https://images.igdb.com/igdb/image/upload/t_cover_big/co2gdt.jpg,1.00,2026-08-16
Drop7,igdb,29044,drop7,Drop7,2009-01-01,Puzzle,,,https://images.igdb.com/igdb/image/upload/t_cover_big/coa6mw.jpg,1.00,2026-08-16
Dropship : United Peace Force,igdb,44723,dropship-united-peace-force,Dropship: United Peace Force,2002-07-11,Simulator,,,https://images.igdb.com/igdb/image/upload/t_cover_big/co8ha4.jpg,1.00,2026-08-16
Drug Dealer Simulator 2,igdb,224619,drug-dealer-simulator-2,Drug Dealer Simulator 2,2024-06-20,Simulator;Adventure,,,https://images.igdb.com/igdb/image/upload/t_cover_big/co7gul.jpg,1.00,2026-08-16
Drunkn Bar Fight,igdb,31302,drunkn-bar-fight,Drunkn Bar Fight,2018-02-13,Fighting;Simulator;Hack and slash/Beat 'em up;Indie;Arcade,,,https://images.igdb.com/igdb/image/upload/t_cover_big/coa1hy.jpg,1.00,2026-08-16
DuckTales: Remastered,igdb,2904,ducktales-remastered,DuckTales: Remastered,2013-08-13,Platform;Adventure,75,,https://images.igdb.com/igdb/image/upload/t_cover_big/co1zsa.jpg,1.00,2026-08-16
Duelyst,igdb,19853,duelyst,Duelyst,2016-08-23,Strategy;Turn-based strategy (TBS);Indie;Card & Board Game,82,,https://images.igdb.com/igdb/image/upload/t_cover_big/co1t06.jpg,1.00,2026-08-16
Duke Nukem 3D: Megaton Edition,igdb,20868,duke-nukem-3d-megaton-edition,Duke Nukem 3D: Megaton Edition,2013-02-03,Shooter,72,,https://images.igdb.com/igdb/image/upload/t_cover_big/co2hda.jpg,1.00,2026-08-16
Duke Nukem Forever,igdb,490,duke-nukem-forever,Duke Nukem Forever,2011-06-10,Shooter;Adventure,55,,https://images.igdb.com/igdb/image/upload/t_cover_big/co2f1v.jpg,1.00,2026-08-16
Duke Nukem: Time to Kill,igdb,4130,duke-nukem-time-to-kill--1,Duke Nukem: Time to Kill,1998-09-30,Shooter;Adventure,,,https://images.igdb.com/igdb/image/upload/t_cover_big/co3ahu.jpg,1.00,2026-08-16
Dune II,,,,Dune: Awakening - Chapter 2,,,,,,0.39,2026-08-16
Dune: Awakening,igdb,214394,dune-awakening,Dune: Awakening,2025-06-10,Role-playing (RPG);Adventure,89,,https://images.igdb.com/igdb/image/upload/t_cover_big/cobf3a.jpg,1.00,2026-08-16
DUNE: Spice Wars,igdb,185253,dune-spice-wars,Dune: Spice Wars,2023-09-14,Real Time Strategy (RTS);Strategy;Tactical,77,,https://images.igdb.com/igdb/image/upload/t_cover_big/co4a96.jpg,1.00,2026-08-16
Dungeon Defenders,igdb,3043,dungeon-defenders,Dungeon Defenders,2010-12-15,Role-playing (RPG);Strategy;Adventure;Indie,78,,https://images.igdb.com/igdb/image/upload/t_cover_big/co1qgc.jpg,1.00,2026-08-16
Dungeon Encounters,igdb,172756,dungeon-encounters,Dungeon Encounters,2021-10-13,Puzzle;Role-playing (RPG),90,,https://images.igdb.com/igdb/image/upload/t_cover_big/co3wsq.jpg,1.00,2026-08-16
Dungeon Keeper,igdb,20093,dungeon-keeper--1,Dungeon Keeper,2014-01-30,Real Time Strategy (RTS);Strategy,20,,https://images.igdb.com/igdb/image/upload/t_cover_big/co22n6.jpg,1.00,2026-08-16
Dungeon Keeper Gold,igdb,46632,dungeon-keeper-gold,Dungeon Keeper Gold,1998-03-01,Real Time Strategy (RTS);Role-playing (RPG);Strategy,,,https://images.igdb.com/igdb/image/upload/t_cover_big/co7v6r.jpg,1.00,2026-08-16
Dungeon Master,igdb,186967,dungeon-masters,Dungeon Masters,2022-01-13,Adventure;Indie,,,https://images.igdb.com/igdb/image/upload/t_cover_big/co4grp.jpg,0.97,2026-08-16
Dungeon Punk,igdb,32021,dungeon-punks,Dungeon Punks,2016-07-26,Role-playing (RPG);Hack and slash/Beat 'em up;Adventure;Indie,41,,https://images.igdb.com/igdb/image/upload/t_cover_big/co2q0i.jpg,0.96,2026-08-16
Dungeon Siege,igdb,329,dungeon-siege,Dungeon Siege,2002-04-05,Role-playing (RPG),72,,https://images.igdb.com/igdb/image/upload/t_cover_big/co2348.jpg,1.00,2026-08-16
Dungeon Siege 2,igdb,9269,dungeon-siege-ii,Dungeon Siege II,2005-08-16,Role-playing (RPG),83,,https://images.igdb.com/igdb/image/upload/t_cover_big/co2347.jpg,0.90,2026-08-16
Dungeon Siege 3,igdb,5988,dungeon-siege-iii,Dungeon Siege III,2011-06-16,Role-playing (RPG);Hack and slash/Beat 'em up,76,,https://images.igdb.com/igdb/image/upload/t_cover_big/co26ex.jpg,0.88,2026-08-16
Dungeonborne,igdb,253880,dungeonborne--4,Dungeonborne,2024-07-18,Role-playing (RPG);Adventure,,,https://images.igdb.com/igdb/image/upload/t_cover_big/co7pvl.jpg,1.00,2026-08-16
Dungeons & Dragons Online,igdb,5629,dungeons-and-dragons-online,Dungeons & Dragons Online,2006-02-28,Role-playing (RPG);Adventure,83,,https://images.igdb.com/igdb/image/upload/t_cover_big/co2q0k.jpg,1.00,2026-08-16
Dungeons & Dragons: Dark Alliance,igdb,127348,dungeons-and-dragons-dark-alliance,Dungeons & Dragons: Dark Alliance,2021-06-21,Role-playing (RPG),68,,https://images.igdb.com/igdb/image/upload/t_cover_big/co30ps.jpg,1.00,2026-08-16
DUNGEONS & DRAGONS: DRAGONSHARD,igdb,357070,dungeons-and-dragons-dragonshard,Dungeons & Dragons: Dragonshard,2025-08-12,Real Time Strategy (RTS);Role-playing (RPG);Strategy,,,https://images.igdb.com/igdb/image/upload/t_cover_big/coa68d.jpg,1.00,2026-08-16
Dungeons 2,,,,Evil Dungeon II,,,,,,0.64,2026-08-16
Dungeons 3,igdb,27353,dungeons-3,Dungeons 3,2017-10-13,Real Time Strategy (RTS);Role-playing (RPG);Simulator;Strategy;Adventure,74,,https://images.igdb.com/igdb/image/upload/t_cover_big/co2fm9.jpg,1.00,2026-08-16
Dungeons of Hinterberg,igdb,146917,dungeons-of-hinterberg,Dungeons of Hinterberg,2024-07-18,Role-playing (RPG);Hack and slash/Beat 'em up;Adventure;Indie,83,,https://images.igdb.com/igdb/image/upload/t_cover_big/co8oq4.jpg,1.00,2026-08-16
DUSK,igdb,25260,dusk,Dusk,2018-12-10,Shooter;Indie,90,,https://images.igdb.com/igdb/image/upload/t_cover_big/co4b39.jpg,1.00,2026-08-16
Duskers,igdb,16707,duskers,Duskers,2016-05-18,Simulator;Strategy;Indie,84,,https://images.igdb.com/igdb/image/upload/t_cover_big/co3wfu.jpg,1.00,2026-08-16
DUST 514,,,,EVE: Dust 514,,,,,,0.80,2026-08-16
Dustborn,igdb,134816,dustborn,Dustborn,2024-08-20,Adventure;Indie,63,,https://images.igdb.com/igdb/image/upload/t_cover_big/co6zbx.jpg,1.00,2026-08-16
Dwarf Fortress,igdb,6341,dwarf-fortress,Dwarf Fortress,,Role-playing (RPG);Simulator;Strategy;Turn-based strategy (TBS);Indie,84,,https://images.igdb.com/igdb/image/upload/t_cover_big/co2yqt.jpg,1.00,2026-08-16
Dying Light + The Following,igdb,15445,dying-light-the-following,Dying Light: The Following,2016-02-06,Shooter;Role-playing (RPG);Adventure,80,,https://images.igdb.com/igdb/image/upload/t_cover_big/co661a.jpg,1.00,2026-08-16
Dying Light 2,,,,Dying Light 2: Stay Human,,,,,,0.70,2026-08-16
Dying Light: The Beast,igdb,314252,dying-light-the-beast,Dying Light: The Beast,2025-09-18,Role-playing (RPG);Adventure,82,,https://images.igdb.com/igdb/image/upload/t_cover_big/cocmja.jpg,1.00,2026-08-16
Dynamite Jack,igdb,15161,dynamite-jack,Dynamite Jack,2012-04-04,Puzzle;Adventure;Indie,,,https://images.igdb.com/igdb/image/upload/t_cover_big/co2ua7.jpg,1.00,2026-08-16
DYNASTY WARRIORS 6,igdb,6975,dynasty-warriors-6,Dynasty Warriors 6,2007-11-11,Hack and slash/Beat 'em up,66,,https://images.igdb.com/igdb/image/upload/t_cover_big/co2ni8.jpg,1.00,2026-08-16
Dynasty Warriors 6 Empires,igdb,19636,dynasty-warriors-6-empires,Dynasty Warriors 6: Empires,2009-05-28,Strategy;Hack and slash/Beat 'em up,50,,https://images.igdb.com/igdb/image/upload/t_cover_big/co45v1.jpg,1.00,2026-08-16
DYNASTY WARRIORS 7 Empires*,igdb,6834,dynasty-warriors-7-empires,Dynasty Warriors 7: Empires,2012-11-08,Strategy;Hack and slash/Beat 'em up;Adventure,65,,https://images.igdb.com/igdb/image/upload/t_cover_big/co3d5e.jpg,1.00,2026-08-16
Dynasty Warriors 7*,igdb,6832,dynasty-warriors-7,Dynasty Warriors 7,2011-03-10,Hack and slash/Beat 'em up,55,,https://images.igdb.com/igdb/image/upload/t_cover_big/co3d5d.jpg,1.00,2026-08-16
DYNASTY WARRIORS 7: Xtreme Legends*,igdb,6833,dynasty-warriors-7-xtreme-legends,Dynasty Warriors 7: Xtreme Legends,2011-09-29,Strategy;Hack and slash/Beat 'em up;Adventure,,,https://images.igdb.com/igdb/image/upload/t_cover_big/co2q0v.jpg,1.00,2026-08-16
Dynasty Warriors 8 Empires,igdb,13669,dynasty-warriors-8-empires,Dynasty Warriors 8: Empires,2014-11-20,Strategy;Hack and slash/Beat 'em up,65,,https://images.igdb.com/igdb/image/upload/t_cover_big/co492n.jpg,1.00,2026-08-16
Dynasty Warriors 8*,igdb,6976,dynasty-warriors-8,Dynasty Warriors 8,2013-02-28,Hack and slash/Beat 'em up;Adventure,71,,https://images.igdb.com/igdb/image/upload/t_cover_big/co45uz.jpg,1.00,2026-08-16
Dynasty Warriors 8: Xtreme Legends*,igdb,10267,dynasty-warriors-8-xtreme-legends,Dynasty Warriors 8: Xtreme Legends,2013-11-28,Hack and slash/Beat 'em up,69,,https://images.igdb.com/igdb/image/upload/t_cover_big/co21l2.jpg,1.00,2026-08-16
Dynasty Warriors Next,igdb,19267,dynasty-warriors-next,Dynasty Warriors Next,2011-12-17,Hack and slash/Beat 'em up,75,,https://images.igdb.com/igdb/image/upload/t_cover_big/co4p6q.jpg,1.00,2026-08-16
Dynasty Warriors Origins,igdb,303808,dynasty-warriors-origins,Dynasty Warriors: Origins,2025-01-17,Role-playing (RPG);Strategy;Hack and slash/Beat 'em up,78,,https://images.igdb.com/igdb/image/upload/t_cover_big/cob1tq.jpg,1.00,2026-08-16
Dynasty Warriors Strikeforce*,igdb,6983,dynasty-warriors-strikeforce,Dynasty Warriors: Strikeforce,2009-02-26,Role-playing (RPG);Hack and slash/Beat 'em up;Adventure,58,,https://images.igdb.com/igdb/image/upload/t_cover_big/co60k0.jpg,1.00,2026-08-16
Déjà Vu,,,,Deja Vu,,,,,,0.71,2026-08-16
Déraciné,,,,,,,,,,0.00,2026-08-16
E4,,,,Picross e4,,,,,,0.33,2026-08-16
Eagle Flight,igdb,14765,eagle-flight,Eagle Flight,2016-10-18,Shooter;Simulator,79,,https://images.igdb.com/igdb/image/upload/t_cover_big/co4gv4.jpg,1.00,2026-08-16
Eamon,igdb,28233,eamon,Eamon,1980-03-31,Role-playing (RPG);Adventure,,,https://images.igdb.com/igdb/image/upload/t_cover_big/co8ilj.jpg,1.00,2026-08-16
Earth Defence Force 2025,,,,,,,,,,0.00,2026-08-16
Earth Defense Force 2017,igdb,5583,earth-defense-force-2017,Earth Defense Force 2017,2006-12-14,Shooter,73,,https://images.igdb.com/igdb/image/upload/t_cover_big/co2h2i.jpg,1.00,2026-08-23
Earth Defense Force 4.1: The Shadow of New Despair,igdb,11002,earth-defense-force-4-dot-1-the-shadow-of-new-despair,Earth Defense Force 4.1: The Shadow of New Despair,2015-04-02,Shooter;Adventure,66,,https://images.igdb.com/igdb/image/upload/t_cover_big/cob9gu.jpg,1.00,2026-08-23
Earth Defense Force: Insect Armageddon*,igdb,5584,earth-defense-force-insect-armageddon,Earth Defense Force: Insect Armageddon,2011-07-05,Shooter,70,,https://images.igdb.com/igdb/image/upload/t_cover_big/co2h2h.jpg,1.00,2026-08-23
EarthBound,igdb,78559,earthbound--1,Earthbound,1983-12-31,Adventure,,,https://images.igdb.com/igdb/image/upload/t_cover_big/udoqdu91vczupvadieku.jpg,1.00,2026-08-23
Earthworm Jim,igdb,3480,earthworm-jim,Earthworm Jim,1994-10-01,Shooter;Platform,76,,https://images.igdb.com/igdb/image/upload/t_cover_big/co20g8.jpg,1.00,2026-08-23
Eastshade,igdb,17480,eastshade,Eastshade,2019-02-13,Adventure;Indie,76,,https://images.igdb.com/igdb/image/upload/t_cover_big/co4b9w.jpg,1.00,2026-08-23
Eastward,igdb,24417,eastward,Eastward,2021-09-16,Role-playing (RPG);Simulator;Adventure;Indie,81,,https://images.igdb.com/igdb/image/upload/t_cover_big/co3tul.jpg,1.00,2026-08-23
Eat Lead: The Return of Matt Hazard*,igdb,574,eat-lead-the-return-of-matt-hazard,Eat Lead: The Return of Matt Hazard,2009-02-26,Shooter,46,,https://images.igdb.com/igdb/image/upload/t_cover_big/co4yqa.jpg,1.00,2026-08-23
Eat Them!,igdb,21167,eat-them,Eat Them!,2010-12-21,Hack and slash/Beat 'em up;Arcade,70,,https://images.igdb.com/igdb/image/upload/t_cover_big/co2xgg.jpg,1.00,2026-08-23
Ecco the Dolphin,igdb,237309,ecco-the-dolphin--2,Ecco the Dolphin,1993-07-29,Adventure,,,https://images.igdb.com/igdb/image/upload/t_cover_big/co658c.jpg,1.00,2026-08-23
ECHO,igdb,19448,echo,Echo,2017-09-19,Shooter;Role-playing (RPG);Adventure;Indie,77,,https://images.igdb.com/igdb/image/upload/t_cover_big/co24h2.jpg,1.00,2026-08-23
Echo Night,igdb,9514,echo-night,Echo Night,1998-08-13,Puzzle;Adventure,,,https://images.igdb.com/igdb/image/upload/t_cover_big/coa1a6.jpg,1.00,2026-08-23
EchoBlade,igdb,166752,echoblade,EchoBlade,2022-07-03,Role-playing (RPG);Adventure;Indie,,,https://images.igdb.com/igdb/image/upload/t_cover_big/co5gm0.jpg,1.00,2026-08-23
Echochrome,igdb,263007,echochrome--1,Echochrome,2022-05-23,Puzzle,,,https://images.igdb.com/igdb/image/upload/t_cover_big/co8hcp.jpg,1.00,2026-08-23
Echochrome: Prelude*,,,,,,,,,,0.00,2026-08-23
Echoshift (PSP),igdb,22976,echoshift,Echoshift,2009-11-01,Puzzle,,,https://images.igdb.com/igdb/image/upload/t_cover_big/co2hiz.jpg,1.00,2026-08-23
Eclipse: Edge of Light,igdb,27809,eclipse-edge-of-light,Eclipse: Edge of Light,2020-01-14,Puzzle;Adventure;Indie,,,https://images.igdb.com/igdb/image/upload/t_cover_big/co1xx5.jpg,1.00,2026-08-23
Ecolibrium,igdb,52170,ecolibrium,Ecolibrium,2012-09-12,Simulator;Strategy,,,https://images.igdb.com/igdb/image/upload/t_cover_big/co1leq.jpg,1.00,2026-08-23
Eden Tomorrow,igdb,75282,eden-tomorrow,Eden Tomorrow,2019-02-12,Adventure,,,https://images.igdb.com/igdb/image/upload/t_cover_big/xpowlesxdoklxjbbrgpj.jpg,1.00,2026-08-23
EDGE,igdb,111122,edge--1,Edge,2018-11-03,Simulator;Adventure;Indie,,,https://images.igdb.com/igdb/image/upload/t_cover_big/co3pry.jpg,1.00,2026-08-23
Edge of Eternity,igdb,28526,edge-of-eternity,Edge of Eternity,2021-06-08,Role-playing (RPG);Strategy;Turn-based strategy (TBS);Adventure;Indie,,,https://images.igdb.com/igdb/image/upload/t_cover_big/co8q9v.jpg,0.92,2026-08-23
Eets Munchies Beta,,,,,,,,,,0.00,2026-08-23
Eets: Hunger. It’s Emotional,igdb,28960,eets-hunger-its-emotional,Eets: Hunger. It's emotional.,2006-03-27,Platform;Puzzle;Strategy;Indie,,,https://images.igdb.com/igdb/image/upload/t_cover_big/co2hm4.jpg,1.00,2026-08-23
EINHÄNDER,,,,,,,,,,0.00,2026-08-23
Einhänder,,,,,,,,,,0.00,2026-08-23
Eiyuden Chronicle Rising,igdb,152245,eiyuden-chronicle-rising,Eiyuden Chronicle: Rising,2022-05-10,Role-playing (RPG);Adventure;Indie,74,,https://images.igdb.com/igdb/image/upload/t_cover_big/co4sxy.jpg,1.00,2026-08-23
Eiyuden Chronicle: Rising,igdb,152245,eiyuden-chronicle-rising,Eiyuden Chronicle: Rising,2022-05-10,Role-playing (RPG);Adventure;Indie,74,,https://images.igdb.com/igdb/image/upload/t_cover_big/co4sxy.jpg,1.00,2026-08-23
El Hijo - A Wild West Tale,igdb,25227,el-hijo-a-wild-west-tale,El Hijo: A Wild West Tale,2020-12-03,Puzzle;Strategy;Adventure;Indie,76,,https://images.igdb.com/igdb/image/upload/t_cover_big/co3jfm.jpg,1.00,2026-08-23
El Matador,igdb,9828,el-matador,El Matador,2006-09-25,Shooter,47,,https://images.igdb.com/igdb/image/upload/t_cover_big/co3put.jpg,1.00,2026-08-23
"El paso, elsewhere",igdb,151788,el-paso-elsewhere,"El Paso, Elsewhere",2023-09-26,Shooter,82,,https://images.igdb.com/igdb/image/upload/t_cover_big/co321v.jpg,1.00,2026-08-23
Elasto Mania,igdb,9103,elasto-mania,Elasto Mania,2000-02-01,Platform;Puzzle;Racing;Simulator;Sport;Indie;Arcade,,,https://images.igdb.com/igdb/image/upload/t_cover_big/co27s6.jpg,1.00,2026-08-23
Elden Ring (+ Shadow of the erdtree),igdb,119133,elden-ring,Elden Ring,2022-02-25,Role-playing (RPG);Adventure,97,,https://images.igdb.com/igdb/image/upload/t_cover_big/co4jni.jpg,1.00,2026-08-23
Elder Scroll Legends,igdb,11120,the-elder-scrolls-legends,The Elder Scrolls: Legends,2017-03-09,Strategy;Turn-based strategy (TBS);Card & Board Game,77,,https://images.igdb.com/igdb/image/upload/t_cover_big/co3woi.jpg,0.89,2026-08-23
Elderborn,igdb,74330,elderborn,Elderborn,2020-01-30,Hack and slash/Beat 'em up;Indie,,,https://images.igdb.com/igdb/image/upload/t_cover_big/co3diz.jpg,1.00,2026-08-23
Eldest Souls,igdb,116403,eldest-souls,Eldest Souls,2021-07-28,Role-playing (RPG);Adventure;Indie,82,,https://images.igdb.com/igdb/image/upload/t_cover_big/co20yj.jpg,1.00,2026-08-23
Elebits,igdb,2747,elebits,Elebits,2006-12-02,Shooter;Puzzle,66,,https://images.igdb.com/igdb/image/upload/t_cover_big/co7x6y.jpg,1.00,2026-08-23
Electronauts,igdb,81056,electronauts,Electronauts,2018-08-07,Music;Indie,,,https://images.igdb.com/igdb/image/upload/t_cover_big/co1hyg.jpg,1.00,2026-08-23
Electronic Super Joy,igdb,210289,electronic-super-joy--1,Electronic Super Joy,2015-11-05,Shooter;Music;Platform;Adventure;Indie;Arcade,,,https://images.igdb.com/igdb/image/upload/t_cover_big/co4zxd.jpg,1.00,2026-08-23
Elefunk*,igdb,21808,elefunk,Elefunk,2008-07-10,Puzzle,70,,https://images.igdb.com/igdb/image/upload/t_cover_big/co3d5j.jpg,1.00,2026-08-23
Element4l,igdb,8715,element4l,Element4l,2013-05-24,Platform;Puzzle;Indie,73,,https://images.igdb.com/igdb/image/upload/t_cover_big/co2xly.jpg,1.00,2026-08-23
Eleven Eleven,,,,Inazuma Eleven Go: Light,,,,,,0.44,2026-08-23
ELEX,igdb,11567,elex,Elex,2017-10-17,Role-playing (RPG);Adventure,60,,https://images.igdb.com/igdb/image/upload/t_cover_big/co1qv7.jpg,1.00,2026-08-23
ELEX 2,igdb,55147,elex-ii,Elex II,2022-03-01,Role-playing (RPG);Adventure,68,,https://images.igdb.com/igdb/image/upload/t_cover_big/co39yr.jpg,0.85,2026-08-23
Eliss,igdb,29052,eliss,Eliss,2009-03-06,Puzzle,,,https://images.igdb.com/igdb/image/upload/t_cover_big/fuuirjrncxutswzwxlvc.jpg,1.00,2026-08-23
Elite,igdb,350143,elite--1,Elite,,,,,,1.00,2026-08-23
Elite Beat Agents,igdb,9109,elite-beat-agents,Elite Beat Agents,2006-11-06,Music;Sport,83,,https://images.igdb.com/igdb/image/upload/t_cover_big/co2dyd.jpg,1.00,2026-08-23
Elite Dangerous,igdb,2955,elite-dangerous,Elite: Dangerous,2014-12-16,Shooter;Role-playing (RPG);Simulator;Strategy;Adventure,82,,https://images.igdb.com/igdb/image/upload/t_cover_big/co8jkn.jpg,1.00,2026-08-23
Eliza,igdb,345129,eliza--1,Eliza,2018-01-20,Shooter;Role-playing (RPG),,,,1.00,2026-08-23
Else Heart.Break(),igdb,14395,else-heart-dot-break,Else Heart.Break(),2015-09-24,Point-and-click;Adventure;Indie,86,,https://images.igdb.com/igdb/image/upload/t_cover_big/co2hm3.jpg,1.00,2026-08-23
Embr (PS4),igdb,117312,embr,Embr,2021-09-23,Platform;Puzzle;Simulator;Strategy;Indie,76,,https://images.igdb.com/igdb/image/upload/t_cover_big/co9fsv.jpg,1.00,2026-08-23
Empire Earth: Gold Edition,igdb,53999,empire-earth-gold-edition,Empire Earth: Gold Edition,2003-05-06,Real Time Strategy (RTS);Strategy,,,https://images.igdb.com/igdb/image/upload/t_cover_big/co2fl2.jpg,1.00,2026-08-23
EMPIRE OF SIN,igdb,119386,empire-of-sin,Empire of Sin,2020-11-30,Role-playing (RPG);Strategy;Tactical;Adventure,58,,https://images.igdb.com/igdb/image/upload/t_cover_big/co2nbm.jpg,1.00,2026-08-23
Empire: Total War,igdb,441,empire-total-war,Empire: Total War,2009-03-03,Real Time Strategy (RTS);Strategy;Turn-based strategy (TBS);Tactical,90,,https://images.igdb.com/igdb/image/upload/t_cover_big/co214k.jpg,1.00,2026-08-23
Enclave,igdb,1345,enclave,Enclave,2002-03-10,Role-playing (RPG);Hack and slash/Beat 'em up,81,,https://images.igdb.com/igdb/image/upload/t_cover_big/co2h0w.jpg,1.00,2026-08-23
End Space,igdb,69415,end-space,End Space,2016-04-20,Shooter;Simulator;Indie,,,https://images.igdb.com/igdb/image/upload/t_cover_big/co3pwo.jpg,1.00,2026-08-23
Ender Lilies: Quietus of the Knights,igdb,138858,ender-lilies-quietus-of-the-knights,Ender Lilies: Quietus of the Knights,2021-06-21,Platform;Role-playing (RPG);Adventure;Indie,79,,https://images.igdb.com/igdb/image/upload/t_cover_big/co9s9e.jpg,1.00,2026-08-23
ENDER LILIES: Quietus of the Knights,igdb,138858,ender-lilies-quietus-of-the-knights,Ender Lilies: Quietus of the Knights,2021-06-21,Platform;Role-playing (RPG);Adventure;Indie,79,,https://images.igdb.com/igdb/image/upload/t_cover_big/co9s9e.jpg,1.00,2026-08-23
Enderal: Forgotten stories [TES V],igdb,109367,enderal-forgotten-stories,Enderal: Forgotten Stories,2019-02-14,Role-playing (RPG);Adventure,,,https://images.igdb.com/igdb/image/upload/t_cover_big/co2vjz.jpg,0.92,2026-08-23
Endless Legend,igdb,9278,endless-legend,Endless Legend,2014-09-18,Role-playing (RPG);Strategy;Turn-based strategy (TBS);Indie,81,,https://images.igdb.com/igdb/image/upload/t_cover_big/coaec0.jpg,1.00,2026-08-23
Endling: Extinction is Forever,igdb,105623,endling-extinction-is-forever,Endling: Extinction is Forever,2022-07-19,Simulator;Adventure;Indie,,,https://images.igdb.com/igdb/image/upload/t_cover_big/co6pmo.jpg,1.00,2026-08-23
Enemy Front*,igdb,5647,enemy-front,Enemy Front,2014-06-10,Shooter,33,,https://images.igdb.com/igdb/image/upload/t_cover_big/co1r6w.jpg,1.00,2026-08-23
Enemy Territory: Quake Wars,igdb,680,enemy-territory-quake-wars,Enemy Territory: Quake Wars,2007-09-28,Shooter;Strategy,81,,https://images.igdb.com/igdb/image/upload/t_cover_big/co2o4l.jpg,1.00,2026-08-23
Enigmatis: The Ghosts of Maple Creek,igdb,17137,enigmatis-the-ghosts-of-maple-creek,Enigmatis: The Ghosts of Maple Creek,2011-09-29,Point-and-click;Puzzle;Adventure,,,https://images.igdb.com/igdb/image/upload/t_cover_big/co21o2.jpg,1.00,2026-08-23
Enotria: The Last Song,igdb,218521,enotria-the-last-song,Enotria: The Last Song,2024-09-19,Fighting;Role-playing (RPG);Adventure;Indie,72,,https://images.igdb.com/igdb/image/upload/t_cover_big/co7nng.jpg,1.00,2026-08-23
Enshrouded,igdb,248643,enshrouded,Enshrouded,2024-01-24,Role-playing (RPG);Adventure,,,https://images.igdb.com/igdb/image/upload/t_cover_big/coclex.jpg,1.00,2026-08-23
Enslaved: Odyssey to the West,igdb,2538,enslaved-odyssey-to-the-west,Enslaved: Odyssey to the West,2010-10-05,Platform;Puzzle;Adventure,82,,https://images.igdb.com/igdb/image/upload/t_cover_big/co2gko.jpg,1.00,2026-08-23
Enter the Gungeon,igdb,11182,enter-the-gungeon,Enter the Gungeon,2016-04-05,Shooter;Adventure;Indie;Arcade,82,,https://images.igdb.com/igdb/image/upload/t_cover_big/cobl6c.jpg,1.00,2026-08-23
Enter the Matrix,igdb,1003,enter-the-matrix,Enter the Matrix,2003-05-14,Fighting;Shooter;Hack and slash/Beat 'em up;Adventure,56,,https://images.igdb.com/igdb/image/upload/t_cover_big/co1oum.jpg,1.00,2026-08-23
Entropia Universe,igdb,3086,entropia-universe,Entropia Universe,2003-01-30,Role-playing (RPG);Adventure,,,https://images.igdb.com/igdb/image/upload/t_cover_big/co2ho2.jpg,1.00,2026-08-23
Entwined,igdb,7380,entwined,Entwined,2014-06-09,Music;Arcade,69,,https://images.igdb.com/igdb/image/upload/t_cover_big/co2q20.jpg,1.00,2026-08-23
Epistory - Typing Chronicles,igdb,11657,epistory-typing-chronicles,Epistory: Typing Chronicles,2016-03-30,Puzzle;Role-playing (RPG);Adventure;Indie,82,,https://images.igdb.com/igdb/image/upload/t_cover_big/co1xni.jpg,1.00,2026-08-23
EQQO,igdb,101685,eqqo,Eqqo,2018-04-17,Puzzle;Adventure,,,https://images.igdb.com/igdb/image/upload/t_cover_big/co2t8t.jpg,1.00,2026-08-23
Erica,igdb,75240,erica,Erica,2019-08-19,Point-and-click,72,,https://images.igdb.com/igdb/image/upload/t_cover_big/co1p7n.jpg,1.00,2026-08-23
Escape Dead Island*,igdb,7499,escape-dead-island,Escape Dead Island,2014-11-18,Simulator;Adventure;Indie,35,,https://images.igdb.com/igdb/image/upload/t_cover_big/co2q28.jpg,1.00,2026-08-23
Escape from Monkey Island,igdb,63,escape-from-monkey-island,Escape from Monkey Island,2000-11-01,Point-and-click;Puzzle;Adventure,90,,https://images.igdb.com/igdb/image/upload/t_cover_big/co2311.jpg,1.00,2026-08-23
Escape from Tarkov,igdb,15536,escape-from-tarkov,Escape from Tarkov,2025-11-15,Shooter;Role-playing (RPG);Simulator;Tactical,30,,https://images.igdb.com/igdb/image/upload/t_cover_big/coco22.jpg,1.00,2026-08-23
Escape Plan,igdb,18371,escape-plan,Escape Plan,2012-02-14,Point-and-click;Puzzle;Adventure,65,,https://images.igdb.com/igdb/image/upload/t_cover_big/co2q2a.jpg,1.00,2026-08-23
Eschalon: Book I,igdb,8206,eschalon-book-i,Eschalon: Book I,2007-11-19,Role-playing (RPG);Indie,,,https://images.igdb.com/igdb/image/upload/t_cover_big/co214q.jpg,1.00,2026-08-23
Esper,igdb,23893,esper,Esper,2015-04-18,Puzzle;Indie,,,https://images.igdb.com/igdb/image/upload/t_cover_big/co2q2d.jpg,1.00,2026-08-23
Espire 1: VR Operative,igdb,68569,espire-1-vr-operative,Espire 1: VR Operative,2019-11-19,Shooter;Adventure,76,,https://images.igdb.com/igdb/image/upload/t_cover_big/co1lx5.jpg,1.00,2026-08-23
Eternal,igdb,303056,eternal--3,Eternal,2024-06-12,Adventure;Indie,,,https://images.igdb.com/igdb/image/upload/t_cover_big/co8f9i.jpg,1.00,2026-08-23
Eternal Darkness,igdb,176035,eternal-darkness,Eternal Darkness,,Adventure,,,https://images.igdb.com/igdb/image/upload/t_cover_big/co4amk.jpg,1.00,2026-08-23
Eternal Strands,igdb,295199,eternal-strands,Eternal Strands,2025-01-28,Adventure,83,,https://images.igdb.com/igdb/image/upload/t_cover_big/co94m1.jpg,1.00,2026-08-23
Eternights,igdb,203367,eternights,Eternights,2023-09-12,Role-playing (RPG);Hack and slash/Beat 'em up;Adventure;Indie,65,,https://images.igdb.com/igdb/image/upload/t_cover_big/co4tg0.jpg,1.00,2026-08-23
Ethan: Meteor Hunter*,igdb,10279,ethan-meteor-hunter,Ethan: Meteor Hunter,2013-10-22,Platform;Puzzle;Role-playing (RPG);Adventure;Indie;Arcade,,,https://images.igdb.com/igdb/image/upload/t_cover_big/co3d5k.jpg,1.00,2026-08-23
Ether One,igdb,5639,ether-one-be9f9aff-105e-448a-a37b-7863a0c0a683,Ether One,2014-03-25,Puzzle;Adventure;Indie,82,,https://images.igdb.com/igdb/image/upload/t_cover_big/co2mqh.jpg,1.00,2026-08-23
Etherborn,igdb,77529,etherborn,Etherborn,2019-07-18,Platform;Puzzle;Adventure;Indie,60,,https://images.igdb.com/igdb/image/upload/t_cover_big/co1jaf.jpg,1.00,2026-08-23
Eufloria*,igdb,7596,eufloria,Eufloria,2009-10-20,Real Time Strategy (RTS);Strategy;Indie,78,,https://images.igdb.com/igdb/image/upload/t_cover_big/co1u31.jpg,1.00,2026-08-23
Europa Universalis,igdb,682,europa-universalis-ii,Europa Universalis II,2001-11-12,Real Time Strategy (RTS);Simulator;Strategy,,,https://images.igdb.com/igdb/image/upload/t_cover_big/co2jr6.jpg,1.00,2026-08-23
Europa Universalis II,igdb,682,europa-universalis-ii,Europa Universalis II,2001-11-12,Real Time Strategy (RTS);Simulator;Strategy,,,https://images.igdb.com/igdb/image/upload/t_cover_big/co2jr6.jpg,1.00,2026-08-23
Europa Universalis III,igdb,683,europa-universalis-iii,Europa Universalis III,2007-01-23,Real Time Strategy (RTS);Strategy,70,,https://images.igdb.com/igdb/image/upload/t_cover_big/co24mr.jpg,1.00,2026-08-23
Europa Universalis IV,igdb,1904,europa-universalis-iv,Europa Universalis IV,2013-08-13,Real Time Strategy (RTS);Simulator;Strategy,85,,https://images.igdb.com/igdb/image/upload/t_cover_big/coaarv.jpg,1.00,2026-08-23
Europa Universalis: II Wojna Światowa,,,,,,,,,,0.00,2026-08-23
Evasion,igdb,74968,evasion,Evasion,2018-12-31,Shooter;Adventure;Indie,78,,https://images.igdb.com/igdb/image/upload/t_cover_big/co27r5.jpg,1.00,2026-08-23
EVE Echoes,igdb,111187,eve-echoes,Eve: Echoes,2020-08-13,Role-playing (RPG);Simulator;Strategy,,,https://images.igdb.com/igdb/image/upload/t_cover_big/co1rl1.jpg,1.00,2026-08-23
EVE Online,igdb,2584,eve-online,Eve Online,2003-05-06,Role-playing (RPG);Simulator;Strategy,79,,https://images.igdb.com/igdb/image/upload/t_cover_big/cociug.jpg,1.00,2026-08-23
EVE Valkyrie,igdb,9267,eve-valkyrie,EVE: Valkyrie,2016-03-25,Simulator,77,,https://images.igdb.com/igdb/image/upload/t_cover_big/co1htn.jpg,1.00,2026-08-23
Eve: Vanguard,igdb,277846,eve-vanguard,EVE Vanguard,2026-09-30,Shooter;Strategy;Tactical;Adventure,,,https://images.igdb.com/igdb/image/upload/t_cover_big/cociud.jpg,1.00,2026-08-23
Everquest,igdb,18293,everquest-ii,EverQuest II,2004-11-08,Role-playing (RPG);Adventure,81,,https://images.igdb.com/igdb/image/upload/t_cover_big/co3qf5.jpg,0.86,2026-08-23
Everquest 2,igdb,18293,everquest-ii,EverQuest II,2004-11-08,Role-playing (RPG);Adventure,81,,https://images.igdb.com/igdb/image/upload/t_cover_big/co3qf5.jpg,0.87,2026-08-23
Everspace,igdb,14172,everspace,Everspace,2017-05-25,Fighting;Shooter;Simulator;Indie,82,,https://images.igdb.com/igdb/image/upload/t_cover_big/co24ms.jpg,1.00,2026-08-23
Everspace 2,igdb,121762,everspace-2,Everspace 2,2023-04-06,Shooter;Role-playing (RPG);Simulator;Adventure;Indie,87,,https://images.igdb.com/igdb/image/upload/t_cover_big/co6dns.jpg,1.00,2026-08-23
EVERWILD,igdb,125623,everwild,Everwild,,Adventure,,,https://images.igdb.com/igdb/image/upload/t_cover_big/co2ebv.jpg,1.00,2026-08-23
Everybody's Golf,igdb,28187,everybodys-golf--1,Everybody's Golf,2017-08-29,Simulator;Sport,79,,https://images.igdb.com/igdb/image/upload/t_cover_big/co2f81.jpg,1.00,2026-08-23
Everybody's Golf VR,igdb,109273,everybodys-golf-vr,Everybody's Golf VR,2019-05-21,Simulator;Sport,77,,https://images.igdb.com/igdb/image/upload/t_cover_big/co1lf0.jpg,1.00,2026-08-23
Everybody’s Golf 5: World Tour,,,,,,,,,,0.00,2026-08-23
Everyday Shooter,igdb,14911,everyday-shooter,Everyday Shooter,2006-03-29,Shooter;Music;Indie,83,,https://images.igdb.com/igdb/image/upload/t_cover_big/co25c1.jpg,1.00,2026-08-23
Everyone's Gone to the Rapture,,,,,,,,,,0.00,2026-08-23
EVERYTHING,igdb,27910,everything,Everything,2017-03-21,Role-playing (RPG);Simulator;Adventure;Indie,72,,https://images.igdb.com/igdb/image/upload/t_cover_big/co24rj.jpg,1.00,2026-08-23
Evil Dead: The Game,igdb,141544,evil-dead-the-game--1,Evil Dead: The Game,2022-05-13,Shooter,64,,https://images.igdb.com/igdb/image/upload/t_cover_big/co4nqj.jpg,1.00,2026-08-23
Evil Genius,igdb,3081,evil-genius,Evil Genius,2004-09-28,Puzzle;Real Time Strategy (RTS);Simulator;Strategy,82,,https://images.igdb.com/igdb/image/upload/t_cover_big/co231o.jpg,1.00,2026-08-23
Evil Genius 2 : World Domination,igdb,44074,evil-genius-2-world-domination,Evil Genius 2: World Domination,2021-03-30,Real Time Strategy (RTS);Simulator;Strategy,77,,https://images.igdb.com/igdb/image/upload/t_cover_big/co2urs.jpg,1.00,2026-08-23
Evil West,igdb,141547,evil-west,Evil West,2022-11-22,Shooter;Hack and slash/Beat 'em up;Adventure,72,,https://images.igdb.com/igdb/image/upload/t_cover_big/co4udq.jpg,1.00,2026-08-23
Evoland 2,igdb,11798,evoland-2,Evoland 2,2015-08-25,Fighting;Music;Platform;Role-playing (RPG);Strategy;Turn-based strategy (TBS);Hack and slash/Beat 'em up;Adventure;Indie;Card & Board Game,78,,https://images.igdb.com/igdb/image/upload/t_cover_big/co295h.jpg,1.00,2026-08-23
Evoland Legendary Edition,igdb,114910,evoland-legendary-edition,Evoland Legendary Edition,2019-02-07,Role-playing (RPG);Adventure;Indie,92,,https://images.igdb.com/igdb/image/upload/t_cover_big/co6gvi.jpg,1.00,2026-08-23
Evolve,igdb,3770,evolve,Evolve,2015-02-09,Shooter,77,,https://images.igdb.com/igdb/image/upload/t_cover_big/coa2ha.jpg,1.00,2026-08-23
Evotinction,igdb,115848,evotinction,Evotinction,2024-09-12,Role-playing (RPG);Strategy;Hack and slash/Beat 'em up;Adventure,75,,https://images.igdb.com/igdb/image/upload/t_cover_big/co1jow.jpg,1.00,2026-08-23
Excitebike 64,igdb,3337,excitebike-64,Excitebike 64,2000-04-30,Racing;Sport,,,https://images.igdb.com/igdb/image/upload/t_cover_big/co4an4.jpg,1.00,2026-08-23
Exile,igdb,125295,exile--1,Exile,1991-03-29,Role-playing (RPG);Hack and slash/Beat 'em up,,,https://images.igdb.com/igdb/image/upload/t_cover_big/cob2k1.jpg,1.00,2026-08-23
Exile's End,igdb,24969,exiles-end,Exile's End,2015-08-31,Platform;Adventure,60,,https://images.igdb.com/igdb/image/upload/t_cover_big/co2xgn.jpg,1.00,2026-08-23
Eximius: Seize the Frontline,igdb,96094,eximius-seize-the-frontline,Eximius: Seize the Frontline,2021-03-16,Shooter;Real Time Strategy (RTS);Strategy;Indie,,,https://images.igdb.com/igdb/image/upload/t_cover_big/co2zbd.jpg,0.92,2026-08-23
Exit 2,igdb,195319,exit-2--1,Exit 2,2021-12-07,Adventure;Indie,,,https://images.igdb.com/igdb/image/upload/t_cover_big/co5i40.jpg,1.00,2026-08-23
Exo One,igdb,81909,exo-one--1,Exo One,2021-11-18,Simulator;Adventure;Indie,80,,https://images.igdb.com/igdb/image/upload/t_cover_big/co1xto.jpg,1.00,2026-08-23
Exoprimal,igdb,194203,exoprimal,Exoprimal,2023-07-14,Shooter;Hack and slash/Beat 'em up,74,,https://images.igdb.com/igdb/image/upload/t_cover_big/co692f.jpg,1.00,2026-08-23
Expeditions: A Mudrunner Game,igdb,262534,expeditions-a-mudrunner-game,Expeditions: A MudRunner Game,2024-03-05,Racing;Simulator;Adventure,78,,https://images.igdb.com/igdb/image/upload/t_cover_big/co6ywx.jpg,1.00,2026-08-23
Expeditions: ROME,igdb,146650,expeditions-rome,Expeditions: Rome,2022-01-20,Role-playing (RPG);Strategy;Turn-based strategy (TBS),82,,https://images.igdb.com/igdb/image/upload/t_cover_big/co3ub5.jpg,1.00,2026-08-23
Extinction,igdb,36651,extinction,Extinction,2018-04-09,Hack and slash/Beat 'em up;Adventure,52,,https://images.igdb.com/igdb/image/upload/t_cover_big/co1ri9.jpg,1.00,2026-08-23
Extreme Exorcism,igdb,20026,extreme-exorcism,Extreme Exorcism,2015-09-23,Platform;Adventure;Indie;Arcade,75,,https://images.igdb.com/igdb/image/upload/t_cover_big/co2q47.jpg,1.00,2026-08-23
Eye of the Beholder Trilogy,,,,,,,,,,0.00,2026-08-23
EyePet,igdb,7303,eyepet,EyePet,2009-10-23,Simulator,68,,https://images.igdb.com/igdb/image/upload/t_cover_big/co2e6w.jpg,1.00,2026-08-23
F-Zero GX,igdb,3492,f-zero-gx,F-Zero GX,2003-07-25,Racing,90,,https://images.igdb.com/igdb/image/upload/t_cover_big/co525x.jpg,1.00,2026-08-23
F-Zero X,igdb,3489,f-zero-x,F-Zero X,1998-07-14,Racing;Arcade,,,https://images.igdb.com/igdb/image/upload/t_cover_big/co53i2.jpg,1.00,2026-08-23
F.3.A.R. (FEAR 3),igdb,514,f-e-a-r-3,F.E.A.R. 3,2011-06-21,Shooter;Adventure,76,,https://images.igdb.com/igdb/image/upload/t_cover_big/co1utt.jpg,0.83,2026-08-23
F.E.A.R. 2: Project Origin,igdb,520,f-e-a-r-2-project-origin,F.E.A.R. 2: Project Origin,2009-02-10,Shooter,76,,https://images.igdb.com/igdb/image/upload/t_cover_big/co1uts.jpg,1.00,2026-08-23
F.E.A.R. FIRST ENCOUNTER ASSAULT RECON,igdb,54014,fear-first-encounter-assault-recon,F.E.A.R. First Encounter Assault Recon,,,,,,1.00,2026-08-23
F.I.S.T.: Forged In Shadow Torch,igdb,115851,f-dot-i-s-dot-t-forged-in-shadow-torch,F.I.S.T.: Forged In Shadow Torch,2021-09-07,Platform;Role-playing (RPG);Simulator;Adventure;Indie,87,,https://images.igdb.com/igdb/image/upload/t_cover_big/co3ua0.jpg,1.00,2026-08-23
F1 2015,igdb,9272,f1-2015,F1 2015,2015-06-12,Racing;Simulator;Sport,62,,https://images.igdb.com/igdb/image/upload/t_cover_big/co1mzh.jpg,1.00,2026-08-23
F1 23,igdb,240558,f1-23,F1 23,2023-06-16,Racing;Simulator;Sport,88,,https://images.igdb.com/igdb/image/upload/t_cover_big/co6g3a.jpg,1.00,2026-08-23
F1 Race Stars,igdb,5311,f1-race-stars,F1 Race Stars,2012-11-13,Racing;Sport;Arcade,70,,https://images.igdb.com/igdb/image/upload/t_cover_big/co3zi6.jpg,1.00,2026-08-23
Fable 2,igdb,522,fable-ii,Fable II,2008-10-21,Role-playing (RPG);Adventure,86,,https://images.igdb.com/igdb/image/upload/t_cover_big/co1y2h.jpg,0.88,2026-08-23
Fable 3,igdb,504,fable-iii,Fable III,2010-10-26,Role-playing (RPG);Simulator;Strategy;Hack and slash/Beat 'em up;Adventure,78,,https://images.igdb.com/igdb/image/upload/t_cover_big/co231s.jpg,0.83,2026-08-23
Fable The Journey,igdb,1592,fable-the-journey,Fable: The Journey,2012-10-09,Role-playing (RPG);Adventure,63,,https://images.igdb.com/igdb/image/upload/t_cover_big/co21ly.jpg,1.00,2026-08-23
Factorio,igdb,7046,factorio,Factorio,2020-08-14,Simulator;Strategy;Indie,86,,https://images.igdb.com/igdb/image/upload/t_cover_big/co1tfy.jpg,0.92,2026-08-23
Fade to Silence,igdb,76887,fade-to-silence--1,Fade to Silence,2018-04-30,Role-playing (RPG);Adventure,42,,https://images.igdb.com/igdb/image/upload/t_cover_big/co27q9.jpg,1.00,2026-08-23
Faeria,igdb,12523,faeria,Faeria,2017-03-08,Puzzle;Role-playing (RPG);Strategy;Turn-based strategy (TBS);Tactical;Adventure;Indie;Card & Board Game,82,,https://images.igdb.com/igdb/image/upload/t_cover_big/co1mwi.jpg,1.00,2026-08-23
Faery Legends of Avalon,igdb,10295,faery-legends-of-avalon,Faery: Legends of Avalon,2010-10-10,Role-playing (RPG);Adventure,30,,https://images.igdb.com/igdb/image/upload/t_cover_big/co1pqc.jpg,1.00,2026-08-23
Fahrenheit,igdb,298555,fahrenheit--1,Fahrenheit,1995-04-01,Adventure,,,https://images.igdb.com/igdb/image/upload/t_cover_big/co83xy.jpg,0.92,2026-08-23
Fairlight,igdb,12995,fairlight,Fairlight,1985-12-31,Puzzle;Adventure,70,,https://images.igdb.com/igdb/image/upload/t_cover_big/co6884.jpg,1.00,2026-08-23
FALCON AGE,igdb,107212,falcon-age,Falcon Age,2019-04-09,Role-playing (RPG);Simulator;Adventure;Indie,45,,https://images.igdb.com/igdb/image/upload/t_cover_big/co1i50.jpg,1.00,2026-08-23
Fall Guys: Ultimate Knockout,igdb,141572,fall-guys-ultimate-knockout-season-3,Fall Guys: Ultimate Knockout - Season 3,2020-12-15,Platform;Sport;Indie,,,https://images.igdb.com/igdb/image/upload/t_cover_big/co2mh0.jpg,0.86,2026-08-23
Fallen Earth,igdb,15150,fallen-earth,Fallen Earth,2009-09-22,Shooter;Role-playing (RPG),58,,https://images.igdb.com/igdb/image/upload/t_cover_big/co1vox.jpg,1.00,2026-08-23
Fallen Legion: Flames of Rebellion,igdb,52018,fallen-legion-flames-of-rebellion,Fallen Legion: Flames of Rebellion,2017-07-18,Role-playing (RPG);Adventure;Indie,47,,https://images.igdb.com/igdb/image/upload/t_cover_big/co237e.jpg,1.00,2026-08-23
FALLOUT,igdb,14,fallout-2,Fallout 2,1998-10-29,Puzzle;Role-playing (RPG),,,https://images.igdb.com/igdb/image/upload/t_cover_big/co8ado.jpg,0.88,2026-08-23
FALLOUT 2,igdb,14,fallout-2,Fallout 2,1998-10-29,Puzzle;Role-playing (RPG),,,https://images.igdb.com/igdb/image/upload/t_cover_big/co8ado.jpg,1.00,2026-08-23
Fallout 3: GOTY,,,,,,,,,,0.00,2026-08-23
Fallout 4,igdb,9630,fallout-4,Fallout 4,2015-11-09,Shooter;Role-playing (RPG),85,,https://images.igdb.com/igdb/image/upload/t_cover_big/co1yc6.jpg,1.00,2026-08-23
Fallout 76,igdb,103020,fallout-76,Fallout 76,2018-11-14,Shooter;Role-playing (RPG),51,,https://images.igdb.com/igdb/image/upload/t_cover_big/co1yc4.jpg,1.00,2026-08-23
Fallout Shelter,igdb,11119,fallout-shelter,Fallout Shelter,2015-06-14,Role-playing (RPG);Simulator;Strategy,68,,https://images.igdb.com/igdb/image/upload/t_cover_big/co6p4w.jpg,1.00,2026-08-23
FALLOUT TACTICS: Brotherhood of Steel,igdb,17,fallout-tactics-brotherhood-of-steel,Fallout Tactics: Brotherhood of Steel,2001-03-15,Role-playing (RPG);Strategy;Turn-based strategy (TBS);Tactical,,,https://images.igdb.com/igdb/image/upload/t_cover_big/co1ybr.jpg,1.00,2026-08-23
Fallout: New California,igdb,142745,fallout-new-california,Fallout: New California,2018-10-22,Shooter;Role-playing (RPG),,,https://images.igdb.com/igdb/image/upload/t_cover_big/co2otj.jpg,1.00,2026-08-23
Fallout: New Vegas,igdb,16,fallout-new-vegas,Fallout: New Vegas,2010-10-19,Shooter;Role-playing (RPG),82,,https://images.igdb.com/igdb/image/upload/t_cover_big/co1u60.jpg,1.00,2026-08-23
Fantastic Contraption,igdb,168671,fantastic-contraption--1,Fantastic Contraption,2008-06-30,Puzzle;Simulator;Strategy,,,https://images.igdb.com/igdb/image/upload/t_cover_big/co3t4u.jpg,1.00,2026-08-23
Fantasy Wars,igdb,7332,fantasy-wars,Fantasy Wars,2007-11-08,Role-playing (RPG);Strategy;Turn-based strategy (TBS);Tactical,68,,https://images.igdb.com/igdb/image/upload/t_cover_big/co3zkk.jpg,1.00,2026-08-23
Fantasy World Dizzy,igdb,12090,fantasy-world-dizzy,Fantasy World Dizzy,1989-12-31,Platform;Adventure,90,,https://images.igdb.com/igdb/image/upload/t_cover_big/co4i7i.jpg,1.00,2026-08-23
FantaVision,igdb,376693,fantavision--1,FantaVision,2015-12-13,Puzzle;Strategy;Arcade,,,,1.00,2026-08-23
FAR : Changing Tides,igdb,152259,far-changing-tides,Far: Changing Tides,2022-03-01,Platform;Puzzle;Adventure;Indie,88,,https://images.igdb.com/igdb/image/upload/t_cover_big/coa36d.jpg,1.00,2026-08-23
Far Cry,,,,Far Cry 4 + Far Cry: Primal Bundle,,,,,,0.29,2026-08-23
Far Cry 2,igdb,361,far-cry-2,Far Cry 2,2008-10-21,Shooter;Adventure,58,,https://images.igdb.com/igdb/image/upload/t_cover_big/co1vpo.jpg,1.00,2026-08-23
Far Cry 3,igdb,529,far-cry-3,Far Cry 3,2012-11-28,Shooter;Adventure,90,,https://images.igdb.com/igdb/image/upload/t_cover_big/co1vpd.jpg,1.00,2026-08-23
Far Cry 3: Blood Dragon,igdb,2001,far-cry-3-blood-dragon,Far Cry 3: Blood Dragon,2013-04-30,Shooter;Adventure,83,,https://images.igdb.com/igdb/image/upload/t_cover_big/co1vpp.jpg,1.00,2026-08-23
Far Cry 4,igdb,6801,far-cry-4,Far Cry 4,2014-11-18,Shooter;Tactical;Adventure,86,,https://images.igdb.com/igdb/image/upload/t_cover_big/co2npa.jpg,1.00,2026-08-23
Far Cry 5 (+LoM+HD+DLZ),igdb,28552,far-cry-5,Far Cry 5,2018-03-26,Shooter;Adventure,84,,https://images.igdb.com/igdb/image/upload/t_cover_big/co21a6.jpg,1.00,2026-08-23
Far Cry 6,igdb,126290,far-cry-6,Far Cry 6,2021-10-07,Shooter;Adventure,82,,https://images.igdb.com/igdb/image/upload/t_cover_big/co2npg.jpg,1.00,2026-08-23
Far Cry Primal,igdb,13182,far-cry-primal,Far Cry: Primal,2016-02-23,Shooter;Adventure,76,,https://images.igdb.com/igdb/image/upload/t_cover_big/co28ha.jpg,1.00,2026-08-23
Far Cry: New Dawn,igdb,113111,far-cry-new-dawn,Far Cry New Dawn,2019-02-15,Shooter;Adventure,72,,https://images.igdb.com/igdb/image/upload/t_cover_big/co1vpg.jpg,1.00,2026-08-23
Far from Noise,igdb,61612,far-from-noise,Far from Noise,2017-11-14,Adventure;Indie;Visual Novel,,,https://images.igdb.com/igdb/image/upload/t_cover_big/co29p1.jpg,1.00,2026-08-23
Far West,igdb,70157,far-west,Far West,2003-12-31,Strategy,,,https://images.igdb.com/igdb/image/upload/t_cover_big/co8gxv.jpg,1.00,2026-08-23
Far: Changing Tides,igdb,152259,far-changing-tides,Far: Changing Tides,2022-03-01,Platform;Puzzle;Adventure;Indie,88,,https://images.igdb.com/igdb/image/upload/t_cover_big/coa36d.jpg,1.00,2026-08-23
Far: Lone Sails,igdb,19520,far-lone-sails,Far: Lone Sails,2018-05-17,Platform;Puzzle;Simulator;Adventure;Indie,78,,https://images.igdb.com/igdb/image/upload/t_cover_big/coa36a.jpg,1.00,2026-08-23
Farming Simulator 19,igdb,87210,farming-simulator-19,Farming Simulator 19,2018-11-19,Simulator;Strategy,68,,https://images.igdb.com/igdb/image/upload/t_cover_big/co20uu.jpg,1.00,2026-08-23
Farpoint,igdb,19575,farpoint,Farpoint,2017-05-16,Shooter;Adventure,69,,https://images.igdb.com/igdb/image/upload/t_cover_big/co237p.jpg,1.00,2026-08-23
Faselei!,igdb,28401,faselei,Faselei!,1999-12-29,Role-playing (RPG);Strategy;Turn-based strategy (TBS);Tactical,,,https://images.igdb.com/igdb/image/upload/t_cover_big/co52xi.jpg,1.00,2026-08-23
Fat Princess,igdb,19820,fat-princess,Fat Princess,2009-07-30,Real Time Strategy (RTS);Strategy;Hack and slash/Beat 'em up,75,,https://images.igdb.com/igdb/image/upload/t_cover_big/co4gdp.jpg,1.00,2026-08-23
Fatal Frame II: Crimson Butterfly,igdb,5105,fatal-frame-ii-crimson-butterfly,Fatal Frame II: Crimson Butterfly,2003-11-27,Adventure,87,,https://images.igdb.com/igdb/image/upload/t_cover_big/co1ov0.jpg,1.00,2026-08-23
Fatal Frame IV: Mask of the Lunar Eclipse,igdb,217577,fatal-frame-mask-of-the-lunar-eclipse,Fatal Frame: Mask of the Lunar Eclipse,2023-03-09,Adventure,68,,https://images.igdb.com/igdb/image/upload/t_cover_big/co6065.jpg,0.96,2026-08-23
Fatal Fury Special,igdb,5385,fatal-fury-special,Fatal Fury Special,1993-09-16,Fighting,70,,https://images.igdb.com/igdb/image/upload/t_cover_big/co3b7p.jpg,1.00,2026-08-23
Fatal Fury: Mark of the Wolves,,,,,,,,,,0.00,2026-08-23
Fate/Samurai Remnant,igdb,229919,fate-slash-samurai-remnant,Fate/Samurai Remnant,2023-09-29,Role-playing (RPG),80,,https://images.igdb.com/igdb/image/upload/t_cover_big/co702g.jpg,1.00,2026-08-23
Fated: The Silent Oath,igdb,19013,fated-the-silent-oath,Fated: The Silent Oath,2016-04-28,Adventure,54,,https://images.igdb.com/igdb/image/upload/t_cover_big/co237s.jpg,1.00,2026-08-23
Façade,igdb,127495,facade--1,Facade,2014-01-13,Adventure,,,https://images.igdb.com/igdb/image/upload/t_cover_big/co26ha.jpg,0.83,2026-08-23
FBC: Firebreak,igdb,320144,fbc-firebreak,FBC: Firebreak,2025-06-17,Shooter,72,,https://images.igdb.com/igdb/image/upload/t_cover_big/co9p0f.jpg,1.00,2026-08-23
FE,igdb,19525,fe,Fe,2018-02-15,Platform;Adventure,71,,https://images.igdb.com/igdb/image/upload/t_cover_big/co28r1.jpg,1.00,2026-08-23
Fear Effect,igdb,8600,fear-effect,Fear Effect,2000-02-24,Shooter;Puzzle;Adventure,,,https://images.igdb.com/igdb/image/upload/t_cover_big/co8j85.jpg,1.00,2026-08-23
Fear Effect 2,,,,Fear Effect 2: Retro Helix,,,,,,0.76,2026-08-23
Fear Effect Sedna,igdb,30847,fear-effect-sedna,Fear Effect Sedna,2018-03-06,Shooter;Puzzle;Role-playing (RPG);Strategy;Tactical;Adventure,42,,https://images.igdb.com/igdb/image/upload/t_cover_big/co9jdn.jpg,1.00,2026-08-23
Fear the Spotlight,igdb,199130,fear-the-spotlight,Fear the Spotlight,2024-10-22,Puzzle;Adventure;Indie,78,,https://images.igdb.com/igdb/image/upload/t_cover_big/coauzs.jpg,1.00,2026-08-23
Fear the Wolves,igdb,86478,fear-the-wolves,Fear the Wolves,2019-02-06,Shooter;Adventure,,,https://images.igdb.com/igdb/image/upload/t_cover_big/co2q4v.jpg,1.00,2026-08-23
Fell Seal: Arbiter's Mark,igdb,55771,fell-seal-arbiters-mark,Fell Seal: Arbiter's Mark,2019-04-30,Role-playing (RPG);Strategy;Turn-based strategy (TBS);Tactical;Adventure;Indie,82,,https://images.igdb.com/igdb/image/upload/t_cover_big/co1k9m.jpg,1.00,2026-08-23
Ferrari F355 Challenge,,,,F355 Challenge,,,,,,0.78,2026-08-23
FEZ,igdb,1991,fez,Fez,2012-04-13,Platform;Puzzle;Adventure;Indie,86,,https://images.igdb.com/igdb/image/upload/t_cover_big/co1rd9.jpg,1.00,2026-08-23
FIA European Truck Racing Championship,igdb,117855,fia-european-truck-racing-championship,FIA European Truck Racing Championship,2019-07-18,Racing;Simulator;Sport,,,https://images.igdb.com/igdb/image/upload/t_cover_big/co1ngg.jpg,1.00,2026-08-23
Fieldrunners,igdb,9839,fieldrunners,Fieldrunners,2008-10-01,Strategy;Indie,,,https://images.igdb.com/igdb/image/upload/t_cover_big/co2ivw.jpg,1.00,2026-08-23
Fifa 08,,,,FIFA Soccer 08,,,,,,0.67,2026-08-23
FIFA 19,igdb,240453,fifa-19--1,FIFA 19,2018-09-28,Sport,50,,https://images.igdb.com/igdb/image/upload/t_cover_big/co68bt.jpg,1.00,2026-08-23
FIFA 20,igdb,114287,fifa-20,FIFA 20,2019-09-27,Sport,79,,https://images.igdb.com/igdb/image/upload/t_cover_big/co206p.jpg,1.00,2026-08-23
FIFA 2000,igdb,229742,fifa-2000,FIFA 2000,1999-11-30,Sport,,,https://images.igdb.com/igdb/image/upload/t_cover_big/co5xvr.jpg,1.00,2026-08-23
FIFA 22,igdb,154986,fifa-22,FIFA 22,2021-10-01,Simulator;Sport,79,,https://images.igdb.com/igdb/image/upload/t_cover_big/co3dsm.jpg,1.00,2026-08-23
Fifa 98,,,,FIFA: Road to World Cup 98,,,,,,0.44,2026-08-23
FIFA World Cup 2002,igdb,240360,2002-fifa-world-cup--1,2002 FIFA World Cup,2002-04-23,Sport,,,https://images.igdb.com/igdb/image/upload/t_cover_big/co6v65.jpg,0.82,2026-08-23
Fifa World Cup 2010,,,,2010 FIFA World Cup South Africa,,,,,,0.67,2026-08-23
Fight Night Round 3,igdb,5836,fight-night-round-3,Fight Night Round 3,2006-02-20,Fighting;Sport,84,,https://images.igdb.com/igdb/image/upload/t_cover_big/co53v4.jpg,1.00,2026-08-23
FIGHTING EX LAYER - Standard Version,,,,,,,,,,0.00,2026-08-23
Fights in Tight Spaces,igdb,132422,fights-in-tight-spaces,Fights in Tight Spaces,2021-12-02,Fighting;Strategy;Turn-based strategy (TBS);Tactical;Indie;Card & Board Game,78,,https://images.igdb.com/igdb/image/upload/t_cover_big/co29ev.jpg,1.00,2026-08-23
Figment,igdb,20329,figment,Figment,2017-09-22,Music;Platform;Puzzle;Adventure;Indie,89,,https://images.igdb.com/igdb/image/upload/t_cover_big/co691d.jpg,1.00,2026-08-23
Filament,igdb,146233,filament--1,Filament,2015-11-14,Puzzle;Role-playing (RPG),,,https://images.igdb.com/igdb/image/upload/t_cover_big/coc1ws.jpg,1.00,2026-08-23
Final Assault,igdb,94615,final-assault,Final Assault,2019-03-20,Strategy,,,https://images.igdb.com/igdb/image/upload/t_cover_big/co23lm.jpg,1.00,2026-08-23
Final Exam*,igdb,80480,final-exam--1,Final Exam,2015-10-01,Adventure,,,https://images.igdb.com/igdb/image/upload/t_cover_big/upbprmtgfrm2uqnc3lzt.jpg,1.00,2026-08-23
Final Fantasy Crystal Chronicles,igdb,412,final-fantasy-crystal-chronicles,Final Fantasy: Crystal Chronicles,2003-08-08,Role-playing (RPG);Simulator;Strategy;Quiz/Trivia,81,,https://images.igdb.com/igdb/image/upload/t_cover_big/co1vjk.jpg,1.00,2026-08-23
Final Fantasy Crystal Chronicles: The Crystal Bearers,igdb,401,final-fantasy-crystal-chronicles-the-crystal-bearers,Final Fantasy: Crystal Chronicles - The Crystal Bearers,2009-11-12,Role-playing (RPG);Adventure,70,,https://images.igdb.com/igdb/image/upload/t_cover_big/co1vjl.jpg,1.00,2026-08-23
Final Fantasy I,igdb,408304,final-fantasy--9,Final Fantasy,2013-12-18,Role-playing (RPG),,,https://images.igdb.com/igdb/image/upload/t_cover_big/cocbrg.jpg,0.93,2026-08-23
Final Fantasy II,igdb,16474,final-fantasy-ii--1,Final Fantasy II,1988-12-17,Role-playing (RPG);Adventure,40,,https://images.igdb.com/igdb/image/upload/t_cover_big/co2xx4.jpg,1.00,2026-08-23
Final Fantasy III,igdb,340019,final-fantasy-iii--6,Final Fantasy III,2014-05-27,Role-playing (RPG);Adventure,,,https://images.igdb.com/igdb/image/upload/t_cover_big/co9o87.jpg,1.00,2026-08-23
Final Fantasy IV,igdb,16587,final-fantasy-iv--1,Final Fantasy IV,1991-07-19,Role-playing (RPG);Adventure,80,,https://images.igdb.com/igdb/image/upload/t_cover_big/co31c0.jpg,1.00,2026-08-23
Final Fantasy IX,igdb,421,final-fantasy-ix,Final Fantasy IX,2000-07-07,Role-playing (RPG);Adventure,84,,https://images.igdb.com/igdb/image/upload/t_cover_big/co2unc.jpg,1.00,2026-08-23
Final Fantasy Tactics,igdb,428,final-fantasy-tactics,Final Fantasy Tactics,1997-06-20,Role-playing (RPG);Turn-based strategy (TBS);Tactical,,,https://images.igdb.com/igdb/image/upload/t_cover_big/co2yx4.jpg,1.00,2026-08-23
Final Fantasy Tactics A2: Grimoire of the Rift,igdb,2408,final-fantasy-tactics-a2-grimoire-of-the-rift,Final Fantasy Tactics A2: Grimoire of the Rift,2007-10-25,Role-playing (RPG);Turn-based strategy (TBS);Tactical,83,,https://images.igdb.com/igdb/image/upload/t_cover_big/cobsxb.jpg,1.00,2026-08-23
Final Fantasy Type-0 HD,igdb,7399,final-fantasy-type-0-hd,Final Fantasy Type-0 HD,2015-03-17,Role-playing (RPG);Adventure,75,,https://images.igdb.com/igdb/image/upload/t_cover_big/co9er5.jpg,0.92,2026-08-23
Final Fantasy V,igdb,158984,final-fantasy-v--2,Final Fantasy V,2021-11-10,Role-playing (RPG);Adventure,,,https://images.igdb.com/igdb/image/upload/t_cover_big/co6pld.jpg,1.00,2026-08-23
Final Fantasy VI,igdb,158985,final-fantasy-vi--2,Final Fantasy VI,2022-02-23,Role-playing (RPG);Adventure,,,https://images.igdb.com/igdb/image/upload/t_cover_big/co6ple.jpg,1.00,2026-08-23
Final Fantasy VII (original),igdb,207026,final-fantasy-vii--6,Final Fantasy VII,2015-12-05,Role-playing (RPG),,,https://images.igdb.com/igdb/image/upload/t_cover_big/cobn9o.jpg,1.00,2026-08-23
Final Fantasy VII Rebirth,igdb,133236,final-fantasy-vii-rebirth,Final Fantasy VII Rebirth,2024-02-29,Role-playing (RPG);Strategy;Adventure,89,,https://images.igdb.com/igdb/image/upload/t_cover_big/cob9k6.jpg,1.00,2026-08-23
Final Fantasy VII Remake (+ INTERmission),igdb,11169,final-fantasy-vii-remake,Final Fantasy VII Remake,2020-04-10,Role-playing (RPG);Adventure,89,,https://images.igdb.com/igdb/image/upload/t_cover_big/cobcwt.jpg,1.00,2026-08-23
Final Fantasy VIII,igdb,425,final-fantasy-viii,Final Fantasy VIII,1999-02-11,Role-playing (RPG);Adventure;Card & Board Game,90,,https://images.igdb.com/igdb/image/upload/t_cover_big/co2z7d.jpg,1.00,2026-08-23
Final Fantasy X HD,,,,Final Fantasy X HD Remaster,,,,,,0.72,2026-08-23
Final Fantasy X-2 HD,,,,Final Fantasy X-2 HD Remaster,,,,,,0.74,2026-08-23
Final Fantasy XI,igdb,101214,final-fantasy-xi-r,Final Fantasy XI R,,Role-playing (RPG),,,https://images.igdb.com/igdb/image/upload/t_cover_big/co2tpl.jpg,0.94,2026-08-23
Final Fantasy XII: The Zodiac Age,igdb,19455,final-fantasy-xii-the-zodiac-age,Final Fantasy XII: The Zodiac Age,2017-07-11,Role-playing (RPG);Adventure,88,,https://images.igdb.com/igdb/image/upload/t_cover_big/co2g6o.jpg,0.92,2026-08-23
Final Fantasy XIII,igdb,389,final-fantasy-xiii,Final Fantasy XIII,2009-12-17,Role-playing (RPG);Adventure,81,,https://images.igdb.com/igdb/image/upload/t_cover_big/coboys.jpg,1.00,2026-08-23
Final Fantasy XIII-2,igdb,384,final-fantasy-xiii-2,Final Fantasy XIII-2,2011-12-15,Real Time Strategy (RTS);Role-playing (RPG);Adventure,75,,https://images.igdb.com/igdb/image/upload/t_cover_big/co1tr9.jpg,1.00,2026-08-23
Final Fantasy XIV: A Realm Reborn,,,,Final Fantasy XIV: A Realm Reborn - Collector's Edition,,,,,,0.68,2026-08-23
Final Fantasy XV Royal Edition,igdb,80877,final-fantasy-xv-royal-edition,Final Fantasy XV: Royal Edition,2018-03-06,Role-playing (RPG);Hack and slash/Beat 'em up;Adventure,73,,https://images.igdb.com/igdb/image/upload/t_cover_big/co1vln.jpg,1.00,2026-08-23
Final Fantasy XVI,igdb,31551,final-fantasy-xvi,Final Fantasy XVI,2023-06-22,Role-playing (RPG);Adventure,92,,https://images.igdb.com/igdb/image/upload/t_cover_big/cobd9i.jpg,1.00,2026-08-23
Final Fight,igdb,1655,final-fight,Final Fight,1989-11-25,Hack and slash/Beat 'em up;Arcade,,,https://images.igdb.com/igdb/image/upload/t_cover_big/co4a0q.jpg,1.00,2026-08-23
Final Fight: Double Impact*,igdb,21098,final-fight-double-impact,Final Fight: Double Impact,2010-04-15,Fighting;Hack and slash/Beat 'em up,82,,https://images.igdb.com/igdb/image/upload/t_cover_big/co2ikr.jpg,1.00,2026-08-23
Final Furlong,igdb,28394,final-furlong,Final Furlong,1997-12-31,Racing;Sport;Arcade,,,https://images.igdb.com/igdb/image/upload/t_cover_big/gnsxzo0kgabd5ku0me0l.jpg,1.00,2026-08-23
Final Horizon,igdb,42693,final-horizon,Final Horizon,2014-12-03,Real Time Strategy (RTS);Strategy,,,https://images.igdb.com/igdb/image/upload/t_cover_big/co2xla.jpg,1.00,2026-08-23
Fire Emblem Engage,igdb,217550,fire-emblem-engage,Fire Emblem Engage,2023-01-20,Role-playing (RPG);Strategy;Turn-based strategy (TBS);Tactical;Adventure,86,,https://images.igdb.com/igdb/image/upload/t_cover_big/coc5d3.jpg,1.00,2026-08-23
Fire Emblem Warriors,igdb,26769,fire-emblem-warriors,Fire Emblem Warriors,2017-09-28,Role-playing (RPG);Simulator;Strategy;Tactical;Hack and slash/Beat 'em up,78,,https://images.igdb.com/igdb/image/upload/t_cover_big/co24h8.jpg,1.00,2026-08-23
Fire Emblem: Awakening,igdb,1443,fire-emblem-awakening,Fire Emblem Awakening,2012-04-19,Role-playing (RPG);Strategy;Turn-based strategy (TBS);Tactical,90,,https://images.igdb.com/igdb/image/upload/t_cover_big/cobcko.jpg,1.00,2026-08-23
Fire Emblem: Path of Radiance,igdb,1441,fire-emblem-path-of-radiance,Fire Emblem: Path of Radiance,2005-04-20,Role-playing (RPG);Strategy;Turn-based strategy (TBS);Tactical,80,,https://images.igdb.com/igdb/image/upload/t_cover_big/co1ofh.jpg,1.00,2026-08-23
FIRE EMBLEM: THREE HOUSES,igdb,26845,fire-emblem-three-houses,Fire Emblem: Three Houses,2019-07-26,Role-playing (RPG);Strategy;Turn-based strategy (TBS);Tactical;Adventure,93,,https://images.igdb.com/igdb/image/upload/t_cover_big/co1n8t.jpg,1.00,2026-08-23
Fire Pro Wrestling Returns,igdb,28767,fire-pro-wrestling-returns,Fire Pro Wrestling Returns,2005-09-15,Fighting;Sport,,,https://images.igdb.com/igdb/image/upload/t_cover_big/cocj02.jpg,1.00,2026-08-23
Fire Pro Wrestling World*,igdb,27547,fire-pro-wrestling-world,Fire Pro Wrestling World,2017-12-18,Fighting;Simulator;Sport,78,,https://images.igdb.com/igdb/image/upload/t_cover_big/co206j.jpg,1.00,2026-08-23
Firefighting Simulator - The Squad,igdb,228376,firefighting-simulator-the-squad,Firefighting Simulator: The Squad,2021-11-17,Simulator;Strategy,,,https://images.igdb.com/igdb/image/upload/t_cover_big/co5uzb.jpg,1.00,2026-08-23
Firewall Zero Hour™,igdb,76966,firewall-zero-hour,Firewall Zero Hour,2018-08-28,Shooter;Tactical,79,,https://images.igdb.com/igdb/image/upload/t_cover_big/co27qh.jpg,1.00,2026-08-23
Firewatch,igdb,9730,firewatch,Firewatch,2016-02-09,Adventure;Indie,79,,https://images.igdb.com/igdb/image/upload/t_cover_big/cob1ts.jpg,1.00,2026-08-23
Fireworks,igdb,216066,fireworks--1,Fireworks,2022-02-01,Arcade,,,https://images.igdb.com/igdb/image/upload/t_cover_big/co56nr.jpg,1.00,2026-08-23
First Class Trouble,igdb,121898,first-class-trouble,First Class Trouble,2021-04-08,Indie,,,https://images.igdb.com/igdb/image/upload/t_cover_big/co45ke.jpg,1.00,2026-08-23
Fishing: North Atlantic,igdb,139507,fishing-north-atlantic,Fishing: North Atlantic,2020-10-16,Simulator;Adventure,,,https://images.igdb.com/igdb/image/upload/t_cover_big/co2i8s.jpg,1.00,2026-08-23
Five Nights At Freddy's,igdb,223088,five-nights-at-freddys--1,Five Nights at Freddy's,2014-08-25,Simulator;Strategy;Adventure;Indie,,,https://images.igdb.com/igdb/image/upload/t_cover_big/co8het.jpg,1.00,2026-08-23
Flame Over,igdb,26902,flame-over,Flame Over,2015-03-11,Shooter;Simulator;Indie,,,https://images.igdb.com/igdb/image/upload/t_cover_big/co60qm.jpg,1.00,2026-08-23
Flappy Bird,igdb,298312,flappy-bird--9,Flappy Bird,2021-07-26,Platform;Arcade,,,https://images.igdb.com/igdb/image/upload/t_cover_big/co83nw.jpg,1.00,2026-08-23
Flashback,igdb,19833,flashback--1,Flashback,2013-08-21,Platform;Role-playing (RPG);Adventure,49,,https://images.igdb.com/igdb/image/upload/t_cover_big/co3m8n.jpg,1.00,2026-08-23
Flashback (2013),igdb,19833,flashback--1,Flashback,2013-08-21,Platform;Role-playing (RPG);Adventure,49,,https://images.igdb.com/igdb/image/upload/t_cover_big/co3m8n.jpg,1.00,2026-08-23
Flatout,igdb,2667,flatout,FlatOut,2004-11-05,Racing;Simulator,80,,https://images.igdb.com/igdb/image/upload/t_cover_big/co97i2.jpg,1.00,2026-08-23
FlatOut 2,igdb,2668,flatout-2,FlatOut 2,2006-06-30,Racing;Sport;Arcade,82,,https://images.igdb.com/igdb/image/upload/t_cover_big/co97i4.jpg,1.00,2026-08-23
Flatout 4: Total Insanity*,igdb,27043,flatout-4-total-insanity,FlatOut 4: Total Insanity,2017-03-17,Racing,66,,https://images.igdb.com/igdb/image/upload/t_cover_big/co1svu.jpg,1.00,2026-08-23
FlatOut: Ultimate Carnage,igdb,3777,flatout-ultimate-carnage,FlatOut: Ultimate Carnage,2007-07-22,Racing;Arcade,80,,https://images.igdb.com/igdb/image/upload/t_cover_big/co1rr4.jpg,1.00,2026-08-23
Flight Control,igdb,15103,flight-control,Flight Control,2010-02-19,Strategy,,,https://images.igdb.com/igdb/image/upload/t_cover_big/co84h1.jpg,1.00,2026-08-23
Flight of the Amazon Queen,igdb,8789,flight-of-the-amazon-queen,Flight of the Amazon Queen,1995-12-31,Point-and-click;Puzzle;Adventure,,,https://images.igdb.com/igdb/image/upload/t_cover_big/co2i9b.jpg,1.00,2026-08-23
Flintlock: The Siege of Dawn,igdb,194436,flintlock-the-siege-of-dawn,Flintlock: The Siege of Dawn,2024-07-18,Role-playing (RPG);Adventure;Indie,58,,https://images.igdb.com/igdb/image/upload/t_cover_big/co84rp.jpg,1.00,2026-08-23
Flipnic,,,,Flipnic: Ultimate Pinball,,,,,,0.45,2026-08-23
Floodland,igdb,214497,floodland,Floodland,2022-11-15,Strategy,78,,https://images.igdb.com/igdb/image/upload/t_cover_big/co54fs.jpg,1.00,2026-08-23
Floor Plan,igdb,145348,floor-plan-2,Floor Plan 2,2021-04-01,Point-and-click;Puzzle;Adventure;Indie,,,https://images.igdb.com/igdb/image/upload/t_cover_big/co2wyf.jpg,0.91,2026-08-23
Florence,igdb,87672,florence,Florence,2018-02-13,Puzzle;Adventure;Indie,80,,https://images.igdb.com/igdb/image/upload/t_cover_big/co295l.jpg,1.00,2026-08-23
flOw,igdb,1353,flow,flOw,2006-04-14,Puzzle;Simulator,75,,https://images.igdb.com/igdb/image/upload/t_cover_big/co1iod.jpg,1.00,2026-08-23
Flower,igdb,1354,flower,Flower,2009-02-12,Puzzle;Simulator;Adventure,83,,https://images.igdb.com/igdb/image/upload/t_cover_big/co1q8r.jpg,1.00,2026-08-23
FLUSTER CLUCK,igdb,52210,fluster-cluck,Fluster Cluck,2014-10-21,Shooter,,,https://images.igdb.com/igdb/image/upload/t_cover_big/co3d5m.jpg,1.00,2026-08-23
Flywrench,igdb,12072,flywrench,Flywrench,2015-08-24,Indie,79,,https://images.igdb.com/igdb/image/upload/t_cover_big/co3zrr.jpg,1.00,2026-08-23
Foamstars,igdb,250623,foamstars,Foamstars,2024-02-06,Shooter,60,,https://images.igdb.com/igdb/image/upload/t_cover_big/co7q7u.jpg,1.00,2026-08-23
Folklore,igdb,7307,folklore,Folklore,2007-06-21,Role-playing (RPG);Adventure,77,,https://images.igdb.com/igdb/image/upload/t_cover_big/cob94f.jpg,1.00,2026-08-23
Football Manager 2010,igdb,716,football-manager-2010,Football Manager 2010,2009-10-30,Simulator;Sport;Strategy,85,,https://images.igdb.com/igdb/image/upload/t_cover_big/co2k6w.jpg,1.00,2026-08-23
Football Manager 2020,igdb,122080,football-manager-2020,Football Manager 2020,2019-11-19,Simulator;Sport,88,,https://images.igdb.com/igdb/image/upload/t_cover_big/co20ui.jpg,1.00,2026-08-23
Football Manager 2021,igdb,139077,football-manager-2021,Football Manager 2021,2020-11-23,Simulator;Sport,88,,https://images.igdb.com/igdb/image/upload/t_cover_big/co2hkv.jpg,1.00,2026-08-23
Football Manager 2024,igdb,266382,football-manager-2024,Football Manager 2024,2023-11-06,Simulator;Sport;Strategy,84,,https://images.igdb.com/igdb/image/upload/t_cover_big/co73z1.jpg,1.00,2026-08-23
For Honor,,,,For Honor: Season 13 - Hope,,,,,,0.47,2026-08-23
For the King,,,,The King of Fighters XV,,,,,,0.46,2026-08-23
Forbidden Siren,igdb,14411,forbidden-siren-2,Forbidden Siren 2,2006-02-09,Adventure,80,,https://images.igdb.com/igdb/image/upload/t_cover_big/co1ova.jpg,0.94,2026-08-23
Foreclosed,igdb,134579,foreclosed,Foreclosed,2021-08-12,Shooter;Role-playing (RPG);Adventure;Indie,65,,https://images.igdb.com/igdb/image/upload/t_cover_big/co29md.jpg,1.00,2026-08-23
Forever skies,igdb,187096,forever-skies,Forever Skies,2025-04-14,Simulator;Adventure,,,https://images.igdb.com/igdb/image/upload/t_cover_big/co92li.jpg,1.00,2026-08-23
Forgive Me Father,igdb,165479,forgive-me-father,Forgive Me Father,2021-10-26,Shooter;Indie,70,,https://images.igdb.com/igdb/image/upload/t_cover_big/co6bkp.jpg,1.00,2026-08-23
FORGOTTEN REALMS: DEMON STONE,igdb,356895,forgotten-realms-demon-stone--1,Forgotten Realms: Demon Stone,2025-08-12,Role-playing (RPG),,,https://images.igdb.com/igdb/image/upload/t_cover_big/coa60f.jpg,1.00,2026-08-23
Forgotten Worlds,igdb,6794,forgotten-worlds,Forgotten Worlds,1988-12-31,Shooter;Arcade,,,https://images.igdb.com/igdb/image/upload/t_cover_big/co26j3.jpg,1.00,2026-08-23
FORM,igdb,187761,form--1,Form,,Puzzle;Adventure,,,,1.00,2026-08-23
